,time,value
0,1648179757.1135314,-5.0
1,1648441138.0334408,8.0
2,1648608540.266302,8.0
3,1648609501.225792,-6.0
4,1648616120.6561215,-11.0
5,1648842301.9614909,-7.0
6,1648880831.877076,7.0
7,1649050302.21673,8.0
8,1649050662.4893157,-8.0
9,1649109348.9055433,-7.0
