,time,value
0,1648916220.4449902,2865.0
1,1648917421.7371376,2846.0
2,1648918930.088277,2851.0
3,1648920250.9617636,2843.0
4,1648921692.1717937,2846.0
5,1648923080.4666314,2847.0
6,1648924162.030645,2853.0
7,1648925670.5130336,2858.0
8,1648925909.928485,2854.0
9,1649004869.670111,2841.0
