,time,value
0,1648916220.5889766,-18.0
1,1648917421.991576,-19.0
2,1648918930.2077537,5.0
3,1648920251.09291,-8.0
4,1648921692.3172534,3.0
5,1648923080.6576614,1.0
6,1648924162.1330557,6.0
7,1648925670.6297843,5.0
8,1648925910.0652783,-4.0
9,1649004869.8229363,-13.0
