,time,value
0,1648179756.9372056,1867.0
1,1648441137.918414,1875.0
2,1648608540.150512,1883.0
3,1648609501.1121233,1877.0
4,1648616120.567117,1866.0
5,1648842301.845689,1859.0
6,1648880831.389424,1866.0
7,1649050302.0634506,1874.0
8,1649050662.374488,1866.0
9,1649109348.8195794,1859.0
