,time,value
0,1648662141.5520637,0.3538930096760752
1,1648674290.2243578,0.1085173511487233
2,1648760773.4919555,0.0013300692880177
3,1648847055.4135303,0.0003712155638355
4,1649106514.877392,-0.0264897947304854
