,time,value
0,1648662141.808162,0.34624144517250743
1,1648674290.8584049,0.1267017512003485
2,1648760774.5946805,-0.010948277643554882
3,1648847056.3234992,-0.0028663221341272
4,1649106515.9068313,-0.025919906668245618
