,time,value
0,1648662141.6295552,0.32970010987492937
1,1648674290.4211235,0.10123072409456413
2,1648760774.1742067,0.005461799330265471
3,1648847055.6186235,0.0010463371067694904
4,1649106515.2590857,-0.04696054684392781
