,time,value
0,1648662141.9447548,0.2840587250250196
1,1648674291.2204404,0.1381964571189073
2,1648760775.3366065,-0.019707177774948
3,1648847056.831919,-0.0056170075602932
4,1649106516.6159613,-0.0216942599421232
