,time,value
0,1648662141.3742144,0.3613757681569201
1,1648674289.8845947,0.12056090705566885
2,1648760771.9604144,-0.009095677558255355
3,1648847054.8975964,-0.00036475828988508097
4,1649106514.129554,-0.0023642647964784436
