,time,value
0,1648662141.808162,0.3462414451725074
1,1648674290.8584049,0.1267017512003485
2,1648760774.5946803,-0.0109482776435548
3,1648847056.3234992,-0.0028663221341272
4,1649106515.9068313,-0.0259199066682456
