,time,value
0,1648662141.9447548,0.2840587250250196
1,1648674291.2204404,0.13819645711890732
2,1648760775.3366063,-0.019707177774948015
3,1648847056.831919,-0.0056170075602932495
4,1649106516.6159613,-0.021694259942123262
