,time,value
0,1648662141.295756,0.3623203275768095
1,1648674289.7471745,0.1123667900784171
2,1648760771.0645049,-0.0043310762256043
3,1648847054.638466,0.0051558231605884
4,1649106513.9649456,0.0012465860513644
