,time,value
0,1648662141.4407718,0.3474639300162352
1,1648674290.063906,0.148188252166356
2,1648760772.6891131,-0.010077428594297833
3,1648847055.1320512,-0.014621580094135916
4,1649106514.431898,0.0025596173899746777
