,time,value
0,1648662141.6295552,0.3297001098749293
1,1648674290.4211235,0.1012307240945641
2,1648760774.1742067,0.0054617993302654
3,1648847055.6186235,0.0010463371067694
4,1649106515.2590857,-0.0469605468439278
