,time,value
0,1648662141.5520637,0.35389300967607523
1,1648674290.2243578,0.10851735114872335
2,1648760773.4919555,0.00133006928801771
3,1648847055.4135303,0.0003712155638355835
4,1649106514.877392,-0.026489794730485405
