,time,value
0,1648662141.7072902,0.28394032104669903
1,1648674290.6473072,0.08455524071505927
2,1648760774.3899403,0.024213231219981646
3,1648847055.956586,0.0030311285574662547
4,1649106515.6101294,-0.0636480711021149
5,1649192642.5888102,0.050492712021323216
