,time,value
0,1648662141.8837893,0.3234888393113744
1,1648674291.0240464,0.14614648556330972
2,1648760774.9278228,-0.018781924492136337
3,1648847056.5149333,-0.005338330875536437
4,1649106516.2673836,-0.04604818445582226
