,time,value
0,1648662141.3742144,0.3613757681569201
1,1648674289.884595,0.1205609070556688
2,1648760771.9604144,-0.0090956775582553
3,1648847054.8975964,-0.000364758289885
4,1649106514.129554,-0.0023642647964784
