,time,value
0,1648662141.7072902,0.283940321046699
1,1648674290.6473072,0.0845552407150592
2,1648760774.3899405,0.0242132312199816
3,1648847055.956586,0.0030311285574662
4,1649106515.6101294,-0.0636480711021149
5,1649192642.5888102,0.0504927120213232
