,time,value
0,1648662141.8837893,0.3234888393113744
1,1648674291.0240464,0.1461464855633097
2,1648760774.9278228,-0.0187819244921363
3,1648847056.514933,-0.0053383308755364
4,1649106516.2673836,-0.0460481844558222
