,time,value
0,1648662141.4407718,0.3474639300162352
1,1648674290.063906,0.148188252166356
2,1648760772.6891131,-0.0100774285942978
3,1648847055.1320512,-0.0146215800941359
4,1649106514.431898,0.0025596173899746
