,time,value
0,1651231417.55337,-2.0
1,1651232917.7162883,1.0
2,1651235317.230732,-5.0
3,1651238017.615926,-2.0
4,1651241317.756279,-5.0
5,1651241617.4006371,-5.0
