,time,value
0,1648651417.9892209,0.09375
1,1648834117.3656087,0.0625
2,1649111317.5191271,0.046875
