,time,value
0,1651232917.699305,2.0
1,1651235317.231841,8.0
2,1651238017.6163538,2.0
3,1651241317.762592,8.0
4,1651241617.400867,10.0
