,time,value
0,1651231417.5534835,-0.0007760962748886158
1,1651232917.716862,0.00038707180665209506
2,1651235317.2308598,-0.0019398648178263755
3,1651238017.6162014,-0.0007730962889880288
4,1651241317.777066,-0.001932367751053654
5,1651241617.401453,-0.0019368590211481518
