,time,value
0,1648651417.9560647,-0.015625
1,1648834117.3598042,0.03125
2,1649111317.519718,0.015625
