,time,value
0,1651232917.7151845,24.0
1,1651235317.2318528,198.0
2,1651238017.615907,114.0
3,1651241317.7589648,280.0
4,1651241617.3955674,243.0
