,time,value
0,1648651417.9841375,20547.0
1,1648834117.3828564,14398.0
2,1649111317.519822,591.0
