,time,value
0,1649340817.3997412,0.0234375
