,time,value
0,1651235317.3302355,-0.0009411765400635375
1,1651238017.6976147,-0.0004753335912672796
2,1651241317.856888,0.007199650742048647
3,1651241617.478045,0.004125111513152646
