,time,value
0,1651235317.3302355,-0.0009411765400635
1,1651238017.697615,-0.0004753335912672
2,1651241317.856888,0.0071996507420486
3,1651241617.478045,0.0041251115131526
