,time,value
0,1651238017.8673103,0.4000000000000057
1,1651241617.5770357,0.75
