,time,value
0,1649340817.4470618,0.00020623517757822896
