,time,value
0,1648651417.9902754,-0.0001274778508966
1,1648834117.4120214,0.0002553952254968
2,1649111317.5214958,0.000127869062255
3,1649152417.7863555,0.0002566405762838
4,1649169817.6983178,-0.0009027017184006
