,time,value
0,1651238017.8669553,2.0
1,1651241617.6033175,11.0
