,time,value
0,1651238017.8488004,0.3499999999999943
1,1651241617.5769167,0.05000000000001137
