,time,value
0,1651235317.3076277,0.5199999999999818
1,1651238017.6976304,1.200000000000017
2,1651241317.8568475,1.1299999999999955
3,1651241617.4950647,0.8299999999999841
