,time,value
0,1651238017.848659,0.0022948948683385
1,1651241617.6033175,0.0042643987864572
