,time,value
0,1651238017.848659,0.0022948948683385595
1,1651241617.6033177,0.004264398786457235
