,time,value
0,1651235317.3302636,130.0
1,1651238017.6977308,95.0
2,1651241317.856815,113.0
3,1651241617.495065,102.0
