,time,value
0,1651231417.5534835,-0.0007760962748886
1,1651232917.716862,0.000387071806652
2,1651235317.2308598,-0.0019398648178263
3,1651238017.6162014,-0.000773096288988
4,1651241317.777066,-0.0019323677510536
5,1651241617.401453,-0.0019368590211481
