,time,value
0,1651235317.3298538,-0.13999999999998636
1,1651238017.6976595,-0.0700000000000216
2,1651241317.857741,1.0600000000000023
3,1651241617.4780757,0.6100000000000136
