,time,value
0,1648651417.9902754,-0.0001274778508966179
1,1648834117.4120214,0.00025539522549689053
2,1649111317.5214958,0.00012786906225503714
3,1649152417.7863555,0.00025664057628382864
4,1649169817.6983178,-0.000902701718400678
