,time,value
0,1649340817.4470618,0.0002062351775782
