,time,value
0,1648245602.5205297,0.39894735079860955
1,1648332002.7213933,0.39894735079860955
2,1648418402.5967312,0.39894735079860955
3,1648504803.833034,0.44925335408423206
4,1648591209.3286605,0.6419005899694087
5,1648677608.3659694,0.49063793459152344
6,1648764007.3412592,0.5086948109955726
7,1648850405.9849505,0.5177174744290104
8,1648936802.6810598,0.5177174744290104
9,1649023204.1822171,0.5177174744290104
10,1649109609.2922714,0.4791128824366891
