,time,value
0,1649442594.6025128,1.4289118887577388
1,1649443494.12634,0.0
2,1649444394.334511,-0.4760771334858873
3,1649445293.936396,-0.762195158850318
4,1649448895.5900424,0.0
5,1649449795.2562327,0.4749465774389136
