,time,value
0,1649442594.6027722,3.207987067683007
1,1649443494.126635,1.2447765455422086
2,1649444394.3346796,0.0
3,1649445293.9366708,0.10662306977928893
4,1649448895.5901954,0.7104796035982872
5,1649449795.256517,0.0
