,time,value
0,1649446725.1075597,-0.9520787770916286
1,1649447024.755394,0.2381046878190318
2,1649447325.294951,-0.5556658210052774
3,1649447625.2944229,-2.5441260343613976
4,1649447925.902046,0.1591976442114173
5,1649448225.9007192,-0.1591976442114173
