,time,value
0,1650562215.359441,-7.517603634285479
1,1650567915.7419755,-0.663349941406068
