,time,value
0,1650562215.3569698,0.13632955418597703
