,time,value
0,1650562215.3607025,0.204269227550867
1,1650567915.7433083,-10.298752200574654
