,time,value
0,1650562215.360914,-0.28789405697716575
1,1650567915.7435622,-5.652598571422459
