,time,value
0,1650562215.3570697,0.6914832590841797
