,time,value
0,1649446725.1083446,0.0
1,1649447024.7558928,0.7584376548625187
2,1649447325.2954838,-1.2643825176660357
3,1649447625.2947495,-0.25306845636760045
4,1649447925.9025602,-3.041827440484667
5,1649448225.9563115,-0.5078720271685597
