,time,value
0,1650562215.3556962,-1.8593586852502995
1,1650567915.7373142,-3.952721706829834
