,time,value
0,1649446725.1085289,-0.2719238629942992
1,1649447024.756407,1.087252077748417
2,1649447325.2956123,-1.903467603950048
3,1649447625.2948196,-2.589086409166157
4,1649447925.9078958,-0.8190008647798095
5,1649448225.9564576,0.4095842776896461
