,time,value
0,1649446725.108889,-1.2113871862966334
1,1649447024.7566805,0.173145182666758
2,1649447325.2958994,-2.0797234532483344
3,1649447625.2949567,-2.084057718530403
4,1649447925.9082005,0.7820307128367858
5,1649448225.956745,-0.7820307128367858
