,time,value
0,1650562215.3607025,0.20426922755086707
1,1650567915.7433085,-10.298752200574654
