,time,value
0,1650562215.3659873,1.8704705009213285
1,1650567915.7502632,-8.043573057446793
