,time,value
0,1650562215.3655863,0.0
1,1650567915.749756,0.0
