,time,value
0,1650562215.3866975,4.4198966981516605
