,time,value
0,1650562215.3784707,-15.994654115695539
