,time,value
0,1650562215.385949,-1.7482521935289697
