,time,value
0,1650562215.3676927,-4.535094850452879
