,time,value
0,1650562215.3754716,-0.7713074042235348
