,time,value
0,1650562215.3733847,-0.8924587830197197
1,1650567915.7563722,2.498662731370132
