,time,value
0,1650562215.3819187,-2.830858224524036
