,time,value
0,1650562215.3660862,1.9249284095844814
