,time,value
0,1650562215.3662782,-8.834846903714151
