,time,value
0,1650562215.378471,-15.99465411569554
