,time,value
0,1650562215.3655863,0.0
1,1650567915.7497559,0.0
