,time,value
0,1650562215.399967,-12.701434465267994
