,time,value
0,1650562215.4023602,-3.9215736531823495
