,time,value
0,1649446725.111478,-0.7423905314981312
1,1649447024.7585566,-0.7429420846933681
2,1649447325.3460157,-0.7434944580409137
3,1649447625.2960043,-1.8611581772925088
4,1649447925.910364,-1.491424586670291
5,1649448225.9595523,0.0
