,time,value
0,1650562215.4047623,-3.539826705124142
1,1650567915.7746577,-3.8917438116141057
