,time,value
0,1650562215.3868804,-7.726936918478714
1,1650567915.761801,-1.3914365662835737
