,time,value
0,1650562215.402529,-2.9019012092812773
1,1650567915.772963,-1.6705340311855252
