,time,value
0,1650562215.403251,-1.9970051569357563
1,1650567915.7734196,-3.5362502119828605
