,time,value
0,1649446725.1111443,-3.5906681307287727
1,1649447024.7582905,1.4873577357757313
2,1649447325.3457623,-0.3716320885141613
3,1649447625.295871,-0.8676790132221868
4,1649447925.9100714,-2.483239418607809
5,1649448225.959279,-1.2439359733152742
