,time,value
0,1650562215.3933625,-2.173126534313269
