,time,value
0,1650562215.400178,-1.1383040500613788
