,time,value
0,1649446725.1116486,-0.5651314080892007
1,1649447024.758686,11.80120467501456
2,1649447325.346175,0.0
3,1649447625.2960725,2.7894020875787646
4,1649447925.9104936,0.0
5,1649448225.9596908,0.0
