,time,value
0,1649446725.113772,0.0
1,1649447024.759839,0.0
2,1649447325.3473606,0.0
3,1649447625.2966952,0.0
4,1649447925.911814,0.0
5,1649448226.0736806,0.0
