,time,value
0,1649446725.113971,-1.3850417726616797
1,1649447024.7599587,0.2309735545550211
2,1649447325.347495,-1.617936328903852
3,1649447625.2967622,-1.38888911215372
4,1649447925.9119434,0.46317740522317763
5,1649448226.0740383,0.6943641061302515
