,time,value
0,1650562215.407149,0.0
1,1650567915.7763126,5.884842540245245
