,time,value
0,1650562215.4162807,-6.270647609981097
1,1650567915.782588,-9.895258938412098
