,time,value
0,1649687875.9002962,-7.47667034302026
1,1649690576.1187172,-1.8779348242001104
2,1649693275.4005263,-8.494623991422941
3,1649695976.1961854,0.1895554929378704
4,1649698676.4743865,4.538585703008039
5,1649701376.4223042,0.0
6,1649704076.494163,1.8850146957713605
7,1649706777.967673,-19.0119794885718
8,1649709476.786157,0.0
9,1649712176.5888717,0.0
