,time,value
0,1649446725.1143095,0.407969000014873
1,1649447024.7601938,0.0
2,1649447325.3477564,0.8154390231679827
3,1649447625.2969332,-1.4954798518238022
4,1649447925.9122074,0.9519277253823475
5,1649448226.0744553,-2.313398323703268
