,time,value
0,1650562215.4238534,-12.766779794686954
1,1650567915.788519,-4.832412865696824
