,time,value
0,1650562215.4144242,-3.1310237524694458
