,time,value
0,1650562215.42259,-1.5056464575873179
