,time,value
0,1650562215.4253798,-6.413214834713472
