,time,value
0,1650562215.4373343,-2.2271724128245296
1,1650567915.7978456,-3.344484722847028
