,time,value
0,1649446725.116027,-2.0561845583933973
1,1649447024.762267,0.8896797739871545
2,1649447325.387653,-0.8896797739871545
3,1649447625.2976422,-5.131076511293031
4,1649447925.9324563,-3.5850363290710447
5,1649448226.0758514,3.249484622997443
