,time,value
0,1649446725.0903685,0.870700969243444
1,1649447024.7471955,0.1740492563785665
2,1649447325.0845752,-0.8705493715979173
3,1649447625.2798176,-1.0456606041652776
4,1649447925.8146896,0.6101015572512551
5,1649448225.7145314,0.9579796073371654
