,time,value
0,1650562215.433204,-4.204631282033006
1,1650567915.7946773,-5.368797249634554
