,time,value
0,1650562215.4432185,-2.1975615920000564
