,time,value
0,1650562215.4291375,0.2898130725975534
