,time,value
0,1650562215.426086,0.0
1,1650567915.7899709,0.0
