,time,value
0,1650562215.4326386,2.2522532043253705
1,1650567915.794243,0.0
