,time,value
0,1650562215.436069,-2.4774973445346404
1,1650567915.7966402,-7.070106389692228
