,time,value
0,1650562215.4427817,-2.5216454481578694
