,time,value
0,1650562215.4358456,-6.548811878905326
1,1650567915.7964675,-12.137708014424334
