,time,value
0,1650562215.4492893,0.779362520939685
