,time,value
0,1650562215.446649,-7.153837356618169
