,time,value
0,1650562215.4448588,-3.0571325001101286
