,time,value
0,1649446725.117111,-0.2185553500125934
1,1649447024.763033,0.10928364581150163
2,1649447325.3884943,0.5462391570790714
3,1649447625.2980464,1.5278841780532275
4,1649447925.9332633,2.178650099222068
5,1649448226.082254,-0.4353504639939274
