,time,value
0,1650562215.4526615,0.832457979216997
1,1650567915.8167753,2.02304755723344
