,time,value
0,1650562215.4476376,0.15575111004136488
