,time,value
0,1649446725.118037,-1.593625835277635
1,1649447024.763715,1.1158046905657102
2,1649447325.3892334,-2.3925364311808153
3,1649447625.2984207,-0.8520609739061911
4,1649447925.93798,0.7455930472679029
5,1649448226.0829494,0.9578035106733296
