,time,value
0,1650562215.4471595,-4.048588526000458
