,time,value
0,1650562215.4595551,-2.998783992179142
1,1650567915.8587258,-3.0343281388572905
