,time,value
0,1649446725.1207502,-0.6800793688025806
1,1649447024.7640371,-0.5954490854319374
2,1649447325.389758,-0.9364226504003454
3,1649447625.2987063,-1.8185956364768567
4,1649447925.9385026,0.0568812036217423
5,1649448226.083466,-0.1137656428982154
