,time,value
0,1650562215.46462,-1.970929438213716
