,time,value
0,1650562215.5304067,-11.567936036421088
