,time,value
0,1649446725.1207502,-0.6800793688025806
1,1649447024.7640371,-0.5954490854319374
2,1649447325.3897579,-0.9364226504003454
3,1649447625.2987063,-1.8185956364768572
4,1649447925.9385026,0.056881203621742316
5,1649448226.083466,-0.11376564289821545
