,time,value
0,1649446725.1217318,-1.6090108057005637
1,1649447024.7645438,-1.6116038943414424
2,1649447325.390429,0.0
3,1649447625.2990723,0.0
4,1649447925.939189,0.0
5,1649448226.0840893,0.0
