,time,value
0,1650562215.4552426,5.549497131334647
1,1650567915.8541791,-14.128422469502311
