,time,value
0,1650562215.4601312,-2.773926882724936
