,time,value
0,1650562215.4616418,-7.011422237803799
