,time,value
0,1650562215.4547513,-5.026513964698097
1,1650567915.8534768,3.5319304305867263
