,time,value
0,1650562215.5355916,-6.791804481467807
