,time,value
0,1650562215.5342848,2.894358026364557
