,time,value
0,1650562215.548283,-3.184716067520185
