,time,value
0,1650562215.541704,0.8707009692438987
1,1650567915.897519,-6.148460300452825
