,time,value
0,1650562215.5439029,-17.566323717898968
