,time,value
0,1650562215.541297,-1.3932429979245171
1,1650567915.8967164,0.6985679641397837
