,time,value
0,1650562215.5382535,-8.28975078817166
1,1650567915.8866065,-8.59956802972738
