,time,value
0,1650562215.5334988,-3.678463522459424
1,1650567915.8835645,-0.6506886684410347
