,time,value
0,1650562215.5394182,-3.281381123178108
