,time,value
0,1650562215.5394182,-3.2813811231781074
