,time,value
0,1650562215.552348,-6.695386082984896
