,time,value
0,1650562215.5512276,4.140792666031302
