,time,value
0,1650562215.5392377,-5.379972626806193
