,time,value
0,1650562215.5437305,3.7589613155687402
