,time,value
0,1650562215.5365503,-2.4742280663513156
