,time,value
0,1650562215.5421271,-4.152410433129262
1,1650567915.8978274,-6.446527640694512
