,time,value
0,1650562215.5506945,-3.6084313394248966
