,time,value
0,1650562215.5405455,-2.807676154198816
