,time,value
0,1649446725.12241,-1.4132741385874397
1,1649447024.7649837,1.4675909686702653
2,1649447325.390932,-0.5433011108325445
3,1649447625.2993972,-2.3395641673378123
4,1649447925.9415329,-0.05447364838619251
5,1649448226.0846026,0.49015604281794367
