,time,value
0,1650562215.5644548,-2.733592884950667
