,time,value
0,1650562215.5648181,9.945951812135263
1,1650567916.1643312,-10.170486454353522
