,time,value
0,1650562215.569873,2.270884998605652
