,time,value
0,1650562215.5543308,-8.858838550529981
