,time,value
0,1650562215.5641184,2.539863084006356
