,time,value
0,1650562215.5547183,3.2809061564189506
