,time,value
0,1650562215.5660226,3.986337852894394
