,time,value
0,1650562215.5680196,-9.71027200273329
