,time,value
0,1649687875.9039605,-8.046861269871442
1,1649690576.123799,-4.416643175094578
