,time,value
0,1650562215.5577698,-1.9745115013101895
