,time,value
0,1650562215.5555935,-0.7515971793122844
