,time,value
0,1650562215.55327,-2.9712270161753622
1,1650567916.153653,-4.84061521914191
