,time,value
0,1650562215.5732467,-0.6434661597968443
1,1650567916.1765263,-5.879038534448227
