,time,value
0,1649446725.2767942,0.0
1,1649447024.7679296,0.0
2,1649447325.4817023,-0.6213109861255361
3,1649447625.302389,0.0
4,1649447926.0308318,0.3107037464797031
5,1649448226.139332,0.0
