,time,value
0,1650562215.571556,0.5371691316613578
