,time,value
0,1649446725.2750175,0.0
1,1649447024.767272,-0.4751722588816847
2,1649447325.4440777,0.0
3,1649447625.3015277,0.4751722588816847
4,1649447925.9540696,2.3724803536301806
5,1649448226.1381445,-2.8476526125118653
