,time,value
0,1650562215.573636,7.858586612521094
1,1650567916.1767893,-2.986562697748923
