,time,value
0,1649446725.275186,0.0
1,1649447024.767357,0.0
2,1649447325.4442065,0.0
3,1649447625.3015964,0.0
4,1649447925.9542027,1.4687885137500416
5,1649448226.138272,0.0
