,time,value
0,1649446725.2757392,-2.2390526311819485
1,1649447024.767563,-0.9894133586412864
2,1649447325.4446042,0.5937654800864038
3,1649447625.3018353,-3.5678927839007883
4,1649447925.9546075,-0.7945967839614241
5,1649448226.138697,0.3973773149846238
