,time,value
0,1649446725.2755203,0.21303792155504198
1,1649447024.7674956,-1.705575512060932
2,1649447325.4444726,-1.281093374741431
3,1649447625.3017485,-2.4064826180829186
4,1649447925.9544775,-0.6962856123418533
5,1649448226.1385398,1.1780456516353297
