,time,value
0,1650562215.1896634,0.20329335300766616
