,time,value
0,1650562215.1906855,-2.029770656286928
