,time,value
0,1650562215.1915774,0.5375862507394231
