,time,value
0,1650562215.1936376,-6.121635223639714
1,1650567915.4061768,-5.948532121386961
