,time,value
0,1649446725.0936527,0.0
1,1649447024.7483678,-0.413479435289446
2,1649447325.1371915,0.0
3,1649447625.280994,0.0
4,1649447925.8382788,0.0
5,1649448225.7159207,0.0
