,time,value
0,1650562215.1990325,-4.978365260363262
1,1650567915.4187722,-0.2161461156151745
