,time,value
0,1650562215.1983657,-4.024529649892429
1,1650567915.4182677,-4.58263065617848
