,time,value
0,1649446725.0942001,-0.7833103092498277
1,1649447024.7487514,-0.7316436176906791
2,1649447325.1378298,-1.3601885434773067
3,1649447625.2813687,-2.306080686549649
4,1649447925.8386698,-1.470279617938104
5,1649448225.7163,1.7850584883826741
