,time,value
0,1650562215.1988661,3.846158587478385
