,time,value
0,1650562215.2011597,-9.661910911736868
