,time,value
0,1650562215.2024121,1.1883542693785785
