,time,value
0,1650562215.202412,1.1883542693785785
