,time,value
0,1650562215.2046735,-1.2518257424435433
