,time,value
0,1650562215.2057292,3.647420457043154
