,time,value
0,1650562215.2060666,-2.0618564005590088
1,1650567915.4318836,-0.8261049623051804
