,time,value
0,1650562215.2083983,-4.659757619921038
1,1650567915.4336586,-3.477213779034173
