,time,value
0,1650562215.2071173,-1.8785227815978944
1,1650567915.4327393,-3.2170768065498123
