,time,value
0,1650562215.208034,-0.8479766843452126
1,1650567915.4333758,-5.400041543466614
