,time,value
0,1650562215.2092776,-2.9814360071045485
