,time,value
0,1649687875.8932443,4.146925374155671
1,1649690576.1058736,-21.51263123346189
2,1649693275.3934112,1.5089787079386952
3,1649695976.1803844,-4.836768800613754
4,1649698676.442548,1.8165309263981726
