,time,value
0,1650562215.2153924,-9.200308758536721
1,1650567915.437705,-19.62960855691972
