,time,value
0,1649446725.0957172,-1.803065699346007
1,1649447024.7494805,-0.6017450788331189
2,1649447325.1389737,-1.003713825106388
3,1649447625.2825308,-3.4201823904363664
4,1649447925.839821,-0.6047777626126845
5,1649448225.789797,1.8132371241804321
