,time,value
0,1650562215.2202895,-4.690125850414006
