,time,value
0,1650562215.2202897,-4.690125850414006
