,time,value
0,1650562215.2247057,-1.5145033020316987
