,time,value
0,1649446725.088416,-1.1907650969287715
1,1649447024.7460349,-1.059649531798641
2,1649447325.0831273,-2.476891000485012
3,1649447625.2782576,-0.84176953777569
4,1649447925.808476,0.3988212668909909
5,1649448225.6807384,0.53151438554778
