,time,value
0,1650562215.2285929,2.0484814264723354
