,time,value
0,1650562215.2284117,-6.905011971030035
