,time,value
0,1650562215.2291088,-1.5448228798068158
1,1650567915.4767852,-7.123317791825684
