,time,value
0,1649446725.0971632,0.0
1,1649447024.7500093,0.0
2,1649447325.1530857,0.0
3,1649447625.28421,0.0
4,1649447925.8408358,0.0
5,1649448225.7909482,-5.395696543852409
