,time,value
0,1649446725.097317,-1.150086383237067
1,1649447024.7500744,0.0
2,1649447325.1532333,0.5752085289454953
3,1649447625.284336,-0.5752085289454953
4,1649447925.8494925,1.150086383237067
5,1649448225.7910738,-1.150086383237067
