,time,value
0,1650562215.2369435,-0.6581112445492181
