,time,value
0,1650562215.2369437,-0.6581112445492181
