,time,value
0,1650562215.2392483,-5.0372761358080425
1,1650567915.4892106,-5.721732124846312
