,time,value
0,1650562215.2422898,0.12790177161423344
