,time,value
0,1650562215.245752,-7.968169649176872
1,1650567915.6161964,0.0
