,time,value
0,1650562215.2443106,-6.108114835351444
1,1650567915.6151135,0.4896988450027493
