,time,value
0,1650562215.247075,-2.0996535211052105
1,1650567915.6173804,-6.687903654432375
