,time,value
0,1650562215.2485356,-4.3835686632573925
1,1650567915.636555,-3.5946395681507965
