,time,value
0,1650562215.2477512,0.10669511880041682
1,1650567915.621261,-2.6909224568698846
