,time,value
0,1650562215.248213,1.1019284861563392
1,1650567915.636164,-5.552485114785668
