,time,value
0,1649446725.098973,-1.3937284486037242
1,1649447024.7508,0.0
2,1649447325.154833,0.0
3,1649447625.2856128,0.0
4,1649447925.8510015,0.0
5,1649448225.792332,2.08986491945916
