,time,value
0,1649446725.0991304,-0.6314128070862353
1,1649447024.7508667,0.15789058215432306
2,1649447325.1549642,-1.2638232329909442
3,1649447625.2857254,-2.6116907726291174
4,1649447925.8511271,-0.8720815552496788
5,1649448225.7924564,1.5850375802219787
