,time,value
0,1650562215.249517,-3.6697288889624815
1,1650567915.6378644,-3.6832454162963586
