,time,value
0,1650562215.2504985,-21.79922834258423
1,1650567915.6391468,-5.58660670863992
