,time,value
0,1650562215.252398,6.984155373663725
1,1650567915.641803,7.442042105997643
