,time,value
0,1650562215.2536714,6.072296109498893
1,1650567915.6432605,1.3950895119833149
