,time,value
0,1650562215.2934985,-0.5033979466988967
1,1650567915.6464672,-15.410182431050089
