,time,value
0,1650562215.2944508,-11.579947430959235
1,1650567915.6479125,-0.8329863038920848
