,time,value
0,1650562215.2963457,-2.5204802253351772
1,1650567915.6532662,-9.548131100150385
