,time,value
0,1650562215.2965066,-1.711701114835705
