,time,value
0,1650562215.2981942,-1.6702860071618488
