,time,value
0,1650562215.3039844,-1.6792615197196028
