,time,value
0,1650562215.3036113,-3.873546243011333
1,1650567915.67647,2.16349953034387
