,time,value
0,1649687875.895756,9.95933990275853
1,1649690576.1107886,-9.95933990275853
2,1649693275.3959372,-1.8214941283913504
3,1649695976.18677,-8.697697312391028
4,1649698676.4663765,5.502077153983464
5,1649701376.4175165,7.743149596037256
6,1649704076.4802315,0.0
7,1649706777.957852,-5.915830677338818
8,1649709476.7804828,-0.9132420726032251
9,1649712176.5773764,0.0
