,time,value
0,1649446725.0889475,-1.3273804289983673
1,1649447024.7463875,-0.1811430129037035
2,1649447325.0835888,0.03019278090869193
3,1649447625.2786367,-1.1781944779377227
4,1649447925.8137267,-1.936460514353712
5,1649448225.7136016,1.936460514353712
