,time,value
0,1650562215.3125136,1.597869847295442
