,time,value
0,1650562215.3128333,-10.46631818742344
