,time,value
0,1649446725.1022885,-0.280938335884457
1,1649447024.7521453,-0.4918320843917172
2,1649447325.253582,-0.9843904605904754
3,1649447625.2900963,-2.112676842149085
4,1649447925.877663,0.0704945190809667
5,1649448225.8310544,0.4933225372260494
