,time,value
0,1649446725.1022885,-0.28093833588445705
1,1649447024.7521453,-0.4918320843917172
2,1649447325.253582,-0.9843904605904754
3,1649447625.2900965,-2.112676842149085
4,1649447925.8776627,0.07049451908096671
5,1649448225.8310544,0.49332253722604946
