,time,value
0,1650562215.3119795,1.1702751481905125
1,1650567915.687905,15.213868635827566
