,time,value
0,1650562215.3140404,-5.2082383104307155
1,1650567915.6895692,-2.634396847516655
