,time,value
0,1649446725.102811,-2.117897014734808
1,1649447024.7523446,0.4239383939707295
2,1649447325.2540312,1.4118313795079303
3,1649447625.2906287,-1.6944370052410704
4,1649447925.878072,1.129943623048348
5,1649448225.8314383,0.8466206234488709
