,time,value
0,1650562215.3176188,1.506024381037605
1,1650567915.692655,-6.802747322752566
