,time,value
0,1650562215.3209643,0.4518752901112748
