,time,value
0,1650562215.3223834,0.0
1,1650567915.702983,0.0
