,time,value
0,1649446725.105251,-1.8444517986481517
1,1649447024.7526748,3.6855078571761615
2,1649447325.2546458,-3.0703125132577043
3,1649447625.2921472,-5.55043053064901
4,1649447925.878718,-4.959712584724002
5,1649448225.8321438,1.8627760741906056
