,time,value
0,1649446725.1053858,-2.7285146532040017
1,1649447024.7527723,-0.5465974446015025
2,1649447325.2547781,-0.5468963767698369
3,1649447625.2922173,-5.7605426064210405
4,1649447925.8789067,3.5699612266021177
5,1649448225.8322704,0.0
