,time,value
0,1650562215.324298,1.4947685892298068
