,time,value
0,1650562215.3235977,-6.762186750912406
