,time,value
0,1650562215.3245106,-1.0555682198541945
1,1650567915.7061474,-11.03290382291152
