,time,value
0,1650562215.3257785,-3.763147772398497
1,1650567915.7092395,-4.888898626463742
