,time,value
0,1649446725.105664,-0.8894819354518404
1,1649447024.7531323,-0.14832393975575542
2,1649447325.2552195,-1.9302158925338517
3,1649447625.292443,-3.7970488236378515
4,1649447925.8792922,-4.48565345435054
5,1649448225.8326502,0.22476119218026724
