,time,value
0,1649446725.105664,-0.8894819354518404
1,1649447024.7531323,-0.1483239397557554
2,1649447325.2552197,-1.930215892533852
3,1649447625.292443,-3.797048823637852
4,1649447925.8792922,-4.48565345435054
5,1649448225.8326502,0.2247611921802672
