,time,value
0,1649446725.1058547,0.0
1,1649447024.7534063,2.276349719586051
2,1649447325.2554667,3.1782092586863655
3,1649447625.2925816,-3.633064849881066
4,1649447925.87955,-8.681800018946888
5,1649448225.89847,0.9174312570089569
