,time,value
0,1650562215.3327549,-25.37133974201788
1,1650567915.7178516,-4.338401598598239
