,time,value
0,1650562215.3339343,-6.589809679055179
1,1650567915.719746,-1.2401820523000424
