,time,value
0,1650562215.3340888,-2.886985107831606
1,1650567915.7199059,-2.558636790324499
