,time,value
0,1650562215.333104,-2.7981830080043437
1,1650567915.7182903,-4.748514022836389
