,time,value
0,1650562215.3346703,-2.5729002186567413
