,time,value
0,1649446725.106243,-2.072391494560179
1,1649447024.7539566,-1.7899979719459225
2,1649447325.2559805,-0.788615304160885
3,1649447625.2931845,-3.3765612740799043
4,1649447925.8804734,-0.7198906077228457
5,1649448225.899198,-2.451511790904988
