,time,value
0,1650562215.342983,-1.3775160975228573
