,time,value
0,1650562215.345921,-0.564174909182384
1,1650567915.7288618,-0.564174909182384
