,time,value
0,1650562215.3486202,-2.1497679364929354
