,time,value
0,1650562215.3522327,-3.484324082610783
1,1650567915.7337692,0.0
