,time,value
0,1649385515.8160112,0.0903529166666667
1,1649385812.6716602,0.0
2,1649386111.8346012,0.10004125
3,1649386411.8272555,0.0358202083333333
4,1649386711.8455648,0.038931875
5,1649387011.8415012,0.0628243749999999
6,1649387311.8418958,0.0242570833333334
7,1649387611.8240328,0.0260081250000001
8,1649387911.8377464,0.0264012500000001
9,1649388211.828539,0.0298554166666665
10,1649388511.8331597,0.0246095833333334
11,1649388811.6665528,0.7400802083333333
12,1649388893.1774845,0.0670406249999998
13,1649389193.1670215,0.0326133333333334
