,time,value
0,1649385515.8064942,0.0418785416666666
1,1649385796.527254,0.0
2,1649386096.518556,0.0
3,1649386396.5104938,0.1129687499999999
4,1649386664.9296207,1.0
