,time,value
0,1648862312.1473043,0.6944497916666668
1,1648862380.4814782,0.979284375
