,time,value
0,1649385515.8064942,0.0418785416666666
1,1649385796.5272539,0.0
2,1649386096.518556,0.0
3,1649386396.5104938,0.11296874999999995
4,1649386664.9296207,1.0
