,time,value
0,1648862319.5964146,0.7382622916666666
1,1648862381.2491007,0.9837514583333333
