,time,value
0,1649398707.035324,0.7210741666666667
1,1649403267.3178716,0.2827570833333332
2,1649404539.4032502,0.9886802083333334
