,time,value
0,1649385515.771017,0.0538389583333334
1,1649385802.096218,0.0769658333333335
2,1649386101.1155436,0.0325614583333333
3,1649386401.1071815,0.0069352083333332
4,1649386701.147428,0.0
5,1649387001.124221,0.0304472916666664
6,1649387301.100934,0.0
7,1649387601.166798,0.0009035416666667
8,1649387901.1218588,0.0790591666666669
9,1649388201.142969,0.0275770833333335
10,1649388501.117215,0.0065575000000001
11,1649388801.1714735,0.0619475
12,1649389101.1732528,0.0979420833333332
13,1649389401.199751,0.052771875
14,1649389701.1771183,0.023498125
15,1649390001.2176983,0.0010777083333333
16,1649390301.1780488,0.0
17,1649390601.5938318,0.0
18,1649390901.6276934,0.0
19,1649391201.6246293,0.0
20,1649391501.5817883,0.0009908333333333
21,1649391801.5751207,0.0
22,1649392101.6329412,0.0
23,1649392401.6023655,0.0
24,1649392701.5758457,0.0009908333333333
25,1649393001.4041913,0.4792056249999999
26,1649393159.8329992,1.0
