,time,value
0,1649451508.6901286,0.792863125
