,time,value
0,1649646078.0627947,4.0
1,1649646078.404707,0.0
2,1649649679.093227,2.0
