,time,value
0,1648745840.6307335,1.0
1,1648761785.4935129,0.0
2,1648849984.29976,0.0
