,time,value
0,1648736262.687204,1.0
1,1648753534.767302,1.0
2,1648822062.98609,0.0
3,1648840979.1106036,0.0
