,time,value
0,1649345520.8824813,-1.0
1,1649345520.969422,0.0
2,1649347364.7267547,0.0
3,1649347963.0933852,0.0
