,time,value
0,1648738650.877037,0.0
1,1648755447.8149168,1.0
2,1648823861.8095562,0.0
3,1648842799.4136543,0.0
