,time,value
0,1648735351.6611152,0.0
1,1648752190.1759048,0.0
2,1648820845.6139607,1.0
3,1648839777.7658608,0.0
