,time,value
0,1649355397.0686853,1.0
1,1649357297.243471,1.0
2,1649357721.549919,0.0
3,1649366560.7543752,0.0
4,1649367163.7396402,0.0
5,1649368361.9697905,0.0
6,1649368953.888477,-1.0
