,time,value
0,1648750059.8999481,-1.0
1,1648765687.7742248,1.0
2,1648853309.0899994,-1.0
