,time,value
0,1648746761.5774028,-1.0
1,1648762816.4347682,-1.0
2,1648850924.495409,0.0
