,time,value
0,1649352173.4459796,1.0
1,1649352764.5552404,-1.0
2,1649355397.137407,0.0
3,1649364334.8440914,1.0
4,1649364859.3782525,-1.0
5,1649365418.1384475,0.0
6,1649365418.4277651,0.0
7,1649365956.43213,0.0
8,1649436762.85368,-1.0
9,1649437367.168991,0.0
10,1649438569.7219784,1.0
11,1649438569.830434,0.0
12,1649439158.3040278,0.0
13,1649448118.7444422,0.0
14,1649449594.7270677,1.0
15,1649449956.156541,0.0
16,1649450562.555622,0.0
