,time,value
0,1649041569.4680853,0.0
1,1649059601.3691266,-1.0
2,1649063272.8955271,0.0
3,1649077532.2189708,1.0
4,1649081050.8463898,1.0
5,1649084608.8330014,0.0
6,1649084611.0141566,0.0
7,1649088232.9142113,4.0
8,1649091849.4403894,0.0
9,1649091850.1439283,4.0
10,1649106305.4371428,0.0
11,1649106307.0280302,0.0
12,1649106308.9919991,1.0
13,1649109992.8018465,-1.0
14,1649120837.328828,1.0
