,time,value
0,1648739250.3183382,-1.0
1,1648756355.9227955,0.0
2,1648824475.1418705,-1.0
3,1648843672.8907616,0.0
