,time,value
0,1648744955.3255718,1.0
1,1648760979.1518154,-1.0
2,1648849118.1377304,1.0
