,time,value
0,1649353372.3170466,-1.0
1,1649355396.9597983,0.0
2,1649356016.5918715,0.0
3,1649356674.738004,0.0
