,time,value
0,1648750957.6181722,1.0
1,1648766852.4891248,-1.0
2,1648854493.844337,0.0
