,time,value
0,1648748554.628697,0.0
1,1648764819.8753147,1.0
2,1648852388.6122346,0.0
