,time,value
0,1648740158.348666,-1.0
1,1648757323.896907,0.0
2,1648825382.857777,0.0
3,1648844881.5567648,0.0
