,time,value
0,1649037921.1026075,1.0
1,1649066727.7668228,0.0
2,1649073897.9316344,0.0
3,1649081071.0034735,0.0
4,1649127869.64122,0.0
5,1649156600.4881072,4.0
6,1649181800.7701943,0.0
7,1649185413.7330334,0.0
8,1649203492.568777,0.0
9,1649207171.396192,2.0
10,1649210613.7293854,1.0
11,1649210614.3210857,0.0
12,1649221526.684688,0.0
13,1649225079.579195,0.0
14,1649232277.383787,0.0
15,1649242998.6710267,0.0
16,1649253809.0791297,2.0
17,1649261037.876971,0.0
18,1649275395.7822645,1.0
