,time,value
0,1649359319.8656766,-1.0
1,1649359319.951439,0.0
2,1649361005.100025,-1.0
3,1649361994.3913124,0.0
4,1649371351.182058,-1.0
5,1649371953.4543629,-1.0
6,1649372552.1884809,0.0
7,1649372552.2826755,1.0
8,1649373161.621487,0.0
