,time,value
0,1648737444.463699,-1.0
1,1648822965.2987056,0.0
2,1648841591.7432249,0.0
