,time,value
0,1650657495.7311797,-1.030392181930439
1,1650677299.7019954,-2.550566779222136e-05
