,time,value
0,1650657496.0453432,-1.086451560481534
1,1650677300.25027,-2.1706985666954464e-05
