,time,value
0,1650657496.042639,-1.1881528381886448
1,1650677300.24899,-1.6831123969641707e-05
