,time,value
0,1650657495.672467,-1.2261829607710288
1,1650677299.5848825,-1.6833601099295945e-05
