,time,value
0,1650657496.032419,-1.1173523959823517
1,1650677300.243914,-3.934356706771725e-05
