,time,value
0,1650657495.9251723,-1.1180488954995187
