,time,value
0,1650657495.9173934,-1.066679174331718
1,1650677300.1458988,-2.743801168386796e-05
