,time,value
0,1650657495.9052255,-0.9490876000964413
1,1650677300.1424644,-3.808761412185339e-05
