,time,value
0,1650657495.9395747,-1.0728233320282097
