,time,value
0,1650657495.8841457,-1.1483924126911107
