,time,value
0,1650657496.0455306,-1.3236540437608202
1,1650677300.250436,-2.4888622805999203e-05
2,1650896309.6623037,-3.62544790442506
3,1650902027.2698164,-4.375665728657694
