,time,value
0,1650657495.9924712,-0.980404112026882
1,1650677300.2404869,-9.667820789412804e-05
