,time,value
0,1650657496.0364575,-1.0293603437929797
1,1650677300.2462847,-1.904259845731924e-05
2,1650896309.6581514,-0.3076020660410599
3,1650902027.2668517,-4.554873863206827
