,time,value
0,1650657495.7521129,-0.9692788599664676
1,1650677299.7313182,-1.1509533392638378e-05
