,time,value
0,1650657495.831725,-1.1720118699601805
1,1650677299.9915593,-7.59547961173119e-05
