,time,value
0,1650657495.8843312,-0.84919487242656
1,1650677300.124289,-1.803534338150637e-05
