,time,value
0,1650657496.0082555,-1.10861549118979
1,1650677300.2430942,-7.328717479425405e-05
