,time,value
0,1650657495.76272,-1.40880993124348
1,1650677299.765498,-0.00010016022258035062
2,1650896309.51188,-1.6209791810628298
3,1650902027.1168458,-4.607924573907384
4,1650907926.231347,1.753822244746603
5,1650913617.6688635,0.6285086957692545
6,1650919335.9633718,0.033104556832929
