,time,value
0,1650657495.788695,-1.358514527868105
