,time,value
0,1650657495.9259038,-1.6678730923306109
1,1650677300.1736107,-1.6392753511309306e-05
