,time,value
0,1650657495.6656277,-1.1178401827935625
1,1650677299.5603635,-3.888105946184352e-05
