,time,value
0,1650657495.7634487,-0.8504475138806808
