,time,value
0,1650657495.8154905,-1.19357141282711
1,1650677299.9301302,-0.0001371903265171
2,1650896309.5928338,-3.807808893335023
3,1650902027.1424632,-4.1964189070899
4,1650907945.6536975,1.5206685981906634
5,1650913648.3259747,-0.0571351890961123
6,1650919375.2313354,-0.1317078908633879
