,time,value
0,1650657495.7927387,-1.0975388573155271
1,1650677299.8631508,-1.2961834356578045e-05
