,time,value
0,1650657495.671122,-0.9230714422651832
1,1650677299.584127,-4.184534728567967e-05
