,time,value
0,1650657495.7598612,-1.7179958114144414
1,1650677299.7353833,-2.7755930717081124e-05
