,time,value
0,1650657495.9871476,-1.031169176508141
1,1650677300.2359855,-2.4451212020940582e-05
