,time,value
0,1650657495.8576376,-1.0183717461793482
1,1650677300.0696218,-2.2848846742550647e-05
