,time,value
0,1650657495.7785108,-1.1722265761466848
1,1650677299.8064108,-2.0991823499965213e-05
2,1650896309.5167744,-3.8702222855359976
3,1650902027.1269484,-4.142987741527942
4,1650907936.8181674,1.4434160549626134
5,1650913636.4595437,0.5114451919579471
6,1650919357.9454257,-0.257656771436903
