,time,value
0,1650657495.7610743,-1.5343453000882372
