,time,value
0,1650657495.9758961,-1.086649391313105
1,1650677300.2201464,-1.9924784132365272e-05
