,time,value
0,1650657495.958696,-1.151876768620406
1,1650677300.2117724,-5.686833954462202e-05
