,time,value
0,1650657495.96699,-1.2592922639529727
1,1650677300.2121854,-1.1136246209466441e-05
2,1650896309.6381066,-4.4391665071742334
3,1650902027.2488205,-4.237594535025168
