,time,value
0,1650657496.0527625,-1.2116408933854026
1,1650677300.257372,-2.9098050836971177e-05
2,1650896309.6671872,-4.38639148377827
3,1650902027.27324,-3.121910273682307
