,time,value
0,1650657495.8095775,-1.1613325212497647
