,time,value
0,1650657495.7620125,-1.0703257730031037
