,time,value
0,1650657496.035883,-1.1324810030613672
1,1650677300.2458937,-3.862309479705467e-06
