,time,value
0,1650657495.806213,-0.9381943663609634
1,1650677299.8650837,-9.076037629338794e-06
