,time,value
0,1650657495.809223,-1.054653622060491
1,1650677299.8834455,-1.532652971846314e-05
2,1650896309.5881245,-4.16881058069142
3,1650902027.1385484,-3.552675059916916
4,1650907945.6489587,1.192482390021688
5,1650913648.3237412,0.1310836558837325
6,1650919375.2256029,-0.1372624661503202
