,time,value
0,1650657495.8185499,-1.1192969365241794
1,1650677299.9370384,-1.839889046945706e-05
