,time,value
0,1650657495.907141,-1.0649606067197606
1,1650677300.1437974,-5.83315586193196e-05
