,time,value
0,1650657496.0367286,-0.924939426642714
1,1650677300.24641,-5.795264840375161e-06
