,time,value
0,1650657495.8351097,-1.137352023104743
1,1650677300.0221689,-5.001741146446933e-05
