,time,value
0,1650657495.8979003,-1.1941398757701196
1,1650677300.1377585,-4.962729972432802e-05
2,1650896309.6203463,-4.609660914755549
3,1650902027.2286036,-4.398855663979073
4,1650907972.2418983,1.0731614991832688
5,1650913671.5084732,0.0369563968790874
6,1650919410.0759902,0.0655642295786398
