,time,value
0,1650657495.9796684,-1.2299914415877466
1,1650677300.2231514,-1.4582351432775622e-05
2,1650896309.6456316,-2.934960185934588
3,1650902027.2561107,-4.430842315940423
4,1650907995.2920825,1.7699808255189666
5,1650913721.9369826,0.11567041142385649
6,1650919441.3014984,-0.20659419186123734
