,time,value
0,1650657495.7504082,-1.2064636621116749
1,1650677299.7045872,-2.6402474555477755e-05
