,time,value
0,1650657495.852907,-0.9885036093334194
1,1650677300.024807,-2.7579491071523846e-05
