,time,value
0,1650657495.6773038,-1.2803803614359044
1,1650677299.6051438,-9.025472854291498e-06
