,time,value
0,1650657496.0512383,-1.0314667289370465
1,1650677300.256121,-2.6789905986060926e-05
2,1650896309.6660905,-3.697549181048568
3,1650902027.272651,-3.810055566447535
