,time,value
0,1650657495.789261,-1.0908414358594378
1,1650677299.8462994,-7.815748931501799e-05
