,time,value
0,1650657495.947764,-0.8408035302759927
1,1650677300.1984508,-9.961193475279834e-06
