,time,value
0,1650657495.6726377,-0.9282376804985252
1,1650677299.5850072,-7.375664085038323e-05
