,time,value
0,1650657495.6715655,-1.1291401404848975
