,time,value
0,1650657495.711379,-1.3504098237422542
1,1650677299.641799,-5.093403828521985e-05
