,time,value
0,1650657495.6747806,-1.1778853576565844
1,1650677299.6033633,-8.96082534414231e-06
