,time,value
0,1650657495.7351017,-1.130285556010707
1,1650677299.703046,-2.7189822319134705e-05
