,time,value
0,1650657495.7128203,-1.162690181913518
1,1650677299.6425714,-0.00013300586317557199
