,time,value
0,1650657495.734301,-1.0417648350856858
1,1650677299.7023778,-7.069315158266628e-06
