,time,value
0,1650657495.920283,-1.1461685197069802
