,time,value
0,1650657495.9823737,-1.338829733982439
1,1650677300.2274668,-5.111824472250816e-05
