,time,value
0,1650657495.925545,-1.062039258138391
