,time,value
0,1650657496.0362828,-1.2519502552253516
1,1650677300.2461553,-0.00019150437681910386
