,time,value
0,1650657495.8931873,-1.2614617470945515
1,1650677300.130664,-1.6634467386441673e-05
