,time,value
0,1650657495.8977196,-1.163936596130604
1,1650677300.1339262,-4.539959433752221e-05
2,1650896309.620224,-4.443197071518228
3,1650902027.228536,-4.42922646885539
4,1650907972.241773,1.4027225436758144
5,1650913671.508204,0.36676198338672994
6,1650919410.0759256,-0.047334459197530473
