,time,value
0,1650657495.7103832,-1.115993990709908
1,1650677299.6410797,-4.601342413037329e-05
