,time,value
0,1650657495.9444747,-1.1728666459354575
1,1650677300.1872816,-3.516919262151771e-05
