,time,value
0,1650657495.859199,-1.1520105317570395
