,time,value
0,1650657495.7507281,-0.8966364244019955
1,1650677299.7051039,-5.330357391914949e-06
