,time,value
0,1650657495.7836854,-1.0408763966424688
1,1650677299.8226016,-3.340362053906585e-05
2,1650896309.5775,-4.294322535546007
3,1650902027.130166,-3.800635941797651
4,1650907936.8221576,1.877099606618984
5,1650913636.4618096,0.6029626823118569
6,1650919357.9493327,-0.1676237554282742
