,time,value
0,1650657496.0478756,-1.339372371213901
1,1650677300.2530959,-0.00026271129214560236
