,time,value
0,1650657496.0541966,-1.2101598198735701
1,1650677300.2586117,-5.173717689882445e-06
