,time,value
0,1650657495.6770985,-1.1051735871390118
1,1650677299.6047764,-1.7145926381354567e-05
