,time,value
0,1650657495.7804277,-0.897042612055833
1,1650677299.8078344,-5.771833200311136e-05
