,time,value
0,1650657495.6807616,-1.0084463130363992
1,1650677299.6053007,-5.863915037413849e-06
