,time,value
0,1650657495.757925,-1.2325299502723357
1,1650677299.7339485,-5.7806582415191055e-05
