,time,value
0,1650657495.8284876,-0.9823209267089887
