,time,value
0,1650657495.9064155,-1.0835722683230022
1,1650677300.1432939,-3.662448722529156e-05
