,time,value
0,1650657495.898259,-1.3268063370729455
1,1650677300.1379948,-5.3510315722360346e-05
