,time,value
0,1650657496.0392108,-1.1356362805096
