,time,value
0,1650657495.818371,-1.4240513959475452
1,1650677299.9369082,-2.00336094166586e-05
