,time,value
0,1650657495.9932933,-1.0482667276429696
1,1650677300.2410219,-5.4043053715862654e-05
2,1650896309.6529977,-4.347932387441568
3,1650902027.2631094,-3.8942545754219346
4,1651086949.3502088,-1.1688716391787677
5,1651087269.360723,-0.24417344075096545
6,1651087538.8148162,-0.41548033313227845
7,1651087799.7374272,1.5438169063112859
8,1651088137.2449715,-0.17342563908366546
9,1651088529.1462286,-2.4318753925230285
