,time,value
0,1650657495.708139,-1.2819651284168259
1,1650677299.6398234,-1.2248414468856881e-05
