,time,value
0,1650657495.9722803,-1.2828466205529498
1,1650677300.215071,-1.3770779167425443e-05
