,time,value
0,1650657495.9421482,-0.907058788408023
1,1650677300.18645,-4.9302557808227285e-05
