,time,value
0,1650657495.7071273,-1.257683751260323
1,1650677299.639132,-0.00012341596418125888
