,time,value
0,1650657495.760737,-1.0262999621264424
1,1650677299.7360566,-3.550073352704848e-06
2,1650896309.5105894,-1.1734043600926585
3,1650902027.1155627,-4.495697336831843
4,1650907926.2306595,1.9983609563067528
5,1650913617.667511,0.8030093866935908
6,1650919335.9624894,-0.2514969622396356
