,time,value
0,1650657496.0082557,-1.1086154911897899
1,1650677300.2430942,-7.328717479425405e-05
