,time,value
0,1650657495.7514398,-1.0383316371148197
1,1650677299.7306547,-1.185382010691233e-05
