,time,value
0,1650657496.0570023,-1.3154884648556817
1,1650677300.259999,-5.347783836648364e-05
2,1650896309.6698809,-2.7244249157771376
3,1650902027.2744963,-3.696264727681501
