,time,value
0,1650657495.681272,-1.2358389121693985
1,1650677299.6057029,-3.3905321347971936e-05
