,time,value
0,1650657496.0482876,-1.0621667527163696
1,1650677300.253396,-5.6158394290772375e-05
