,time,value
0,1650657496.059776,-1.0975902593312454
1,1650677300.2608242,-3.247922128478091e-05
