,time,value
0,1650657495.81421,-1.0147077431192613
1,1650677299.929358,-6.730909223358286e-05
