,time,value
0,1650657495.7706249,-1.0680685659408042
1,1650677299.7850814,-5.984099606139341e-05
