,time,value
0,1650657495.9386268,-1.218135239435877
