,time,value
0,1650657495.9354522,-0.9710392405516718
1,1650677300.182244,-1.5871698970049755e-05
