,time,value
0,1650657495.936967,-1.1729109971151703
