,time,value
0,1650657495.856757,-1.5239443399697603
1,1650677300.0689046,-1.1903224699028096e-05
