,time,value
0,1650657495.790366,-1.37281028421733
1,1650677299.8479502,-0.0001036885811011
