,time,value
0,1650657495.7086847,-0.966823520171972
1,1650677299.6402564,-3.040230846659039e-05
2,1650896309.4946232,-2.6308296389973655
3,1650902027.1033173,-4.161920516230967
4,1650907888.3037176,1.8548443684812037
5,1650913577.5141382,0.6247052661334207
6,1650919321.6556232,0.09286677490351572
