,time,value
0,1650657495.8294632,-1.0339259218437238
1,1650677299.9616349,-8.95574807216061e-06
