,time,value
0,1650657495.8696163,-1.1443474225007604
1,1650677300.1034446,-9.11830204391392e-06
