,time,value
0,1650657495.7278953,-1.1470579215419163
1,1650677299.6723943,-9.756399864319806e-05
