,time,value
0,1650657495.6652389,-1.0379515174268623
1,1650677299.5348382,-0.0001454524746513
