,time,value
0,1650657495.7255278,-1.06450916686968
1,1650677299.6427743,-2.7610525691699103e-05
