,time,value
0,1650657495.7594893,-1.354597521343302
1,1650677299.7351286,-1.6654010864714043e-05
