,time,value
0,1650657495.9055283,-1.142090198361422
1,1650677300.142599,-0.0002503827162644
2,1650896309.6219726,-3.807968247713157
3,1650902027.229637,-4.365883606047487
4,1650907972.2458768,1.3396102083375956
5,1650913671.5102682,0.3875163319373891
