,time,value
0,1650657495.6760361,-0.8914296434700505
1,1650677299.6041424,-0.00035129319040097295
