,time,value
0,1650657496.0067472,-1.093594162876591
