,time,value
0,1650657495.6749527,-0.9182377070789821
1,1650677299.6034675,-0.0003666065008550919
