,time,value
0,1650657495.9829462,-1.0492665716044958
1,1650677300.230445,-1.3595228590945908e-05
