,time,value
0,1650657495.93339,-1.102330064045257
1,1650677300.1801784,-2.1513527857442925e-05
