,time,value
0,1650657495.9050472,-1.1907548390996632
1,1650677300.1423316,-0.000175656054364
