,time,value
0,1650657495.98785,-1.132419317927274
1,1650677300.236546,-5.7887587955489616e-05
