,time,value
0,1650657495.8172672,-1.0682465789395812
1,1650677299.9313424,-9.389483124016896e-06
