,time,value
0,1650657495.854738,-1.2257005366045095
1,1650677300.0518868,-9.095150124755654e-05
