,time,value
0,1650657495.8315463,-1.174399805938279
1,1650677299.9914136,-4.7019851896130365e-05
