,time,value
0,1650657496.0356984,-1.1068268604863185
1,1650677300.2457268,-0.0001901171205776
