,time,value
0,1650657495.7732823,-1.0080140251500675
1,1650677299.7858157,-3.4117790619602886e-05
