,time,value
0,1650657495.8187215,-1.1912757759387542
1,1650677299.9371688,-2.749488929916015e-05
