,time,value
0,1650657495.8103824,-1.4614957085721307
1,1650677299.8845131,-1.0295636840560694e-05
