,time,value
0,1650657495.9105928,-0.917507625708653
1,1650677300.1456337,-6.25773057553817e-06
2,1650896309.6252413,-3.592617958856332
