,time,value
0,1650657495.9466038,-1.389788582561306
1,1650677300.1882236,-3.250265165429848e-05
