,time,value
0,1650657495.7108176,-1.156196651040545
1,1650677299.6412332,-4.524376531410253e-05
