,time,value
0,1650657495.9856923,-1.050361905061607
1,1650677300.2351649,-2.8905525280330505e-05
2,1650896309.648097,-3.922301386290971
3,1650902027.2573857,-3.5459677088867636
