,time,value
0,1650657495.7093651,-1.224932974735356
1,1650677299.6408093,-0.0001359496612215
