,time,value
0,1650657495.9887571,-1.082533328139675
1,1650677300.2372086,-7.008793580211185e-05
