,time,value
0,1650657495.675496,-0.9946350343450269
1,1650677299.6037881,-2.0336693203071703e-05
