,time,value
0,1650657496.045122,-1.1974013555768244
1,1650677300.250141,-1.0862396707821099e-05
