,time,value
0,1650657495.9387906,-1.2126043254592034
1,1650677300.1851988,-2.072326154390757e-05
