,time,value
0,1650657495.8786714,-1.1719789276245831
1,1650677300.105333,-2.4275407312529584e-05
