,time,value
0,1650657495.8160737,-0.9978412956385061
1,1650677299.9305503,-9.08918325277175e-05
