,time,value
0,1650657495.886035,-1.1710492002795896
1,1650677300.1290238,-1.4248604731018978e-05
