,time,value
0,1650657495.9212558,-1.1571490155407753
