,time,value
0,1650657495.9927118,-1.0661959240795884
