,time,value
0,1650657495.956206,-1.3844466122790509
1,1650677300.2017648,-6.174885382702267e-05
