,time,value
0,1650657495.8101995,-1.0704730518835617
1,1650677299.8843834,-2.804882709907498e-05
