,time,value
0,1650657496.0398614,-1.2786834452901927
1,1650677300.2481816,-2.2805378179475236e-05
