,time,value
0,1650657495.9813738,-1.1934771318468376
