,time,value
0,1650657495.8140292,-0.9305298705252976
1,1650677299.929215,-1.1864628461252142e-05
