,time,value
0,1650657495.9546072,-1.1635987385771172
1,1650677300.201137,-1.928291400716563e-05
