,time,value
0,1650657495.7912629,-1.0966491895464292
1,1650677299.862047,-5.083354522178711e-05
