,time,value
0,1650657495.7584355,-1.3996131368881335
