,time,value
0,1650657495.9264648,-1.130479835587345
