,time,value
0,1650657495.9889266,-1.1154830185461508
