,time,value
0,1650657495.7923925,-1.2192408680404883
1,1650677299.8628633,-3.41886367287814e-05
