,time,value
0,1650657495.9278193,-1.0604526365795186
1,1650677300.1766546,-4.757906526488022e-05
