,time,value
0,1650657496.0378714,-1.033751720067903
1,1650677300.247224,-5.921617971439682e-05
2,1650896309.659114,-4.037997474238593
3,1650902027.2675638,-4.11460797415715
