,time,value
0,1650657495.8550882,-1.1045884462571467
1,1650677300.0664833,-1.967998017263233e-05
