,time,value
0,1650657495.9746594,-1.782647913076422
1,1650677300.217132,-8.934195938033648e-05
