,time,value
0,1650657495.8099952,-1.0358328654520488
1,1650677299.8842556,-4.843899498918157e-05
