,time,value
0,1650657495.831308,-1.1561843134302676
1,1650677299.981579,-3.817643119005406e-05
