,time,value
0,1650657495.8832705,-1.2412520954513482
1,1650677300.1236358,-6.296639197330929e-05
