,time,value
0,1650657495.9339118,-1.1099655629989735
