,time,value
0,1650657495.8178334,-0.8643848946613204
1,1650677299.936515,-0.0001377720394972
