,time,value
0,1650657495.937669,-1.0150543478628855
