,time,value
0,1650657495.8561895,-1.4429926778611004
1,1650677300.0685108,-9.31638107869417e-05
