,time,value
0,1650657495.674261,-1.1131214054928311
