,time,value
0,1650657495.6659927,-0.9533545927072332
