,time,value
0,1650657495.780965,-1.114471564190113
1,1650677299.808218,-1.5047151082879844e-05
