,time,value
0,1650657495.791078,-1.0544614927189695
1,1650677299.8619225,-3.792703602820967e-06
