,time,value
0,1650657495.670947,-1.037685547447636
1,1650677299.5839684,-1.1334980240932433e-05
