,time,value
0,1650657496.0356984,-1.1068268604863183
1,1650677300.2457268,-0.00019011712057764133
