,time,value
0,1650657496.0525782,-1.1323328817230458
1,1650677300.257215,-4.56668479023127e-05
