,time,value
0,1650657495.8088336,-1.0319122212058158
1,1650677299.8831885,-4.206568415479256e-05
