,time,value
0,1650657495.82871,-1.208448264900367
1,1650677299.961039,-1.7981881256926587e-05
