,time,value
0,1650657496.0075839,-1.0943518320600614
1,1650677300.2429621,-4.281176349589903e-05
