,time,value
0,1650657496.056827,-1.6657501344114591
1,1650677300.2598677,-1.374233314371948e-05
