,time,value
0,1650657495.7527092,-1.0910888987677534
1,1650677299.7317598,-4.371697821605327e-05
2,1650896309.506266,0.1324790335303109
3,1650902027.111265,-6.138192942172495
4,1650907926.2270648,2.000258664969638
5,1650913617.6620023,0.43517879729950726
6,1650919335.959332,0.4912274118129108
