,time,value
0,1650657495.7508855,-1.2198620861546663
1,1650677299.705231,-4.92150905482582e-05
2,1650896309.5049562,-3.691766566845696
3,1650902027.1099794,-4.746625719137177
4,1650907926.225683,1.786263857968809
5,1650913617.660566,0.7697208532724611
6,1650919335.9586215,-0.3395264380218333
