,time,value
0,1650657495.954867,-0.951151446445423
1,1650677300.2013316,-0.0003108918968141965
2,1650896309.637411,-4.426121175041473
3,1650902027.247793,-3.601040661518111
4,1650907995.2844315,1.4168878607523336
5,1650913721.9295526,0.4145955245906656
