,time,value
0,1650657496.0360997,-1.0550238062849526
1,1650677300.2460237,-1.763836470226859e-05
