,time,value
0,1650657495.9458575,-0.8441455144838175
1,1650677300.1876824,-1.6250145472490935e-05
