,time,value
0,1650657495.691191,-1.3516979085354168
1,1650677299.6076097,-1.6841569264485147e-06
2,1650896309.4903896,-3.4979650858331204
3,1650902027.0985477,-4.937634597565406
4,1650907888.2993894,1.8218045087598032
5,1650913577.5074809,1.0589374856969913
6,1650919321.651058,-0.3646487489725211
