,time,value
0,1650657496.0435708,-1.0533704777057757
