,time,value
0,1650657495.990982,-1.2117556346163956
1,1650677300.239295,-0.00010863773038407415
