,time,value
0,1650657495.7616634,-0.9369867886402322
