,time,value
0,1650657495.9702072,-1.080421833799655
1,1650677300.2135642,-2.9867345308270657e-06
