,time,value
0,1650657495.9861646,-1.3267669324389448
1,1650677300.2354348,-5.367333077700305e-05
2,1650896309.6483195,-2.951202133861065
3,1650902027.2575445,-4.127042719553742
