,time,value
0,1650657496.0508351,-1.2106254315213167
1,1650677300.2558212,-4.382769687736497e-05
