,time,value
0,1650657495.7822728,-1.1591556426127696
1,1650677299.8091426,-6.333747768557444e-06
