,time,value
0,1650657495.7122898,-1.1663672530313287
1,1650677299.6424284,-1.2234989651878771e-05
