,time,value
0,1650657495.7302494,-0.9971244595052124
1,1650677299.7018676,-0.0001741843775482
