,time,value
0,1650657495.93128,-1.169410869849095
