,time,value
0,1650657495.667077,-1.130397715659727
1,1650677299.5824935,-3.821405043254654e-05
