,time,value
0,1650657496.0086231,-0.9783794107475712
1,1650677300.2433572,-0.0003595408480026
