,time,value
0,1650657495.7575755,-1.3018871686885751
