,time,value
0,1650657495.9823735,-1.3388297339824393
1,1650677300.2274668,-5.111824472250816e-05
