,time,value
0,1650657495.8339598,-1.0010287769539428
1,1650677300.0213711,-0.0001723006293975
