,time,value
0,1650657495.790181,-1.0258175166900318
1,1650677299.8474426,-7.282805302008594e-05
