,time,value
0,1650657495.8924294,-0.9396371647954602
1,1650677300.1292002,-3.294549987134341e-05
