,time,value
0,1650657495.9977994,-0.9790180430586484
1,1650677300.2414699,-5.719863946200345e-05
