,time,value
0,1650657495.7119422,-1.3117827790926218
1,1650677299.6422586,-2.736788655401962e-05
