,time,value
0,1650657495.9423313,-1.0147137937156854
1,1650677300.1865897,-8.92585231935312e-06
