,time,value
0,1650657495.6913812,-1.2210651878490872
1,1650677299.6077397,-3.1861462198783565e-05
