,time,value
0,1650657496.0503922,-1.2459681030514382
