,time,value
0,1650657495.9469912,-1.0468653367995668
1,1650677300.197377,-1.7561866448744953e-05
