,time,value
0,1650657495.820808,-1.1914398394398562
1,1650677299.9386969,-3.1617269963280307e-06
