,time,value
0,1650657495.8060076,-0.9995634217511696
1,1650677299.8649592,-1.5777228426054915e-05
