,time,value
0,1650657495.9709392,-1.203605638020091
1,1650677300.2141073,-3.9781126296114243e-05
