,time,value
0,1650657495.7696702,-1.0138320193772319
1,1650677299.7844112,-5.504866603084449e-05
