,time,value
0,1650657495.8129551,-1.1909267050196857
