,time,value
0,1650657495.8472202,-1.0274689387103437
1,1650677300.024146,-0.00018044478118801966
