,time,value
0,1650657495.7879639,-1.0436728740197765
1,1650677299.8450694,-1.5234637112422256e-05
