,time,value
0,1650657495.83722,-1.3181516205886632
1,1650677300.0235145,-0.0001019021293752
