,time,value
0,1650657495.7535324,-1.179216520318888
1,1650677299.7324092,-1.1353686610931159e-05
