,time,value
0,1650657496.0321505,-1.0228539246722652
1,1650677300.2437794,-1.6740228565799973e-05
