,time,value
0,1650657495.817447,-1.1688948242895638
1,1650677299.936213,-4.502949492521369e-05
