,time,value
0,1650657495.9874926,-1.1364690712639531
1,1650677300.2362776,-2.9515361146630367e-05
