,time,value
0,1650657495.9733677,-1.007956087205775
1,1650677300.2160404,-2.3321430059281968e-05
