,time,value
0,1650657495.972092,-1.0132461252793827
