,time,value
0,1650657495.9384654,-1.414104517469819
1,1650677300.1849449,-0.0001291590000650776
