,time,value
0,1650657495.907469,-0.6757211783844677
1,1650677300.144077,-2.1943434754650744e-05
