,time,value
0,1650657496.032977,-0.9686736809298468
