,time,value
0,1650657495.7115667,-1.2545536624244078
1,1650677299.6419437,-3.5268154015019806e-06
