,time,value
0,1650657495.8145523,-1.0655777568259992
1,1650677299.9296207,-0.000174393959048
