,time,value
0,1650657495.8126016,-1.1519834923298131
