,time,value
0,1650657495.7525334,-1.2546994475947049
1,1650677299.731629,-3.759166948438119e-05
