,time,value
0,1650657495.9705625,-1.1942833320970736
1,1650677300.2138345,-3.0426550187070378e-05
