,time,value
0,1650657495.9742577,-1.0656811206548733
1,1650677300.216834,-1.3221287818692168e-05
