,time,value
0,1650657495.9212558,-1.157149015540775
