,time,value
0,1650657495.9068007,-1.1317038786094271
