,time,value
0,1650657495.7016995,-1.194631119617385
1,1650677299.6085434,-4.883208434715674e-05
