,time,value
0,1650657495.8212771,-1.2841771250552017
1,1650677299.9390786,-1.4698181335697452e-05
