,time,value
0,1650657495.834139,-1.992480242185272
1,1650677300.0215142,-8.238988653218084e-05
