,time,value
0,1650657496.047164,-1.2488035896743768
1,1650677300.2512724,-4.995870009243472e-05
