,time,value
0,1650657495.9835572,-1.2155239988750726
1,1650677300.233766,-8.696970266886061e-05
