,time,value
0,1650657495.9065995,-1.0272246256100848
