,time,value
0,1650657495.8556435,-0.9399099230734204
1,1650677300.0680895,-7.367313508636352e-05
