,time,value
0,1650657495.7483542,-1.0257468314805904
1,1650677299.703833,-1.6496186997010205e-05
