,time,value
0,1650657495.976123,-1.1402191634400047
1,1650677300.220462,-9.177453950050944e-06
