,time,value
0,1650657495.6704676,-1.3124772127487352
