,time,value
0,1650657495.6721196,-1.0587656356406587
1,1650677299.5846303,-3.641321976959592e-05
