,time,value
0,1650657495.7936425,-1.1589156719321891
1,1650677299.8637886,-7.364953207618827e-05
