,time,value
0,1650657495.8079083,-0.9730705045288348
