,time,value
0,1650657495.7528703,-1.0612382875944917
1,1650677299.731897,-2.916754069730762e-05
