,time,value
0,1650657495.8305967,-1.0321888269772108
