,time,value
0,1650657495.6917813,-1.089050533683728
1,1650677299.6079955,-7.823642529006297e-05
