,time,value
0,1650657496.037692,-1.3232810163659885
1,1650677300.2470827,-3.984525355772582e-05
