,time,value
0,1650657495.707393,-1.329099133843867
1,1650677299.6392803,-8.82603338756841e-06
