,time,value
0,1650657496.03713,-1.038299884399658
1,1650677300.246672,-8.448541623470613e-05
