,time,value
0,1650657496.0394614,-1.1620876491950918
1,1650677300.247885,-2.3503461231460585e-05
