,time,value
0,1650657495.9319232,-0.9744651028353909
