,time,value
0,1650657495.8532684,-0.8920318878847255
1,1650677300.0250604,-8.698268217634811e-05
2,1650896309.6068308,-5.313456113535364
3,1650902027.2175643,-4.034240328337077
4,1650907959.0043592,1.500821660287668
5,1650913659.5246387,0.22490038353828534
6,1650919398.0274,-0.09368187393698256
