,time,value
0,1650657495.9216175,-0.878555365936635
1,1650677300.1720762,-0.0001063120077416
