,time,value
0,1650657495.707127,-1.257683751260323
1,1650677299.639132,-0.0001234159641812
