,time,value
0,1650657495.7940214,-1.531582700756737
1,1650677299.864072,-3.828820012177382e-05
