,time,value
0,1650657495.7502422,-1.294085804726128
1,1650677299.704461,-1.648981065300771e-05
