,time,value
0,1650657495.7817252,-0.9906828842044181
1,1650677299.8087592,-3.9585300266278544e-05
