,time,value
0,1650657495.7530425,-0.9693523071851804
1,1650677299.73202,-9.459518546583257e-06
