,time,value
0,1650657496.045122,-1.1974013555768244
1,1650677300.250141,-1.08623967078211e-05
