,time,value
0,1650657495.973884,-1.02986688972101
1,1650677300.2165656,-3.474069770031582e-05
