,time,value
0,1650657495.6733556,-1.2126613859342237
1,1650677299.6024723,-5.892524152658981e-06
2,1650896309.483232,-2.502360552149669
3,1650902027.0930264,-4.304025146558285
4,1650907888.2770977,1.538958635437413
5,1650913577.4926336,-0.3435484360565393
6,1650919321.6455188,-0.0397670755072844
