,time,value
0,1650657495.7019548,-1.0549642132337012
1,1650677299.608671,-8.816117702578573e-05
