,time,value
0,1650657495.931483,-0.9228044043277346
1,1650677300.1773105,-3.4598861263909695e-05
