,time,value
0,1650657495.8292756,-1.256230881709557
1,1650677299.9615004,-8.309922939759018e-05
