,time,value
0,1650657495.7481687,-0.8690671764461461
1,1650677299.7037063,-1.9895111312017636e-05
