,time,value
0,1650657495.9707568,-1.0983325970114892
