,time,value
0,1650657495.9761233,-1.1402191634400047
1,1650677300.220462,-9.177453950050945e-06
