,time,value
0,1650657495.6650767,-1.2986211936868397
1,1650677299.534716,-1.8825258196301345e-05
2,1650896309.4787169,-2.9238136072442846
3,1650902027.0885518,-3.866510404436273
4,1650907855.9294329,1.586101875341486
5,1650913539.805503,-0.0423785835294026
