,time,value
0,1650657495.9062407,-1.488229781997522
1,1650677300.1431663,-8.071692185107039e-05
