,time,value
0,1650657496.044563,-0.9127394309708752
1,1650677300.2498584,-1.690298815212632e-05
