,time,value
0,1650657495.6937037,-1.1274516697657955
1,1650677299.608386,-3.713741094771931e-05
