,time,value
0,1650657495.7653298,-0.9088954974825711
1,1650677299.784024,-3.334293707878226e-05
2,1650896309.5137367,-4.083432632741976
3,1650902027.1187644,-3.845433589586672
4,1650907936.8143313,1.8922884121651604
5,1650913636.4578738,0.7057145041034624
6,1650919357.9424062,-0.2142359063724947
