,time,value
0,1650657495.955094,-1.4051552806256469
1,1650677300.20146,-4.35549062975341e-05
