,time,value
0,1650657496.0517828,-1.0450713866026045
1,1650677300.256521,-4.597275310639701e-05
