,time,value
0,1650657495.7932897,-1.1168476353753265
1,1650677299.863537,-8.2561269787248e-05
