,time,value
0,1650657495.7799957,-1.1447185645328808
1,1650677299.8075697,-6.750377929096975e-05
2,1650896309.5179873,-0.3075815609597129
3,1650902027.127782,-3.764667914195079
4,1650907936.8192506,2.115662317228786
5,1650913636.460013,0.19179574605006597
