,time,value
0,1650657495.7588112,-0.9882268306188886
1,1650677299.7346172,-4.061029395289387e-05
