,time,value
0,1650657495.9873223,-1.0922858707920906
1,1650677300.2361455,-2.500041438478407e-05
