,time,value
0,1650657495.9352946,-1.4665587064077685
1,1650677300.1821117,-1.1717682781671474e-05
