,time,value
0,1650657495.7268016,-0.9769160384596768
1,1650677299.6435518,-8.065165123854484e-06
