,time,value
0,1650657495.8930004,-1.169793144115937
1,1650677300.1295953,-1.9051050807411305e-05
2,1650896309.6194503,-4.378486977178874
3,1650902027.2280104,-3.5808450458776235
4,1650907972.2409928,1.6570889926655987
5,1650913671.507357,0.5964163876309562
6,1650919410.0755243,-0.1897471732031449
