,time,value
0,1650657495.9746594,-1.7826479130764221
1,1650677300.2171319,-8.934195938033648e-05
