,time,value
0,1650657495.676036,-0.8914296434700505
1,1650677299.6041424,-0.0003512931904009
