,time,value
0,1650657495.9900713,-1.0100623850694554
1,1650677300.2381818,-1.103893305085533e-05
