,time,value
0,1650657495.7512782,-1.0109635336348615
1,1650677299.730526,-5.3816037631012775e-05
