,time,value
0,1650657495.8935506,-0.9779830347342263
1,1650677300.133542,-2.154580248555285e-05
