,time,value
0,1650657495.7700408,-1.3385111434592816
1,1650677299.7846985,-3.59466677334757e-05
