,time,value
0,1650657496.0084426,-1.5340938486901945
1,1650677300.2432263,-1.6553966445857887e-05
