,time,value
0,1650657496.0564127,-1.3821745239423486
1,1650677300.259553,-5.738608164563669e-05
