,time,value
0,1650657495.946777,-1.2259828611367467
1,1650677300.197196,-1.4579660918258516e-05
2,1650896309.6346624,-2.0879042806882326
3,1650902027.2442837,-3.756597261745649
4,1650907986.40552,1.5831071951554825
5,1650913697.4273186,0.2314787557671069
6,1650919427.2412417,0.1371398983702415
