,time,value
0,1650657495.8807304,-0.9862991459352543
1,1650677300.1213312,-6.724948080266644e-05
