,time,value
0,1650657495.8211205,-1.3310743427160618
1,1650677299.938952,-4.345044444800696e-06
