,time,value
0,1650657496.047528,-1.1173715587670825
1,1650677300.2526517,-5.084098155406701e-06
