,time,value
0,1650657495.9342842,-1.345244455600194
1,1650677300.1811671,-1.632750026299171e-05
