,time,value
0,1650657495.9173934,-1.0666791743317179
1,1650677300.1458988,-2.7438011683867958e-05
