,time,value
0,1650657495.725771,-1.0040764997550589
1,1650677299.6429284,-8.376139255496218e-05
