,time,value
0,1650657495.9734674,-1.0515401866970715
1,1650677300.2161748,-0.0001030488785218
