,time,value
0,1650657495.7593157,-0.9283846596057607
1,1650677299.7350006,-9.641621388676852e-05
