,time,value
0,1650657495.9731486,-1.051284347579319
1,1650677300.2157466,-3.106251903977437e-05
