,time,value
0,1650657495.836869,-1.054448042030955
1,1650677300.023229,-0.0002060067420125
2,1650896309.6050634,-3.118267664769152
3,1650902027.2151616,-3.924061554358672
4,1650907959.0025294,1.945661208378349
5,1650913659.5236244,0.455654178308975
6,1650919398.026404,-0.1833425555494445
