,time,value
0,1650657495.9981294,-1.1940761613318345
1,1650677300.2416005,-6.0280933840710576e-05
