,time,value
0,1650657495.917626,-1.326702640593687
1,1650677300.1460247,-7.685019660619805e-05
