,time,value
0,1650657495.9744444,-1.2327940095401746
1,1650677300.216996,-7.96565805380579e-06
2,1650896309.6421733,0.11805708692737281
3,1650902027.2530243,-4.4080380057887805
4,1650907995.2903173,2.297737707341955
5,1650913721.9330547,-0.03866770042261109
6,1650919441.299851,0.28765586734745485
