,time,value
0,1650657496.0550938,-1.0914209139433417
1,1650677300.2592857,-4.813543612979601e-05
