,time,value
0,1650657495.9178126,-1.1274258823497778
1,1650677300.1461504,-1.428072026393273e-05
