,time,value
0,1650657495.791078,-1.0544614927189695
1,1650677299.8619223,-3.7927036028209666e-06
