,time,value
0,1650657495.9356363,-1.3328559883970879
1,1650677300.1824615,-4.962846401527173e-05
