,time,value
0,1650657495.807344,-0.8397609457542824
1,1650677299.8820887,-0.0001195734633964855
