,time,value
0,1650657495.790895,-1.0427697991457237
1,1650677299.8617651,-0.00032983191155438476
