,time,value
0,1650657495.666189,-1.430423623985621
1,1650677299.5801947,-4.001470723780754e-05
