,time,value
0,1650657495.9487948,-1.4481162664641944
1,1650677300.1992142,-9.434928506136652e-05
