,time,value
0,1650657495.9728842,-1.004204195779483
1,1650677300.2154734,-6.636009728748031e-05
