,time,value
0,1650657495.6722937,-1.2163303386256403
1,1650677299.584756,-5.976552065317507e-05
