,time,value
0,1650657495.7111862,-1.2314042417149766
