,time,value
0,1650657495.8590438,-1.7236907215062123
1,1650677300.070704,-7.712005653916744e-05
