,time,value
0,1650657495.8851025,-1.1993325356432605
1,1650677300.1269245,-2.6013223802526905e-05
