,time,value
0,1650657495.7083118,-1.111821582670818
1,1650677299.639952,-4.120837400730636e-05
