,time,value
0,1650657495.7905421,-1.2410994025394648
1,1650677299.8614938,-4.172923348913224e-06
