,time,value
0,1650657495.920879,-1.2166885100115747
1,1650677300.1468086,-4.514473471915524e-06
