,time,value
0,1650657495.857812,-1.110508618945267
1,1650677300.069755,-5.877866166677248e-05
