,time,value
0,1650657496.060191,-1.1756798047191936
1,1650677300.261094,-0.0001580919120679
