,time,value
0,1650657495.9798903,-1.1865483529751393
