,time,value
0,1650657496.032611,-1.0812346029359992
1,1650677300.2440455,-0.0001120388262756
