,time,value
0,1650657495.6832674,-1.4394636320261467
1,1650677299.6066763,-2.4228195632373947e-05
