,time,value
0,1650657495.7516012,-1.3888030265078304
1,1650677299.7308233,-9.67723528219689e-06
