,time,value
0,1650657495.7487993,-1.0071556075497117
1,1650677299.7039585,-2.928110097292315e-05
