,time,value
0,1650657495.880556,-0.9608186514140072
1,1650677300.1211536,-3.6650107953991805e-05
2,1650896309.6151793,-4.168052125432545
3,1650902027.2251406,-3.847978877089841
4,1650907972.2367737,1.146914150239133
5,1650913671.5047376,0.5350106139538175
6,1650919410.0733185,-0.11175234419748543
