,time,value
0,1650657495.7743242,-1.2016850715120544
1,1650677299.805594,-4.097560752497848e-05
