,time,value
0,1650657495.9831376,-0.995591013143852
1,1650677300.2305994,-1.753697469298451e-05
