,time,value
0,1650657495.828904,-1.3432701549750965
1,1650677299.9611638,-9.610249302947571e-05
