,time,value
0,1650657495.770847,-1.0583353282780137
1,1650677299.7852092,-3.987422671608742e-05
