,time,value
0,1650657496.0369432,-1.0154578908170464
1,1650677300.2465427,-1.941726909238036e-05
