,time,value
0,1650657495.7897992,-1.2328645508989857
