,time,value
0,1650657495.816512,-1.058275172985604
1,1650677299.9308047,-3.985366871552091e-05
