,time,value
0,1650657495.930742,-0.9355183280524956
1,1650677300.176811,-2.030963540207715e-05
2,1650896309.6279104,-3.6044973324211846
3,1650902027.2361922,-3.907778096068273
4,1650907986.396502,1.722590673955944
5,1650913697.416667,0.6297222766957706
6,1650919427.2008052,-0.1388522087164905
