,time,value
0,1650657495.7505686,-1.167014328243082
1,1650677299.7049706,-4.110513214355132e-05
2,1650896309.5047028,-3.868429192859485
3,1650902027.109728,-3.778831384368688
4,1650907926.2254364,1.7108453889430424
5,1650913617.6603208,0.1041376588681768
6,1650919335.9584916,-0.3808203951133759
