,time,value
0,1650657496.053463,-0.9821296297070188
1,1650677300.25792,-5.618135092865354e-05
