,time,value
0,1650657495.7311797,-1.0303921819304387
1,1650677299.7019954,-2.5505667792221362e-05
