,time,value
0,1650657495.781326,-1.0470226648614223
1,1650677299.8084726,-0.00010682347544218834
