,time,value
0,1650657495.82357,-1.3711660729358557
1,1650677299.940378,-6.627822244180952e-05
