,time,value
0,1650657495.9863448,-0.9913525755211064
1,1650677300.235569,-3.4207952085086203e-06
