,time,value
0,1650657495.925729,-0.92772215956169
1,1650677300.1734834,-4.536201295336626e-05
