,time,value
0,1650657495.7338877,-1.320229922163379
1,1650677299.702124,-2.2695733550269503e-05
