,time,value
0,1650657495.882903,-1.5604494186854696
1,1650677300.1233628,-1.263302914708496e-05
