,time,value
0,1650657495.6829212,-1.1019533348976964
1,1650677299.6064074,-7.636241353264588e-05
