,time,value
0,1650657495.7498934,-1.2248130121521588
1,1650677299.7042089,-4.4860709154483767e-05
