,time,value
0,1650657495.7734823,-0.8593924608847496
1,1650677299.7859957,-7.05257454924931e-06
