,time,value
0,1650657495.953244,-0.849863237464279
1,1650677300.2006068,-1.4209266531094601e-05
