,time,value
0,1650657495.6767282,-1.1533968893645323
1,1650677299.604564,-5.80507377187692e-06
