,time,value
0,1650657495.681644,-1.0295688883811394
1,1650677299.6059642,-8.931862471072042e-05
