,time,value
0,1650657495.8214395,-1.2187058690965111
1,1650677299.9392064,-1.7989969009761842e-05
