,time,value
0,1650657495.8690815,-1.2200106168092064
1,1650677300.072834,-1.0944289756612523e-05
2,1650896309.6131303,-3.5321090713260337
3,1650902027.2235126,-3.841377702423048
4,1650907972.234472,1.232918496370233
5,1650913671.5036066,0.3535096286901127
6,1650919410.0717623,-0.2852455937411379
