,time,value
0,1650657495.785372,-0.9995669047116909
1,1650677299.8237748,-2.8610542011806628e-05
