,time,value
0,1650657495.704497,-1.0944585781820095
1,1650677299.637957,-1.2332262731554587e-05
