,time,value
0,1650657495.835511,-1.0933524919013067
1,1650677300.022454,-0.0001457492514088955
