,time,value
0,1650657496.0404773,-0.9096875022522549
1,1650677300.2485762,-7.409261232020325e-06
