,time,value
0,1650657495.9892826,-0.9924969679839024
1,1650677300.23765,-2.3865814276507708e-05
