,time,value
0,1650657495.904143,-0.9749810964293136
1,1650677300.1418664,-6.889813823667016e-05
