,time,value
0,1650657495.75914,-1.1344786428232212
1,1650677299.7348723,-3.703683983699151e-05
