,time,value
0,1650657495.807696,-1.046507720730895
