,time,value
0,1650657495.8534343,-1.1095261936678316
1,1650677300.0251856,-3.7920434623028095e-05
