,time,value
0,1650657495.8343558,-0.8855061601121351
1,1650677300.0216458,-7.289236891072234e-05
