,time,value
0,1650657495.764427,-1.1383588300278653
1,1650677299.78333,-2.2023889843456463e-05
