,time,value
0,1650657495.8153136,-1.018428732527313
1,1650677299.930002,-5.283129640101284e-05
