,time,value
0,1650657496.0340047,-1.0753803472150445
1,1650677300.2450066,-1.3999749790846614e-05
