,time,value
0,1650657495.8302393,-1.239727729051021
1,1650677299.9807544,-0.000633816632200804
