,time,value
0,1650657496.054726,-0.9353277470034668
