,time,value
0,1650657495.8138523,-1.2403240663362192
1,1650677299.9290547,-4.770218311999453e-05
