,time,value
0,1650657495.9330437,-1.1888475687645397
1,1650677300.179884,-9.022473653325819e-05
