,time,value
0,1650657495.9344883,-1.539843654000866
1,1650677300.1813545,-3.8206997407446206e-05
