,time,value
0,1650657495.973884,-1.0298668897210101
1,1650677300.2165656,-3.474069770031582e-05
