,time,value
0,1650657496.0341892,-1.0508876407204026
1,1650677300.24514,-1.8275884195366525e-05
