,time,value
0,1650657495.8101997,-1.0704730518835615
1,1650677299.8843834,-2.804882709907498e-05
