,time,value
0,1650657495.9815533,-1.3932556356830124
1,1650677300.2264538,-0.00010574371815486604
