,time,value
0,1650657495.8336048,-1.077270193741949
1,1650677300.0210955,-1.3909053228208713e-05
