,time,value
0,1650657495.853093,-0.9075452769753702
1,1650677300.0249338,-3.6613158620155744e-05
