,time,value
0,1650657496.004764,-1.1146872628953979
1,1650677300.242002,-1.558383456653775e-05
