,time,value
0,1650657496.0352745,-1.126630658765564
1,1650677300.245446,-1.678971709101922e-05
