,time,value
0,1650657495.9085815,-1.1240288927805715
