,time,value
0,1650657496.0459435,-1.2030154154274817
1,1650677300.2506974,-3.241460785696346e-05
