,time,value
0,1650657495.9716904,-1.100890928018889
1,1650677300.2146668,-0.0001473133270628
