,time,value
0,1650657496.037513,-1.0434482745494669
1,1650677300.246922,-1.4242870206970492e-05
