,time,value
0,1650657495.673184,-1.1586180504402863
1,1650677299.602347,-3.7891710043667736e-05
