,time,value
0,1650657495.7835088,-1.0426296194555298
1,1650677299.822475,-8.41925854802392e-06
