,time,value
0,1650657496.0574095,-1.1095340518123946
1,1650677300.2602668,-0.0004446020887262
