,time,value
0,1650657495.8552914,-1.046974537311416
1,1650677300.0666494,-2.4444243483911556e-05
