,time,value
0,1650657495.8033502,-1.3012383718494405
1,1650677299.8648336,-5.500025541932576e-05
