,time,value
0,1650657495.931736,-1.014221339765183
1,1650677300.177495,-4.171371213295309e-05
