,time,value
0,1650657495.8143806,-1.2340286336700037
1,1650677299.9294891,-5.289692475819955e-06
