,time,value
0,1650657495.8697922,-1.036442525035145
1,1650677300.1048768,-1.020090439547845e-05
