,time,value
0,1650657495.932302,-1.0556653618508722
1,1650677300.1779354,-1.9236846301072275e-05
