,time,value
0,1650657495.9462335,-1.267809395866839
1,1650677300.1879606,-2.4655094381389423e-05
