,time,value
0,1650657495.9359462,-1.2687869870029644
1,1650677300.182731,-0.00018791773071357538
