,time,value
0,1650657495.9381146,-1.1521176498958479
1,1650677300.1846604,-2.207601892343725e-05
