,time,value
0,1650657495.7914417,-1.1263959994120063
1,1650677299.862174,-1.5632992911367084e-05
