,time,value
0,1650657495.8307776,-1.0926121296751945
1,1650677299.981174,-5.255896567312685e-05
2,1650896309.6008534,-3.846308603457645
3,1650902027.2092893,-3.844450212449676
4,1650907958.994408,1.692035672154854
5,1650913659.482642,0.5220500070290994
6,1650919398.0238898,-0.1961716560393511
