,time,value
0,1650657495.820262,-1.0066750385480414
1,1650677299.9382803,-3.321801156024709e-05
