,time,value
0,1650657495.792217,-1.1938484754684495
1,1650677299.862736,-1.2937543786707717e-05
