,time,value
0,1650657495.7570217,-1.0899700074684588
