,time,value
0,1650657495.9800897,-0.947307305441382
1,1650677300.223453,-1.1451414770944256e-05
