,time,value
0,1650657495.9853702,-1.138778093131828
1,1650677300.2350142,-2.1428192006112807e-05
