,time,value
0,1650657495.7934673,-1.2762783192311715
1,1650677299.863663,-2.030097155448396e-05
2,1650896309.584679,-3.573018654294543
3,1650902027.1354735,-4.070438056010344
4,1650907945.6446054,1.2083576917499248
5,1650913648.3218265,0.0293023206732757
6,1650919375.2214274,0.1144636337188148
