,time,value
0,1650657495.9357967,-1.355515031232771
1,1650677300.182602,-0.00018540008370794068
2,1650896309.6308358,-4.505080918079026
3,1650902027.2397108,-4.395221667052792
4,1650907986.4004905,1.4585719096810836
