,time,value
0,1650657495.705261,-0.983017060812905
1,1650677299.6385407,-1.5810133438623052e-05
