,time,value
0,1650657495.989713,-1.1212332457216
1,1650677300.2379193,-2.808150160795061e-06
