,time,value
0,1650657495.7519252,-1.5534323014233884
