,time,value
0,1650657495.8536296,-1.3708744586642911
1,1650677300.0479677,-2.346837907123691e-05
