,time,value
0,1650657495.8328917,-1.5465484489787211
1,1650677300.0038264,-7.825534027223583e-05
