,time,value
0,1650657495.970032,-1.3352546207470721
1,1650677300.213252,-0.00022284514885046597
