,time,value
0,1650657495.7806091,-1.1684155060894463
1,1650677299.807963,-4.147885554455473e-05
