,time,value
0,1650657496.005755,-1.0253335782253288
1,1650677300.2424014,-2.6011231618279693e-05
