,time,value
0,1650657495.9973683,-1.0697613868532363
1,1650677300.241334,-7.214660117595785e-06
