,time,value
0,1650657495.673529,-1.0914697315656945
1,1650677299.602584,-9.464364892176209e-06
