,time,value
0,1650657495.7481687,-0.8690671764461461
1,1650677299.7037065,-1.989511131201764e-05
