,time,value
0,1650657495.757757,-1.376817576689807
1,1650677299.73382,-5.16969662674131e-05
