,time,value
0,1650657495.779324,-1.3818182075338024
1,1650677299.8069205,-4.103593371594126e-05
