,time,value
0,1650657495.997135,-0.9772949737587828
1,1650677300.2411506,-9.491584119306624e-06
