,time,value
0,1650657495.7574096,-1.912092782640839
