,time,value
0,1650657495.8820455,-2.050756630156023
1,1650677300.1227894,-1.897846520183723e-05
