,time,value
0,1650657495.8845136,-1.3491639840075418
1,1650677300.1244226,-3.0227251825429762e-05
