,time,value
0,1650657496.0516036,-1.5361325385854354
