,time,value
0,1650657495.9757955,-1.0433975733017171
1,1650677300.2200153,-1.11277075951113e-05
