,time,value
0,1650657495.8559914,-1.153449816305588
1,1650677300.0683658,-2.5634724116706672e-05
