,time,value
0,1650657495.953605,-0.9595699413701896
