,time,value
0,1650657495.8298278,-1.9196731556969182
1,1650677299.9804678,-7.1989806597506095e-06
