,time,value
0,1650657495.9791644,-1.1278163369143388
1,1650677300.2227545,-0.000121740768438
