,time,value
0,1650657495.6752937,-0.8685344358823095
1,1650677299.603682,-3.549146328751052e-05
