,time,value
0,1650657495.8795872,-1.1085449051604033
1,1650677300.1058345,-1.5355315470464918e-05
