,time,value
0,1650657495.670751,-1.0826775401484976
1,1650677299.583842,-5.562370507906883e-05
