,time,value
0,1650657495.854214,-1.458794576272302
1,1650677300.050426,-8.268080809766964e-06
