,time,value
0,1650657495.9473643,-0.999055812243376
1,1650677300.198025,-1.8159066970676563e-05
2,1650896309.634943,-2.7676544604674795
3,1650902027.2446623,-4.008641267247768
4,1650907995.2827668,1.5339493825024613
5,1650913721.9228246,0.2375239824913565
6,1650919441.2954066,-0.0038225550869282
