,time,value
0,1650657496.040261,-1.117370397426542
1,1650677300.2484462,-4.6961290626431734e-05
