,time,value
0,1650657495.8163204,-1.049082787024325
1,1650677299.930678,-2.072915005592993e-05
