,time,value
0,1650657495.8613305,-1.150203944425582
1,1650677300.0723505,-1.6291446102745893e-05
