,time,value
0,1650657495.8334274,-1.0065225596241842
1,1650677300.0209234,-3.2773837736746624e-05
