,time,value
0,1650657495.7864845,-1.1612819261912348
