,time,value
0,1650657495.7079434,-1.0789613271384568
1,1650677299.63968,-2.731256391714541e-05
