,time,value
0,1650657495.7929456,-1.2304383748802687
1,1650677299.863283,-2.8156061434613323e-05
