,time,value
0,1650657496.0054092,-1.1505309852378045
1,1650677300.2422693,-7.1187440640304295e-06
