,time,value
0,1650657495.8192694,-1.0181254922830827
1,1650677299.9376328,-5.597454878608115e-05
