,time,value
0,1650657495.8336048,-1.0772701937419493
1,1650677300.0210955,-1.3909053228208713e-05
