,time,value
0,1650657496.0448763,-1.071476159018786
1,1650677300.2500083,-1.9843007257028474e-06
2,1650896309.6618624,-4.734973599299531
3,1650902027.2694151,-4.491605031417073
