,time,value
0,1650657495.8163204,-1.049082787024325
1,1650677299.9306781,-2.0729150055929926e-05
