,time,value
0,1650657495.860417,-1.0398796767243104
1,1650677300.071713,-2.3103608626664125e-05
