,time,value
0,1650657495.9095378,-1.320793048568449
1,1650677300.1451108,-6.35710329044736e-05
