,time,value
0,1650657495.9392252,-1.0379816257308978
