,time,value
0,1650657495.991155,-1.1214393194739791
1,1650677300.2394302,-3.996341709991508e-06
