,time,value
0,1650657496.0385845,-0.8401873595646826
1,1650677300.2473564,-6.012960954516524e-05
