,time,value
0,1650657495.8064497,-0.981353885544821
1,1650677299.8652384,-2.3080875588464644e-05
