,time,value
0,1650657496.007394,-0.9612139412086436
1,1650677300.2428246,-7.711159919258056e-05
