,time,value
0,1650657495.9204974,-1.1192690406492525
1,1650677300.1465535,-6.592797159031647e-05
