,time,value
0,1650657495.763625,-1.032985807758154
1,1650677299.7818985,-2.9491918675751464e-05
