,time,value
0,1650657495.6647468,-0.871322712410535
