,time,value
0,1650657495.987677,-0.9682991144395964
1,1650677300.23641,-5.710479063903373e-05
2,1650896309.6490006,-5.3277867409765856
3,1650902027.258726,-3.702616286791695
