,time,value
0,1650657495.9214416,-1.057890415875597
1,1650677300.1472807,-3.758913029320613e-05
