,time,value
0,1650657496.0566344,-1.1918129923199308
1,1650677300.2597148,-1.461403042600043e-05
