,time,value
0,1650657495.8135047,-0.9087678287154219
