,time,value
0,1650657495.982761,-1.207208993468688
1,1650677300.2302732,-8.393857533185378e-06
