,time,value
0,1650657496.0538018,-1.2288708824634704
1,1650677300.2581904,-6.118600977944867e-06
