,time,value
0,1650657495.8593943,-1.0918433761829685
1,1650677300.070949,-0.00031145978017582904
