,time,value
0,1650657495.8793952,-1.5017403702998653
1,1650677300.1057134,-8.99321172447451e-05
