,time,value
0,1650657495.9703844,-1.2421786581596956
