,time,value
0,1650657495.8151398,-1.069089521796338
1,1650677299.929875,-2.6423147796920733e-05
