,time,value
0,1650657495.8587165,-1.1154165367473678
