,time,value
0,1650657496.054918,-1.1189296565193587
1,1650677300.2591443,-0.00013011967661691643
2,1650896309.669019,-3.216957760308533
3,1650902027.2740803,-4.056072583988288
