,time,value
0,1650657496.0473468,-1.3633175989411928
1,1650677300.2524831,-2.486825376570426e-05
