,time,value
0,1650657496.0457573,-1.0160035422550746
1,1650677300.250566,-0.0009134395296456508
