,time,value
0,1650657495.982577,-1.1560647018527692
1,1650677300.2276018,-3.989332055447106e-05
