,time,value
0,1650657495.818371,-1.4240513959475452
1,1650677299.9369082,-2.0033609416658602e-05
