,time,value
0,1650657495.9932933,-1.0482667276429696
1,1650677300.241022,-5.4043053715862654e-05
2,1650896309.6529975,-4.347932387441568
3,1650902027.2631094,-3.894254575421935
4,1651086949.3502088,-1.1688716391787677
5,1651087269.360723,-0.2441734407509654
6,1651087538.8148162,-0.4154803331322784
7,1651087799.7374272,1.543816906311286
8,1651088137.2449715,-0.1734256390836654
9,1651088529.1462286,-2.4318753925230285
