,time,value
0,1650657495.8799474,-1.1149172950930135
1,1650677300.1063566,-0.0001488086892295
