,time,value
0,1650657495.7754388,-0.9544858675122582
1,1650677299.805865,-3.8180623725422016e-05
