,time,value
0,1650657495.9466038,-1.3897885825613059
1,1650677300.1882236,-3.2502651654298476e-05
