,time,value
0,1650657496.0441747,-1.183359784410353
