,time,value
0,1650657495.9767337,-1.0482075826233295
1,1650677300.2220874,-0.0001572797912358354
