,time,value
0,1650657495.8278642,-1.4935162684568852
1,1650677299.960536,-0.00015578601989520242
2,1650896309.5988398,-3.6892089787864273
3,1650902027.148086,-4.554182365360471
4,1650907958.992173,1.588881734175105
5,1650913659.4815047,1.0174956218464026
6,1650919398.0223367,-0.22158200835768432
