,time,value
0,1650657496.0333476,-1.0067230206875235
