,time,value
0,1650657495.836681,-1.1269258252633594
1,1650677300.0231025,-1.5026868751204884e-05
