,time,value
0,1650657495.9913602,-0.9937325660723084
1,1650677300.2396016,-7.67237351995776e-05
