,time,value
0,1650657495.785194,-1.144154231945563
1,1650677299.8236475,-4.938751685222292e-05
