,time,value
0,1650657495.6692097,-1.1432762864022694
1,1650677299.5827758,-3.060931344162719e-05
