,time,value
0,1650657495.9253623,-1.0539284083279477
