,time,value
0,1650657495.985969,-1.5773144245210868
