,time,value
0,1650657496.0406647,-1.3550666054507519
1,1650677300.2487285,-3.3916298567477855e-05
