,time,value
0,1650657496.055299,-1.0120263734526829
1,1650677300.25942,-6.478080271094993e-05
