,time,value
0,1650657495.760229,-1.1526424635733414
1,1650677299.7356737,-4.181800471188541e-05
