,time,value
0,1650657495.908218,-1.1212997325476934
