,time,value
0,1650657495.808648,-1.1458224628911078
1,1650677299.883059,-1.8955108440424467e-05
