,time,value
0,1650657495.7609053,-1.0848229340767106
1,1650677299.736184,-5.198281263407361e-06
