,time,value
0,1650657496.0532808,-1.0285358389587125
1,1650677300.25779,-1.2898852291755098e-05
2,1650896309.667594,-2.974207612457397
3,1650902027.2734687,-4.520180084753377
