,time,value
0,1650657495.9995008,-1.8783505550302324
1,1650677300.241869,-1.5749603301209216e-05
