,time,value
0,1650657495.8854578,-1.1611525060708194
1,1650677300.1271937,-1.7957890558178655e-05
