,time,value
0,1650657495.905896,-1.2476264011449218
1,1650677300.1428714,-0.0001351123254627874
