,time,value
0,1650657495.7807841,-1.5541341968943203
1,1650677299.8080912,-6.4152299234339555e-06
2,1650896309.5184975,-1.0299699265105893
3,1650902027.1282148,-4.213207377822998
4,1650907936.8199844,0.9572916696687199
