,time,value
0,1650657495.7517598,-0.999214797777069
