,time,value
0,1650657495.8319154,-1.2091207700946274
1,1650677299.9966629,-0.00014523469682392042
