,time,value
0,1650657495.7629008,-1.0486267420519364
1,1650677299.765701,-4.22008705781042e-05
