,time,value
0,1650657495.7877831,-0.9987361095153298
1,1650677299.8447735,-0.0001668736371763
