,time,value
0,1650657495.856931,-0.9765363214949532
1,1650677300.0690646,-2.0186141406767016e-05
