,time,value
0,1650657495.7621822,-1.0271747138211202
1,1650677299.7369761,-4.272857381497202e-05
2,1650896309.511501,-4.214496454343478
3,1650902027.116469,-4.712908569391122
4,1650907926.2311242,1.3790352162302797
5,1650913617.6684422,0.4738213984398221
6,1650919335.9630623,-0.06423686565799562
