,time,value
0,1650657495.9571822,-1.098265435013201
1,1650677300.211384,-2.440035336907406e-05
2,1650896309.6378355,-3.673569273521312
3,1650902027.2484012,-3.764382221674031
4,1650907995.285036,1.822202486281204
5,1650913721.929943,0.2568215877542663
6,1650919441.297384,-0.2071457647011855
