,time,value
0,1650657495.7352903,-1.0317252739627212
1,1650677299.703173,-7.963359444747226e-05
