,time,value
0,1650657496.0086231,-0.9783794107475711
1,1650677300.2433572,-0.00035954084800266504
