,time,value
0,1650657495.8812509,-1.172362116390259
1,1650677300.1224222,-1.4187555120339068e-05
