,time,value
0,1650657496.0088031,-0.9860128399941892
1,1650677300.2434893,-7.478093061658002e-06
