,time,value
0,1650657495.8180172,-1.274634156502758
1,1650677299.9366412,-2.504349359273041e-05
