,time,value
0,1650657495.970032,-1.335254620747072
1,1650677300.213252,-0.0002228451488504
