,time,value
0,1650657495.759659,-0.8462511214535083
