,time,value
0,1650657495.943641,-1.0512492186608928
1,1650677300.1868553,-7.98734759146423e-05
