,time,value
0,1650657495.9489703,-1.18362260776946
1,1650677300.1993473,-2.6903547085644815e-05
2,1650896309.6356664,-5.354635421617251
3,1650902027.2457514,-4.383133586167432
4,1650907995.2833261,1.3318977377277843
5,1650913721.923777,0.43908910386035693
6,1650919441.2959647,-0.007983761813847311
