,time,value
0,1650657495.8472202,-1.0274689387103435
1,1650677300.024146,-0.000180444781188
