,time,value
0,1650657495.8558207,-1.1647520308297439
1,1650677300.0682342,-1.5548295882877092e-05
