,time,value
0,1650657495.9479454,-1.0207668267417231
