,time,value
0,1650657495.8686352,-0.9864912742090374
1,1650677300.0725844,-0.0002010837561019
