,time,value
0,1650657496.0477006,-1.108734416637293
1,1650677300.252948,-8.211332640128552e-05
