,time,value
0,1650657495.8324945,-1.804523838619166
