,time,value
0,1650657495.85655,-1.380509565611485
1,1650677300.0687697,-2.867211897931888e-05
