,time,value
0,1650657495.7649744,-1.2214207444392233
1,1650677299.7837563,-3.4686875973592775e-05
