,time,value
0,1650657495.6751225,-1.1905315720933345
1,1650677299.6035745,-5.9485398932861873e-05
