,time,value
0,1650657495.6763892,-0.9443981481326086
1,1650677299.6043522,-8.053606924918867e-06
