,time,value
0,1650657495.7479558,-1.1591576325585888
1,1650677299.7035515,-1.1184261357415897e-05
