,time,value
0,1650657495.893943,-1.3537542899038317
1,1650677300.1338036,-1.4797988721748685e-05
