,time,value
0,1650657495.7586412,-1.234816011559418
1,1650677299.7344885,-8.361441378016768e-05
