,time,value
0,1650657495.7866592,-0.767348587478163
1,1650677299.824689,-0.0001551737048234
