,time,value
0,1650657496.032792,-0.9406150098262764
1,1650677300.2441814,-0.0008244627688637
