,time,value
0,1650657495.909335,-1.1658458625202952
1,1650677300.144956,-2.5979369881979232e-05
