,time,value
0,1650657495.828085,-0.9589617528933394
1,1650677299.960665,-5.123008848471011e-05
