,time,value
0,1650657496.048993,-1.1531148535601585
