,time,value
0,1650657495.7850192,-1.5771723266595488
1,1650677299.8235207,-0.00013663882215497264
