,time,value
0,1650657495.8311303,-1.0256559403500694
1,1650677299.9814465,-4.604144216400154e-05
