,time,value
0,1650657495.8076959,-1.046507720730895
