,time,value
0,1650657495.68094,-1.0672223713534015
1,1650677299.6054392,-2.1471385899946165e-05
