,time,value
0,1650657495.748978,-1.062703276992806
1,1650677299.704083,-5.327225413919324e-05
