,time,value
0,1650657495.8330717,-1.1445648328720248
1,1650677300.0161295,-1.386025681617517e-05
