,time,value
0,1650657495.8615031,-1.2509045460296548
