,time,value
0,1650657495.705087,-1.0140655605071702
1,1650677299.6383839,-3.446876943321675e-05
