,time,value
0,1650657495.9718704,-1.117900041367769
1,1650677300.2148027,-1.7649687534029617e-05
