,time,value
0,1650657495.8825622,-1.0467527642784378
