,time,value
0,1650657495.7907217,-1.1448864780782657
1,1650677299.861631,-3.7609001842804126e-05
