,time,value
0,1650657495.9774482,-1.3712372451585744
