,time,value
0,1650657495.991715,-2.3662318415427213
1,1650677300.2398975,-1.6807449573466413e-05
