,time,value
0,1650657495.7023907,-1.3690507359132804
1,1650677299.6089346,-4.5798427433383566e-05
