,time,value
0,1650657495.8170931,-1.4773712721834371
1,1650677299.9311864,-7.433298175698083e-05
