,time,value
0,1650657495.8075216,-1.1254486217621003
1,1650677299.882219,-4.0044992346774786e-05
