,time,value
0,1650657495.9484005,-0.9626847142060482
1,1650677300.198936,-1.4848496209578944e-05
