,time,value
0,1650657495.8831005,-1.0849150898476059
1,1650677300.1235123,-3.4522523991432735e-05
