,time,value
0,1650657495.669391,-1.0365873902414082
1,1650677299.5829046,-2.1051484333049783e-05
