,time,value
0,1650657495.8326733,-1.224593163948528
