,time,value
0,1650657495.6920903,-1.1612410154575243
1,1650677299.608124,-3.0791524693312565e-05
