,time,value
0,1650657495.8109453,-1.2213867610680675
1,1650677299.8849254,-4.8171450323159123e-05
