,time,value
0,1650657495.821791,-1.3168987570876671
1,1650677299.9394886,-7.670342566618551e-05
