,time,value
0,1650657495.8290813,-1.4317524464570732
1,1650677299.9613342,-5.79711343523562e-05
