,time,value
0,1650657495.8597112,-1.0053617514860362
