,time,value
0,1650657495.807172,-1.147923224262886
