,time,value
0,1650657495.6689951,-1.1095577408443025
1,1650677299.5826368,-8.886260544697051e-06
