,time,value
0,1650657495.734466,-1.4176991256161822
1,1650677299.7025032,-1.109923270568156e-05
