,time,value
0,1650657495.8304174,-0.9319072379839092
1,1650677299.9808846,-6.5856342818330885e-06
