,time,value
0,1650657495.673713,-1.2161728917032748
