,time,value
0,1650657495.975029,-1.2137957887748867
