,time,value
0,1650657495.8538032,-1.297029435341754
1,1650677300.050106,-1.775683682536762e-05
