,time,value
0,1650657495.9341066,-1.034972150080366
1,1650677300.18104,-4.0205693250256875e-05
