,time,value
0,1650657495.8321338,-0.9470411208153876
1,1650677300.0027692,-5.609388999635437e-05
