,time,value
0,1650657495.9268458,-1.173334502281088
1,1650677300.175981,-0.00010581806169406125
