,time,value
0,1650657495.788162,-0.9475082300388087
1,1650677299.8453374,-1.3460369465253435e-05
