,time,value
0,1650657495.8169134,-1.2832360024839886
1,1650677299.9310586,-0.00017394813448198265
2,1650896309.5937665,-3.684587693464073
3,1650902027.1433716,-4.142203414096704
4,1650907945.6547344,1.333836741166936
5,1650913648.3264868,0.803603231448766
6,1650919375.2328453,-0.03508266677513957
7,1651084793.3743405,-0.44562958292715676
8,1651085965.5835352,-2.074796678643126
