,time,value
0,1650657495.7761102,-1.2138402579022116
1,1650677299.8062823,-4.140860573567095e-05
