,time,value
0,1650657495.860798,-1.0127602923148828
1,1650677300.071956,-0.00015806509540367152
