,time,value
0,1650657495.8341393,-1.9924802421852714
1,1650677300.0215142,-8.238988653218084e-05
