,time,value
0,1650657495.7021465,-1.293985503376454
1,1650677299.6088002,-4.414340057666759e-05
