,time,value
0,1650657495.6663616,-1.3176436107257243
1,1650677299.581911,-4.921129404985124e-06
