,time,value
0,1650657495.750728,-0.8966364244019955
1,1650677299.705104,-5.330357391914949e-06
