,time,value
0,1650657495.846971,-0.95731623405589
1,1650677300.0240197,-0.0001473261697915869
