,time,value
0,1650657496.0396588,-1.1077653086097887
1,1650677300.248016,-7.227535120674885e-05
2,1650896309.6599493,-4.2250223036012295
3,1650902027.2680464,-3.654316971430223
