,time,value
0,1650657495.7025864,-0.9549238056087661
