,time,value
0,1650657495.9921007,-1.2598374259937528
1,1650677300.2402182,-5.609505006845788e-05
