,time,value
0,1650657495.6665316,-1.1730180449297296
1,1650677299.5820577,-2.688778413871724e-05
