,time,value
0,1650657495.6765592,-1.0395593528413725
1,1650677299.604458,-2.0435455536731265e-05
