,time,value
0,1650657495.7354426,-1.1851752278010226
1,1650677299.7033,-4.5438029594246596e-05
