,time,value
0,1650657495.8095777,-1.1613325212497647
