,time,value
0,1650657495.756645,-1.1890159808715057
1,1650677299.7330055,-1.8827314662448574e-05
