,time,value
0,1650657495.8359199,-1.236970991277527
1,1650677300.0225804,-1.0062373318575132e-05
