,time,value
0,1650657495.6650767,-1.2986211936868395
1,1650677299.5347161,-1.8825258196301345e-05
2,1650896309.4787169,-2.9238136072442846
3,1650902027.0885518,-3.8665104044362733
4,1650907855.9294329,1.586101875341486
5,1650913539.8055027,-0.042378583529402686
