,time,value
0,1650657495.725954,-1.280025863657526
