,time,value
0,1650657495.8931873,-1.2614617470945517
1,1650677300.1306639,-1.6634467386441673e-05
