,time,value
0,1650657495.7842586,-1.2450771283886348
1,1650677299.8229847,-1.4661950428002266e-05
