,time,value
0,1650657495.8986368,-1.3619589968774608
1,1650677300.1401398,-3.416266661294643e-05
2,1650896309.620853,-4.081067900740229
3,1650902027.228926,-3.919478263438208
4,1650907972.2424624,1.493882452258908
