,time,value
0,1650657495.933567,-0.966703705015826
1,1650677300.1805918,-0.0001307770305406
