,time,value
0,1650657495.9332194,-1.0545430391272272
1,1650677300.1800144,-1.6757886219213173e-05
