,time,value
0,1650657495.9880278,-1.2257464132987104
1,1650677300.2366784,-2.3086319900258476e-05
