,time,value
0,1650657495.8378499,-1.102130298918156
1,1650677300.0238922,-5.018182351224463e-05
