,time,value
0,1650657495.9931028,-1.1323833103439156
1,1650677300.2408848,-2.9137995996426497e-05
