,time,value
0,1650657496.0400813,-1.1090475133164306
1,1650677300.2483156,-3.1327051777081544e-05
