,time,value
0,1650657495.8219867,-1.2389787586454513
1,1650677299.9396152,-3.378430281534445e-05
