,time,value
0,1650657495.816512,-1.0582751729856041
1,1650677299.9308047,-3.985366871552091e-05
