,time,value
0,1650657495.8216004,-1.0541462556800667
1,1650677299.9393337,-5.39880605917242e-05
