,time,value
0,1650657495.7791443,-1.2117828275913745
1,1650677299.806794,-3.511635799409746e-05
