,time,value
0,1650657495.9103992,-0.9304642320875912
1,1650677300.145508,-2.5926202188128502e-05
