,time,value
0,1650657496.0089984,-1.7659435330420012
