,time,value
0,1650657495.8858273,-0.9083373780561507
1,1650677300.127489,-2.2116076437184652e-05
