,time,value
0,1650657496.0327919,-0.9406150098262765
1,1650677300.2441814,-0.000824462768863701
