,time,value
0,1650657496.0514274,-0.9662825088513173
1,1650677300.2562575,-9.181804914124392e-06
