,time,value
0,1650657495.925729,-0.9277221595616899
1,1650677300.1734834,-4.536201295336626e-05
