,time,value
0,1650657495.857812,-1.1105086189452673
1,1650677300.069755,-5.877866166677248e-05
