,time,value
0,1650657495.9922893,-1.4698356057576196
1,1650677300.2403543,-2.622301832309996e-05
