,time,value
0,1650657495.7931197,-1.2358392661030988
1,1650677299.8634112,-1.7752853012017624e-05
2,1650896309.5843842,-2.5286811512529925
3,1650902027.1353407,-3.9447434638643295
4,1650907945.6443255,1.9512856547671409
