,time,value
0,1650657495.734125,-1.1798234993186705
1,1650677299.7022502,-3.2261617453888144e-05
