,time,value
0,1650657495.9312801,-1.169410869849095
