,time,value
0,1650657495.727711,-0.9421230113585494
