,time,value
0,1650657495.977694,-0.9831720246193738
1,1650677300.2226212,-1.0138705704203511e-05
2,1650896309.6450367,-4.823973123942363
3,1650902027.2557137,-3.7944738042236774
4,1650907995.2918165,1.620595036440517
5,1650913721.9364731,0.35483581356410676
6,1650919441.3012047,-0.2693395616700197
