,time,value
0,1650657495.92498,-1.0732651098499777
1,1650677300.172942,-1.4568205747945789e-05
