,time,value
0,1650657496.060368,-0.9573985198683824
