,time,value
0,1650657495.6719234,-1.2829674954549497
1,1650677299.5845046,-1.2049952108786756e-05
