,time,value
0,1650657495.8082893,-0.9811173708175023
1,1650677299.8827717,-8.734063631834474e-05
