,time,value
0,1650657496.0443597,-1.446371666146646
