,time,value
0,1650657495.9705625,-1.1942833320970736
1,1650677300.2138343,-3.042655018707037e-05
