,time,value
0,1650657495.7602293,-1.1526424635733414
1,1650677299.7356737,-4.1818004711885414e-05
