,time,value
0,1650657495.6814733,-0.9663824286322792
1,1650677299.6058342,-2.1741739978250042e-05
