,time,value
0,1650657495.9381146,-1.152117649895848
1,1650677300.1846604,-2.207601892343725e-05
