,time,value
0,1650657495.9530551,-1.3103424384264435
1,1650677300.2004695,-9.231524549015388e-05
