,time,value
0,1650657496.0439668,-1.1673252370281104
1,1650677300.249453,-1.0263252855844817e-05
