,time,value
0,1650657495.8581877,-1.0402631518390122
1,1650677300.070033,-7.054559294964433e-06
