,time,value
0,1650657495.9101834,-1.4301067699756764
1,1650677300.1453826,-1.3790164771925566e-05
