,time,value
0,1650657495.8066285,-1.239794762359276
