,time,value
0,1650657495.8136818,-1.2693206352593032
