,time,value
0,1650657495.6744328,-0.9972192351153766
