,time,value
0,1650657495.9762716,-1.100667242866502
1,1650677300.2217798,-3.649954678497128e-06
