,time,value
0,1650657495.7756596,-0.9698600283165388
1,1650677299.8059924,-1.277009350868783e-05
2,1650896309.5163646,-3.9570335307552256
3,1650902027.126663,-4.020063152009615
4,1650907936.8177614,1.4826406682880389
5,1650913636.4593298,0.6725258848047058
6,1650919357.94503,-0.0681832171793429
