,time,value
0,1650657495.8191018,-1.1400578977605405
