,time,value
0,1650657495.9550939,-1.4051552806256467
1,1650677300.2014601,-4.35549062975341e-05
