,time,value
0,1650657496.0354931,-1.0136507322474024
1,1650677300.2455776,-3.449975020778726e-05
