,time,value
0,1650657495.8332474,-1.1359997163448854
1,1650677300.0207481,-1.9273440029824654e-05
