,time,value
0,1650657495.9928975,-1.0456951323436297
