,time,value
0,1650657495.7047193,-1.250493379663483
1,1650677299.6380956,-0.0001224552281278
