,time,value
0,1650657495.782932,-1.3364141002138856
1,1650677299.822054,-1.1884245214151786e-05
