,time,value
0,1650657495.8788733,-1.2755079646838596
1,1650677300.1054583,-9.966522878918044e-06
