,time,value
0,1650657496.054918,-1.1189296565193587
1,1650677300.2591443,-0.0001301196766169
2,1650896309.669019,-3.216957760308533
3,1650902027.2740805,-4.056072583988288
