,time,value
0,1650657495.7795124,-1.217120104450105
1,1650677299.807046,-1.935066003948149e-05
