,time,value
0,1650657495.858013,-0.9948784911594823
1,1650677300.0698998,-6.610943844385009e-05
