,time,value
0,1650657495.7561138,-0.9805591481772692
