,time,value
0,1650657495.9442751,-1.141564265525994
1,1650677300.18712,-0.00013074991977906857
