,time,value
0,1650657495.868888,-1.317258368927423
1,1650677300.072687,-0.0001408780557078
