,time,value
0,1650657495.83453,-1.0838747579861077
1,1650677300.0217867,-1.3398432897435386e-05
