,time,value
0,1650657495.762517,-1.152359215177764
1,1650677299.7372296,-1.5927982948423358e-05
