,time,value
0,1650657495.7738693,-1.6720109916287471
1,1650677299.8054533,-0.000112612220339
