,time,value
0,1650657495.7698495,-1.0981275414445693
1,1650677299.7845397,-2.383308945287569e-05
