,time,value
0,1650657495.7522736,-1.5781794485697425
