,time,value
0,1650657495.7605689,-0.9744381863445628
