,time,value
0,1650657495.9696052,-1.2184798184190426
1,1650677300.2129812,-3.5906979146298605e-05
