,time,value
0,1650657495.6749527,-0.918237707078982
1,1650677299.6034677,-0.000366606500855
