,time,value
0,1650657495.6818054,-1.4186416305451772
1,1650677299.6061018,-0.00022179758547023192
2,1650896309.4886384,-1.9063832614838507
3,1650902027.0970619,-3.8978409132215597
4,1650907888.2978737,1.3930690673671404
5,1650913577.5061064,-1.3200263642113412
6,1650919321.649577,0.161021490813561
