,time,value
0,1650657495.986944,-1.0522194974702828
1,1650677300.23585,-9.025101773506868e-05
