,time,value
0,1650657495.983354,-1.6420307064875128
1,1650677300.2307346,-8.60196269018928e-05
