,time,value
0,1650657495.9751363,-1.1595411216831797
1,1650677300.2191439,-2.5432596130526232e-05
2,1650896309.642685,-4.175824793227631
3,1650902027.2536755,-4.0401402597010865
4,1650907995.2907207,1.5655602150205403
5,1650913721.9336803,0.21708008654847832
6,1650919441.300112,0.023403570975970327
7,1651084849.9312384,-0.3626480151059174
8,1651085996.668701,-2.1270453973628496
9,1651086940.126286,-1.1011953731208421
10,1651087261.1078541,-0.2521702517387561
11,1651087530.638135,-0.4677391595415274
12,1651087793.7428036,1.5964515647501234
13,1651088128.093199,0.041117420725064094
14,1651088496.349379,-2.3600578747764076
