,time,value
0,1650657495.6697776,-0.8542737376861477
1,1650677299.5831869,-6.44216825097108e-05
