,time,value
0,1650657495.7537444,-1.366060509424847
1,1650677299.732529,-5.871277692079558e-05
