,time,value
0,1650657495.8118424,-1.2104264737992656
1,1650677299.9175324,-5.084218353451396e-05
