,time,value
0,1650657495.7090256,-1.2254430553580118
1,1650677299.6405303,-8.76768506088444e-06
