,time,value
0,1650657495.8149512,-1.4599996745077193
1,1650677299.929747,-0.0001468506341107
2,1650896309.5924575,-3.268459109001392
3,1650902027.1420877,-3.937885090268004
4,1650907945.6532865,1.3807137726802932
5,1650913648.325781,-0.2453658161903608
6,1650919375.2309422,-0.1218990253182038
