,time,value
0,1650657495.808109,-0.939769098805539
1,1650677299.882636,-2.3763258532388666e-05
