,time,value
0,1650657495.94919,-1.5103860722453912
1,1650677300.1994772,-3.336987419888266e-05
