,time,value
0,1650657495.7850192,-1.5771723266595488
1,1650677299.823521,-0.0001366388221549
