,time,value
0,1650657495.9692428,-1.6733590986663027
1,1650677300.2125895,-1.7791496434500227e-05
