,time,value
0,1650657495.6926255,-1.0590089131643172
1,1650677299.6082518,-6.272263950133077e-06
