,time,value
0,1650657495.7840762,-0.9540132816619388
1,1650677299.8228574,-3.2562804427908025e-05
