,time,value
0,1650657495.819447,-1.1156680614837653
1,1650677299.9377615,-2.325972563849301e-05
