,time,value
0,1650657495.7647865,-1.0912857641667917
1,1650677299.7836235,-0.00013833340885910071
