,time,value
0,1650657495.8801847,-1.2426621765712518
