,time,value
0,1650657496.038995,-1.1483999794286968
1,1650677300.247619,-1.717959855809094e-05
