,time,value
0,1650657495.906968,-1.2677112030685984
