,time,value
0,1650657495.8107708,-1.2756823742352124
1,1650677299.884767,-0.00010503556987349396
