,time,value
0,1650657495.9379215,-1.2128640461596536
1,1650677300.1845322,-7.350523782235088e-05
