,time,value
0,1650657495.9369667,-1.1729109971151703
