,time,value
0,1650657495.809015,-1.3807743202509208
1,1650677299.8833168,-0.00014665690271803742
