,time,value
0,1650657495.6850977,-1.191422951311477
1,1650677299.6073258,-1.6369414402503315e-05
