,time,value
0,1650657495.9891162,-1.3762107440769988
1,1650677300.2375202,-5.7320352997117756e-05
