,time,value
0,1650657495.8803804,-1.025170756366839
1,1650677300.1066,-1.0570070541412562e-05
