,time,value
0,1650657495.8337824,-1.0395367257035173
1,1650677300.0212314,-8.881550944975445e-05
