,time,value
0,1650657495.9374938,-1.0003728005605952
1,1650677300.1842756,-0.0001398493516636
