,time,value
0,1650657495.8580127,-0.9948784911594825
1,1650677300.0698998,-6.610943844385009e-05
