,time,value
0,1650657495.945417,-1.3912975155384395
1,1650677300.1874151,-3.396488137357287e-05
