,time,value
0,1650657496.0540137,-1.4039110128788235
1,1650677300.2583227,-1.0159224402263666e-05
