,time,value
0,1650657495.820045,-1.0346837016219164
