,time,value
0,1650657495.8274794,-0.9657024640844318
1,1650677299.9406605,-1.0859082136945082e-05
