,time,value
0,1650657495.885282,-1.0958460235893317
1,1650677300.127067,-9.87637640480904e-05
