,time,value
0,1650657495.8176289,-0.8741025274626979
