,time,value
0,1650657495.7630825,-1.0019627388893726
1,1650677299.7658367,-5.8851003248200296e-05
