,time,value
0,1650657495.7817252,-0.990682884204418
1,1650677299.8087592,-3.9585300266278544e-05
