,time,value
0,1650657495.9498448,-1.2272168065152451
1,1650677300.1999118,-0.0001339717793183
