,time,value
0,1650657495.8363287,-1.2819948394079892
1,1650677300.0228338,-1.4062897723061106e-05
