,time,value
0,1650657495.9337397,-0.9965877167940631
1,1650677300.1807432,-7.5577357230769e-05
