,time,value
0,1650657496.067714,-1.195106289018084
1,1650677300.2617702,-1.813471123058726e-05
