,time,value
0,1650657496.0437863,-1.0635542510219134
1,1650677300.249315,-9.206370486149224e-06
