,time,value
0,1650657495.6658134,-1.034634951022966
1,1650677299.5674784,-4.9635997322956914e-05
