,time,value
0,1650657495.885282,-1.0958460235893317
1,1650677300.1270673,-9.876376404809041e-05
