,time,value
0,1650657495.8031385,-0.8436913283958415
1,1650677299.864708,-8.299725251772948e-05
