,time,value
0,1650657495.892816,-1.3268696843641827
1,1650677300.129478,-4.069135533601985e-05
