,time,value
0,1650657495.7025864,-0.954923805608766
