,time,value
0,1650657495.8135047,-0.908767828715422
