,time,value
0,1650657495.9898949,-1.0936100225613936
1,1650677300.2380507,-7.80291127733653e-05
