,time,value
0,1650657495.8272786,-1.1890662585362348
1,1650677299.940534,-1.2071184791321885e-05
