,time,value
0,1650657495.883476,-1.1760168347448543
1,1650677300.1237626,-0.0001642861499675
