,time,value
0,1650657495.9062407,-1.4882297819975219
1,1650677300.1431665,-8.071692185107039e-05
