,time,value
0,1650657495.8370445,-0.9927574352841047
