,time,value
0,1650657495.7885175,-1.043518871706147
1,1650677299.8457925,-4.5726788016251e-06
