,time,value
0,1650657495.9711478,-1.1132401687797382
1,1650677300.2142444,-3.2631898160897116e-05
