,time,value
0,1650657495.9918854,-1.4852588069962769
1,1650677300.2400558,-6.073636556062698e-05
