,time,value
0,1650657495.9073071,-0.9530574937766724
