,time,value
0,1650657496.0415597,-1.235868901703896
1,1650677300.2488582,-9.196673132029103e-06
