,time,value
0,1650657495.8189006,-1.4049398178488326
1,1650677299.9373713,-2.2924144845361595e-05
