,time,value
0,1650657495.787413,-1.1476355863245291
1,1650677299.8250673,-4.0439142630615615e-05
