,time,value
0,1650657495.7623498,-1.1013051731560064
1,1650677299.7371025,-2.136815491841468e-05
