,time,value
0,1650657496.0572205,-0.9143247066448416
