,time,value
0,1650657495.7044973,-1.0944585781820095
1,1650677299.6379573,-1.2332262731554589e-05
