,time,value
0,1650657495.8347166,-1.514825155818422
