,time,value
0,1650657495.8069959,-1.1253387819625318
1,1650677299.8817966,-6.79624220014257e-05
