,time,value
0,1650657495.9348187,-1.1035454466233365
