,time,value
0,1650657495.9471903,-1.0269149486815998
