,time,value
0,1650657495.7712502,-1.1156471039553055
1,1650677299.7855396,-3.334076703678598e-05
