,time,value
0,1650657495.785194,-1.1441542319455633
1,1650677299.8236477,-4.938751685222292e-05
