,time,value
0,1650657496.0488207,-1.6573345135743656
1,1650677300.2537937,-6.050354123113056e-05
