,time,value
0,1650657496.034366,-1.2738268412841787
1,1650677300.2453058,-3.5911017693718e-05
