,time,value
0,1650657495.828271,-1.2640929712038782
1,1650677299.9607909,-6.194377824902441e-05
