,time,value
0,1650657495.7819111,-1.0318998872052985
1,1650677299.8088856,-4.2175288374002305e-05
