,time,value
0,1650657496.033622,-1.19767187206274
1,1650677300.2447424,-1.092242346981425e-05
