,time,value
0,1650657495.6758406,-1.1172755489474333
1,1650677299.6040347,-5.879022819296756e-05
