,time,value
0,1650657496.0367286,-0.9249394266427139
1,1650677300.2464101,-5.795264840375161e-06
