,time,value
0,1650657495.8831005,-1.084915089847606
1,1650677300.1235125,-3.4522523991432735e-05
