,time,value
0,1650657495.81167,-0.9569885536889552
