,time,value
0,1650657495.7714715,-1.2832437783794992
1,1650677299.7856846,-0.00018087285761749902
