,time,value
0,1650657495.926075,-1.0704558773700703
1,1650677300.1737378,-2.18542829556426e-05
2,1650896309.6273005,-4.957419987561844
3,1650902027.2355154,-3.75254665029375
4,1650907986.3958676,1.6307270114594417
5,1650913697.4149597,0.7016044862458053
6,1650919427.2000873,-0.2339933285905548
