,time,value
0,1650657495.7745402,-0.9599161083669816
1,1650677299.8057349,-6.139831883997205e-06
2,1650896309.5161157,-2.4867381294452526
3,1650902027.126501,-3.8976408086069
4,1650907936.8174696,1.8849231246036788
5,1650913636.459201,0.9062097180361656
6,1650919357.9447875,0.0162110785459714
