,time,value
0,1650657495.822291,-1.1495365897725311
1,1650677299.939743,-3.224024010885955e-05
