,time,value
0,1650657495.750074,-1.0281701589969519
1,1650677299.7043347,-0.00011240692475760268
2,1650896309.5040574,-3.5950772509208986
3,1650902027.1093159,-4.174664406401661
4,1650907926.2250154,1.2507323869592823
5,1650913617.6599376,0.42158689024630386
6,1650919335.9582922,-0.10038920720572175
