,time,value
0,1650657496.0481014,-1.2043394145409458
1,1650677300.2532318,-9.105959090573629e-05
