,time,value
0,1650657495.7704122,-1.0453650167285171
1,1650677299.7849536,-3.4420577558599923e-06
