,time,value
0,1650657495.8300295,-0.874417269496349
1,1650677299.9806278,-8.575660494173911e-05
