,time,value
0,1650657495.6827075,-2.062005146803128
