,time,value
0,1650657495.880185,-1.2426621765712518
