,time,value
0,1650657495.854387,-1.0797936528110101
1,1650677300.0510747,-1.3448182102858943e-05
