,time,value
0,1650657495.6728392,-1.210990141817359
