,time,value
0,1650657495.8574564,-0.8814820914276785
1,1650677300.0694833,-6.14847103258843e-05
