,time,value
0,1650657495.819614,-1.1000081719382413
1,1650677299.9378915,-4.268609601410193e-05
