,time,value
0,1650657495.8545656,-1.1198393013676042
1,1650677300.0512226,-1.6613651037450812e-05
