,time,value
0,1650657495.7632663,-1.0648144958083423
1,1650677299.7787645,-5.337414080519409e-06
