,time,value
0,1650657495.9525976,-1.0547827305030877
1,1650677300.200204,-1.0784325157750646e-05
2,1650896309.6364603,-4.48562321177172
3,1650902027.246537,-4.134259645874991
4,1650907995.2837186,1.3846611261873143
5,1650913721.928454,0.6659645013091292
6,1650919441.296359,-0.2281285650667283
