,time,value
0,1650657495.9992626,-1.0343206031013763
1,1650677300.241737,-0.0001127183706617
2,1650896309.6536794,-3.623925822438687
3,1650902027.263526,-3.7487353801102055
