,time,value
0,1650657495.9713323,-1.3886860581735696
1,1650677300.2143736,-2.763926825637764e-05
