,time,value
0,1650657495.9433098,-1.3353809686846634
