,time,value
0,1650657495.973683,-0.9801538168321363
