,time,value
0,1650657495.9906263,-1.103955289590546
1,1650677300.2390184,-7.719083402284843e-06
