,time,value
0,1650657495.9328249,-1.0856610259548998
1,1650677300.1797438,-6.481245006149174e-06
