,time,value
0,1650657495.9793062,-1.3511998344406708
1,1650677300.2228866,-2.1548083438806087e-05
