,time,value
0,1650657495.792569,-1.3775186722996133
1,1650677299.863021,-2.9738627160635024e-06
2,1650896309.5840025,-2.3466103607056104
3,1650902027.1351433,-4.33214206301132
4,1650907945.6404011,1.5164198634989396
5,1650913648.3212807,-0.2208764147969452
6,1650919375.220648,0.022832124891286946
