,time,value
0,1650657495.884728,-1.0799864543994115
1,1650677300.124911,-8.51714279847966e-05
