,time,value
0,1650657495.823057,-0.9777748079953396
1,1650677299.94025,-2.128264531718992e-05
