,time,value
0,1650657495.683447,-1.124498361032748
