,time,value
0,1650657495.9882026,-0.9248647830085481
1,1650677300.2368107,-4.280645513890361e-06
