,time,value
0,1650657495.971516,-1.2632708248128066
1,1650677300.2145064,-7.75471620343056e-05
