,time,value
0,1650657495.756645,-1.1890159808715055
1,1650677299.7330055,-1.882731466244857e-05
