,time,value
0,1650657495.703126,-1.2934198507239931
1,1650677299.6376145,-1.979787953190349e-05
