,time,value
0,1650657495.8309555,-1.3417176965703888
1,1650677299.9813232,-7.172858220394176e-05
