,time,value
0,1650657495.8068128,-1.180117448461294
1,1650677299.88164,-0.00015533960736320587
