,time,value
0,1650657495.7838717,-1.2693977062727029
1,1650677299.8227305,-3.4409843900066197e-05
2,1650896309.5776274,-3.778770199769247
3,1650902027.130292,-3.7180032914554664
