,time,value
0,1650657495.7890854,-1.1717129507599622
1,1650677299.846154,-2.5229410656929013e-05
2,1650896309.581519,-2.9842005275356067
3,1650902027.133725,-3.3564882223021084
4,1650907936.8262362,1.438638285049758
5,1650913636.4639547,0.2490772947791325
6,1650919357.9543395,-0.1365003003042627
