,time,value
0,1650657495.9764826,-0.993549941473793
1,1650677300.221919,-2.3859143612327373e-05
