,time,value
0,1650657495.8149512,-1.4599996745077193
1,1650677299.9297473,-0.00014685063411075237
2,1650896309.5924575,-3.268459109001392
3,1650902027.1420877,-3.9378850902680043
4,1650907945.6532865,1.3807137726802932
5,1650913648.325781,-0.2453658161903608
6,1650919375.2309422,-0.12189902531820387
