,time,value
0,1650657495.8609636,-1.1215314199888087
1,1650677300.072079,-1.9712363269474723e-05
