,time,value
0,1650657495.8841455,-1.1483924126911107
