,time,value
0,1650657496.048464,-1.3321160935937204
1,1650677300.253528,-6.076882160045606e-05
