,time,value
0,1650657495.858366,-1.3252288163326769
1,1650677300.0702,-4.675264829101672e-05
2,1650896309.6104882,-2.711495797970966
