,time,value
0,1650657495.9482203,-1.301864142340179
1,1650677300.1987474,-3.479569704064495e-05
