,time,value
0,1650657496.046537,-0.9773877622356844
