,time,value
0,1650657495.8836815,-1.5297043327661952
1,1650677300.1238887,-4.179515487779342e-05
