,time,value
0,1650657495.7535324,-1.179216520318888
1,1650677299.7324092,-1.135368661093116e-05
