,time,value
0,1650657495.958182,-1.00846904127893
1,1650677300.2115426,-6.060926755412341e-05
