,time,value
0,1650657495.8145525,-1.0655777568259992
1,1650677299.9296207,-0.00017439395904806995
