,time,value
0,1650657496.0735545,-1.395925003454893
1,1650677300.2620697,-4.1427852895889935e-05
2,1650896309.671969,-1.9095760744416528
3,1650902027.2756183,-4.8789580617764985
