,time,value
0,1650657495.9076362,-1.0543912076944832
1,1650677300.1442037,-3.2531536882780926e-05
