,time,value
0,1650657496.047528,-1.1173715587670823
1,1650677300.2526515,-5.084098155406701e-06
