,time,value
0,1650657495.968818,-1.130881288821072
