,time,value
0,1650657495.949582,-1.045400482986976
1,1650677300.19978,-2.6887003540887637e-05
