,time,value
0,1650657495.769383,-1.3820567477762329
