,time,value
0,1650657495.8158393,-1.1231255476962025
1,1650677299.9304216,-8.214235940189769e-05
