,time,value
0,1650657495.9571822,-1.098265435013201
1,1650677300.211384,-2.440035336907406e-05
2,1650896309.6378357,-3.6735692735213124
3,1650902027.2484012,-3.7643822216740306
4,1650907995.285036,1.822202486281204
5,1650913721.9299433,0.25682158775426633
6,1650919441.297384,-0.20714576470118556
