,time,value
0,1650657495.7261257,-1.0613005179015107
1,1650677299.643227,-0.0001433730952377
2,1650896309.4977334,-4.136135631703204
3,1650902027.1054757,-3.668129200009415
4,1650907926.2203512,1.4625054451659216
5,1650913617.6445036,-0.0289037206201176
6,1650919335.9556634,-0.1833460104654633
