,time,value
0,1650657495.8822162,-1.3558230249808485
1,1650677300.1229053,-8.475216453472976e-06
