,time,value
0,1650657495.918007,-0.6804979686428669
