,time,value
0,1650657495.9865296,-0.8504291257726146
1,1650677300.2357106,-3.9468150527290274e-05
