,time,value
0,1650657495.8810806,-1.3609745277364766
1,1650677300.122254,-1.5722035685917857e-05
