,time,value
0,1650657495.9755285,-1.0008903601935206
1,1650677300.219727,-4.443707112201075e-05
