,time,value
0,1650657495.9735837,-1.353060786832485
1,1650677300.216304,-6.035538198562825e-06
