,time,value
0,1650657495.7589753,-1.3147734438341534
