,time,value
0,1650657495.8296523,-1.053799413238323
