,time,value
0,1650657495.941748,-1.258426545752141
1,1650677300.186187,-0.00011347641914931534
