,time,value
0,1650657495.8984284,-1.2306808517942458
1,1650677300.1381032,-3.1788407745081434e-05
