,time,value
0,1650657495.7539177,-0.9740105104783648
1,1650677299.732647,-2.9052589534259327e-05
