,time,value
0,1650657495.782756,-1.0404616380611214
1,1650677299.8219202,-2.3842558434256136e-05
