,time,value
0,1650657495.9816608,-1.1108180160630778
1,1650677300.226597,-4.58425170562469e-05
