,time,value
0,1650657495.9210608,-1.372756064904164
1,1650677300.1469357,-3.5725095964596635e-05
