,time,value
0,1650657495.8527086,-1.1239670841328415
