,time,value
0,1650657495.8374815,-1.076342999228642
1,1650677300.023641,-6.830074095290375e-05
