,time,value
0,1650657495.7820942,-1.2618291221257982
1,1650677299.809013,-6.170708690119117e-05
