,time,value
0,1650657495.6832674,-1.439463632026147
1,1650677299.6066763,-2.4228195632373947e-05
