,time,value
0,1650657495.9411464,-0.9281566861705666
1,1650677300.1857362,-4.3845076198332e-05
