,time,value
0,1650657495.8374817,-1.076342999228642
1,1650677300.0236413,-6.830074095290375e-05
