,time,value
0,1650657495.9724696,-1.1225914515713988
1,1650677300.2152057,-1.1594638316730274e-05
