,time,value
0,1650657495.8609636,-1.121531419988809
1,1650677300.072079,-1.9712363269474723e-05
