,time,value
0,1650657496.0599468,-1.3656374104699018
1,1650677300.2609594,-4.087500710397562e-05
