,time,value
0,1650657495.8858273,-0.9083373780561508
1,1650677300.127489,-2.211607643718465e-05
