,time,value
0,1650657495.9740663,-1.0229990479299975
1,1650677300.216702,-4.694607047468085e-06
