,time,value
0,1650657495.9884107,-0.9850259362998448
1,1650677300.2369442,-3.036421937799349e-05
