,time,value
0,1650657496.0543761,-1.0985337513119369
1,1650677300.2587445,-4.155567787402233e-05
