,time,value
0,1650657495.8105903,-1.1913568914756878
1,1650677299.88464,-2.5421554296131763e-05
