,time,value
0,1650657495.9754305,-1.045880996772079
1,1650677300.2195623,-2.5726704098257536e-05
