,time,value
0,1650657495.7796884,-1.2030376914365708
1,1650677299.8071752,-2.886326463967748e-05
