,time,value
0,1650657495.782556,-1.1616675279449542
1,1650677299.82175,-4.830913719171302e-05
