,time,value
0,1650657495.7787547,-1.1992305735424371
1,1650677299.8065407,-4.095403045063329e-05
