,time,value
0,1650657495.9349833,-1.5539465823302134
1,1650677300.1818376,-1.5806395872751566e-05
