,time,value
0,1650657495.665439,-0.8528210893897993
1,1650677299.5349998,-3.462007862584533e-05
