,time,value
0,1650657495.852907,-0.9885036093334194
1,1650677300.024807,-2.757949107152385e-05
