,time,value
0,1650657495.6830935,-0.9458896329710393
