,time,value
0,1650657496.040665,-1.355066605450752
1,1650677300.2487285,-3.3916298567477855e-05
