,time,value
0,1650657496.0329773,-0.9686736809298468
