,time,value
0,1650657495.7738693,-1.6720109916287473
1,1650677299.8054533,-0.00011261222033903132
