,time,value
0,1650657495.8933682,-1.752557891900433
1,1650677300.1334026,-5.7233685097070856e-05
