,time,value
0,1650657495.8113174,-0.9763889997268254
1,1650677299.901359,-7.616907023032146e-06
