,time,value
0,1650657495.882724,-1.3081354126951217
1,1650677300.1232488,-2.8172158669723028e-05
2,1650896309.61677,-2.1472502676824265
3,1650902027.2261534,-3.970158512663392
4,1650907972.2382843,1.636015781255682
5,1650913671.5056596,-1.0141890404825833
6,1650919410.0741105,-0.0126574437506327
