,time,value
0,1650657495.9732714,-1.1853454859218298
1,1650677300.2159088,-3.262238343824333e-05
