,time,value
0,1650657496.050082,-1.0832217748645485
1,1650677300.2554123,-2.8245860135202036e-06
