,time,value
0,1650657495.751107,-1.2779682635130654
1,1650677299.7266345,-3.707983899837332e-05
