,time,value
0,1650657495.8181982,-1.169019777335349
1,1650677299.9367757,-5.174980013467975e-06
