,time,value
0,1650657495.9908173,-0.9774384489171029
1,1650677300.239159,-2.4740314214685965e-05
