,time,value
0,1650657496.0497868,-1.0868934936654482
1,1650677300.2552752,-1.0566554243011808e-05
