,time,value
0,1650657495.8699665,-1.0476297014278753
