,time,value
0,1650657495.786309,-1.2633374352053317
