,time,value
0,1650657495.789619,-0.9506222952531572
1,1650677299.8469317,-9.4307235582387e-05
