,time,value
0,1650657495.956559,-1.2055930347909336
1,1650677300.2018933,-3.537452426933937e-05
