,time,value
0,1650657495.791828,-1.0663854879773758
