,time,value
0,1650657495.6836553,-1.3528031184853546
1,1650677299.6069417,-7.282219004288822e-05
