,time,value
0,1650657495.8353274,-1.1391981957944672
1,1650677300.0223277,-1.9520589557687987e-05
2,1650896309.6041753,-3.2080654570209224
3,1650902027.2138894,-4.341771417520341
4,1650907959.0016215,1.5913459438093136
5,1650913659.5231216,0.3999054733027535
6,1650919398.025836,-0.22501590054506315
