,time,value
0,1650657495.9730456,-1.8529302148864863
1,1650677300.2156024,-1.8755841944471497e-05
