,time,value
0,1650657495.857109,-1.1665686475692738
