,time,value
0,1650657495.7614903,-1.0840536674141066
1,1650677299.736437,-1.6487237822128025e-05
