,time,value
0,1650657496.0050058,-1.579954645741194
