,time,value
0,1650657495.809403,-1.5375924310977185
1,1650677299.8838408,-1.7826179913429493e-05
