,time,value
0,1650657495.9903977,-1.1981064658580585
