,time,value
0,1650657495.9819748,-1.4996961539628608
1,1650677300.227136,-3.837754265857003e-05
