,time,value
0,1650657495.7600527,-1.1656107620786302
1,1650677299.7355382,-2.6549993556401424e-05
2,1650896309.510085,-3.96341939827648
3,1650902027.1150603,-3.712443168772884
4,1650907926.2303536,1.2053546968935864
5,1650913617.6662037,0.10156256114547117
6,1650919335.9621916,0.16656448577953573
