,time,value
0,1650657495.8839326,-0.9691350301325167
1,1650677300.124003,-0.00011741842621443472
