,time,value
0,1650657495.7638297,-1.9285988586117049
1,1650677299.782036,-2.82804255127167e-05
