,time,value
0,1650657495.6756692,-1.4262519310463486
1,1650677299.6038928,-2.262840485057142e-05
