,time,value
0,1650657495.991533,-1.0302150632831164
1,1650677300.2397428,-1.59018102173574e-05
