,time,value
0,1650657495.9486127,-1.5636875460139072
1,1650677300.1990738,-1.8001683084127767e-05
