,time,value
0,1650657495.8791795,-1.1771921855176766
1,1650677300.1055806,-6.458422817418115e-06
