,time,value
0,1650657495.9552684,-1.1373092861444885
1,1650677300.2015977,-9.842200436456092e-06
