,time,value
0,1650657495.6649115,-0.9213255135019423
1,1650677299.5345592,-5.769394006878588e-05
