,time,value
0,1650657496.0541966,-1.21015981987357
1,1650677300.2586117,-5.173717689882445e-06
