,time,value
0,1650657495.681103,-1.2892255658990055
1,1650677299.6055677,-2.2872853539650143e-05
2,1650896309.4881098,-3.384619464800276
3,1650902027.0965562,-4.339738643326033
4,1650907888.2972903,1.7645663070609636
5,1650913577.505279,0.7402297412089409
6,1650919321.649042,-0.0750612924917391
