,time,value
0,1650657495.807344,-0.8397609457542824
1,1650677299.882089,-0.0001195734633964
