,time,value
0,1650657495.8332474,-1.1359997163448854
1,1650677300.020748,-1.927344002982465e-05
