,time,value
0,1650657496.007584,-1.0943518320600614
1,1650677300.242962,-4.281176349589903e-05
