,time,value
0,1650657495.9439273,-0.9441927217586392
