,time,value
0,1650657496.0605328,-1.114494762882567
