,time,value
0,1650657495.898824,-1.5177562799536979
1,1650677300.1403828,-6.208846796265949e-05
