,time,value
0,1650657495.9091492,-1.1912486718421125
1,1650677300.144831,-1.0965293400111685e-05
