,time,value
0,1650657495.7761102,-1.2138402579022116
1,1650677299.8062823,-4.1408605735670946e-05
