,time,value
0,1650657496.0331702,-1.1011816930821308
1,1650677300.2444499,-1.2140839296551685e-05
