,time,value
0,1650657495.812432,-0.956460093777992
1,1650677299.917928,-3.603073449005958e-05
