,time,value
0,1650657495.7049005,-0.8845722796150117
1,1650677299.6382475,-7.622663191410721e-05
