,time,value
0,1650657495.884909,-1.352638532240358
1,1650677300.126749,-2.4238345735600248e-05
