,time,value
0,1650657495.795691,-1.0553547726365593
1,1650677299.8641984,-3.4021268936776554e-05
