,time,value
0,1650657495.7868366,-1.0960506006960664
1,1650677299.8248148,-2.7284269993612765e-05
