,time,value
0,1650657495.673886,-1.2130931910953946
1,1650677299.6027992,-0.00010594823946530737
