,time,value
0,1650657495.7758996,-1.0999494716564169
1,1650677299.8061206,-7.027764506165647e-06
