,time,value
0,1650657495.7649744,-1.221420744439223
1,1650677299.7837565,-3.4686875973592775e-05
