,time,value
0,1650657495.7640274,-1.250969751618998
1,1650677299.7829854,-3.774981609725984e-05
