,time,value
0,1650657496.0496078,-1.003385763500679
1,1650677300.2551384,-1.1166451825589646e-05
2,1650896309.6648955,-3.8396646753606998
3,1650902027.2720118,-3.7325803772518276
