,time,value
0,1650657496.0373363,-0.8884274643263063
1,1650677300.2467985,-0.0002473878456114
