,time,value
0,1650657495.9389486,-1.1636435853064198
1,1650677300.185346,-0.00010761016268639385
