,time,value
0,1650657495.86062,-1.21858959735212
