,time,value
0,1650657495.6740568,-0.9667984560152556
1,1650677299.602907,-6.761383071083217e-05
