,time,value
0,1650657495.8122606,-1.4916121377115157
1,1650677299.9178052,-5.095780477242781e-06
