,time,value
0,1650657495.854013,-1.1036920508542623
1,1650677300.0502956,-3.7109216166828456e-05
