,time,value
0,1650657495.8127809,-1.0536507511398618
1,1650677299.9182606,-2.076592952505279e-05
