,time,value
0,1650657495.9057257,-0.8620072417296413
1,1650677300.1427293,-3.960728579166114e-05
