,time,value
0,1650657495.8514912,-1.4114021667218113
1,1650677300.024273,-1.541726003201007e-05
