,time,value
0,1650657495.702948,-1.1537423985141948
1,1650677299.6374469,-4.3794128949677875e-05
