,time,value
0,1650657496.0536304,-1.0731560807420368
