,time,value
0,1650657495.7938218,-1.052393167021802
1,1650677299.8639164,-0.0001334596984276
