,time,value
0,1650657495.7811475,-0.8570582137797392
1,1650677299.8083453,-2.1069036404327247e-05
