,time,value
0,1650657495.7282827,-1.5780929345327568
1,1650677299.7016068,-7.272646749491731e-05
