,time,value
0,1650657495.852497,-1.1093943606072143
