,time,value
0,1650657495.8554668,-1.3524273377950633
1,1650677300.0679398,-1.2067485306114578e-05
