,time,value
0,1650657496.044175,-1.183359784410353
