,time,value
0,1650657495.6838446,-1.213310939859893
1,1650677299.607071,-2.186329408101894e-05
