,time,value
0,1650657496.0593803,-1.0156997035133326
1,1650677300.260531,-3.454276524524978e-05
