,time,value
0,1650657495.7642477,-1.4993198889353454
1,1650677299.7831552,-6.969945089839221e-06
