,time,value
0,1650657495.9371333,-1.5540794395203943
1,1650677300.183978,-2.2160736158539612e-05
