,time,value
0,1650657495.9326508,-0.8590558807338372
1,1650677300.1782055,-2.657629673895493e-05
