,time,value
0,1650657495.6695695,-0.911584768299524
1,1650677299.583065,-2.525189089738825e-05
