,time,value
0,1650657495.7532032,-1.5113761457964903
1,1650677299.7321403,-6.532766618994374e-05
