,time,value
0,1650657495.750074,-1.028170158996952
1,1650677299.7043347,-0.0001124069247576
2,1650896309.5040574,-3.5950772509208986
3,1650902027.109316,-4.174664406401661
4,1650907926.2250154,1.2507323869592823
5,1650913617.6599376,0.4215868902463038
6,1650919335.9582922,-0.1003892072057217
