,time,value
0,1650657495.676218,-1.13490533173929
1,1650677299.6042488,-1.1344405479406868e-05
