,time,value
0,1650657495.8206425,-1.1428747341893484
