,time,value
0,1650657495.9885795,-1.824701775534805
1,1650677300.2370725,-3.0068841202697588e-05
