,time,value
0,1650657495.6652389,-1.0379515174268625
1,1650677299.5348382,-0.00014545247465136982
