,time,value
0,1650657496.0352745,-1.1266306587655641
1,1650677300.245446,-1.678971709101922e-05
