,time,value
0,1650657495.702948,-1.1537423985141948
1,1650677299.6374469,-4.379412894967788e-05
