,time,value
0,1650657495.892623,-0.9188897151723464
1,1650677300.1293564,-1.906460785204567e-05
