,time,value
0,1650657495.9771814,-0.9790768121362576
