,time,value
0,1650657495.6840327,-1.201621409240413
1,1650677299.607198,-4.646591233696414e-06
