,time,value
0,1650657495.6669085,-0.9424293823975176
1,1650677299.582353,-1.2508758329662792e-05
