,time,value
0,1650657495.9085817,-1.1240288927805717
