,time,value
0,1650657495.859551,-0.9861863439072488
1,1650677300.071072,-0.0001205815090534
2,1650896309.6113436,-4.60575280603516
3,1650902027.2213438,-4.0008279423511866
4,1650907972.2317324,1.7976887441433576
5,1650913671.5026934,0.4643747678011293
6,1650919410.0707266,-0.1617832252609821
