,time,value
0,1650657495.8694375,-1.1637683875072526
1,1650677300.073062,-2.3185438504766456e-05
