,time,value
0,1650657495.941378,-1.0964831562832826
1,1650677300.1858919,-2.887160985332758e-05
