,time,value
0,1650657495.8082893,-0.9811173708175024
1,1650677299.8827715,-8.734063631834474e-05
