,time,value
0,1650657495.8198292,-2.1703364807665344
1,1650677299.9380188,-4.004110268025226e-05
2,1650896309.5958328,-1.769593667312137
3,1650902027.1454437,-4.629732179406218
4,1650907945.6571004,0.9954462088537656
