,time,value
0,1650657495.945658,-1.3561003163334882
1,1650677300.1875474,-3.075010471347993e-05
