,time,value
0,1650657495.8823924,-1.1196385994727676
1,1650677300.12302,-0.0001359526725908
