,time,value
0,1650657495.7736628,-1.1124776599279378
1,1650677299.7861593,-9.022318599627772e-06
2,1650896309.5157373,0.21599527335837881
3,1650902027.1262422,-4.349066114526198
4,1650907936.8169801,2.279284338415135
