,time,value
0,1650657495.70757,-1.0636363743006456
1,1650677299.6394217,-7.197802713113003e-06
