,time,value
0,1650657495.9351418,-1.292051983517435
1,1650677300.181965,-2.0727933695558932e-05
