,time,value
0,1650657495.941566,-1.0603616819727653
1,1650677300.1860569,-0.0001381539627096
