,time,value
0,1650657495.7088554,-0.985464382014852
1,1650677299.6404006,-1.3077342738720031e-05
