,time,value
0,1650657495.6717424,-0.9706413286479354
1,1650677299.5843787,-9.958621334949624e-05
2,1650896309.4820683,-2.836894423923336
3,1650902027.091846,-3.949942382794733
4,1650907888.275927,1.939603770388985
5,1650913577.4913936,0.7276996724710703
6,1650919321.6440897,-0.0806041860485382
