,time,value
0,1650657495.854917,-1.217651675943488
1,1650677300.0624208,-2.5621182504083675e-05
