,time,value
0,1650657495.985149,-1.4170132183309248
1,1650677300.2339602,-5.603968638182925e-06
