,time,value
0,1650657495.789445,-1.0082964122672926
1,1650677299.8466706,-3.1606743944205164e-05
