,time,value
0,1650657495.9534247,-1.781158271392867
1,1650677300.200736,-2.432259523391415e-05
