,time,value
0,1650657495.8688881,-1.3172583689274233
1,1650677300.0726867,-0.00014087805570786659
