,time,value
0,1650657495.7710235,-0.925363491348515
1,1650677299.7854073,-8.751480179340358e-05
