,time,value
0,1650657495.676928,-1.6821055680765933
1,1650677299.6046717,-8.169097542925376e-06
2,1650896309.4872098,-3.86243003957637
3,1650902027.0958962,-4.583865371235141
4,1650907888.2961516,1.4594672848257817
5,1650913577.4974754,1.1053642286451946
6,1650919321.648308,-0.07448974201466686
