,time,value
0,1650657495.836869,-1.054448042030955
1,1650677300.023229,-0.00020600674201257116
2,1650896309.6050634,-3.118267664769152
3,1650902027.2151616,-3.9240615543586714
4,1650907959.0025294,1.9456612083783493
5,1650913659.5236244,0.45565417830897503
6,1650919398.026404,-0.18334255554944454
