,time,value
0,1650657495.7563124,-0.8603847385325258
1,1650677299.732885,-0.0001356315204423
