,time,value
0,1650657496.038804,-1.3801367368379702
1,1650677300.24749,-2.847593690312447e-05
