,time,value
0,1650657495.6699514,-0.82010345515996
