,time,value
0,1650657495.9698458,-0.9762755012422412
1,1650677300.2131178,-3.58196724257563e-05
