,time,value
0,1650657495.708483,-1.2392850443925691
1,1650677299.640094,-4.968815260485419e-06
2,1650896309.4944904,-3.3800666759443962
3,1650902027.1032262,-3.882392944140513
4,1650907888.3035352,1.3572681704288558
5,1650913577.514003,0.12960001402671137
6,1650919321.6554918,-0.24705888485968935
