,time,value
0,1650657496.059152,-0.9874241457151756
