,time,value
0,1650657495.6730125,-1.1921793378924916
1,1650677299.602177,-4.421379371554231e-05
