,time,value
0,1650657495.8079085,-0.9730705045288347
