,time,value
0,1650657496.0478756,-1.339372371213901
1,1650677300.253096,-0.0002627112921456
