,time,value
0,1650657495.7568445,-1.361121537361175
1,1650677299.7331252,-9.705155504157653e-06
