,time,value
0,1650657495.9537828,-1.199201913969154
1,1650677300.2010045,-3.0188465405736715e-05
