,time,value
0,1650657495.9108143,-1.5036774756019364
1,1650677300.1457717,-1.0142605473639356e-05
