,time,value
0,1650657495.784658,-1.4010847184181126
