,time,value
0,1650657495.7978399,-1.029979824413358
1,1650677299.8644555,-3.1530114683291934e-05
