,time,value
0,1650657495.8323162,-1.7067240090155629
1,1650677300.002939,-2.1336578842652484e-05
2,1650896309.6019173,-4.278597321043329
3,1650902027.2107959,-5.019134384168517
4,1650907958.9954495,1.5154286737828222
