,time,value
0,1650657495.8937693,-1.1893687725296933
1,1650677300.1336632,-2.7038020410638736e-05
