,time,value
0,1650657495.926669,-1.096397342604222
1,1650677300.1758516,-5.244820480575024e-06
