,time,value
0,1650657495.9992626,-1.0343206031013763
1,1650677300.2417367,-0.00011271837066175433
2,1650896309.6536794,-3.6239258224386868
3,1650902027.263526,-3.7487353801102055
