,time,value
0,1650657495.903866,-0.874922944788433
