,time,value
0,1650657496.0547261,-0.9353277470034668
