,time,value
0,1650657495.8376718,-1.5280389228023283
1,1650677300.0237675,-6.777341377757312e-06
