,time,value
0,1650657495.7533643,-0.9968968568853237
1,1650677299.732259,-6.033930817658074e-06
