,time,value
0,1650657495.706172,-1.0166248923755974
1,1650677299.639006,-6.015646684094692e-05
