,time,value
0,1650657495.8276772,-1.4754302364308904
