,time,value
0,1650657495.707767,-1.1965082701061045
1,1650677299.639552,-1.466435317270739e-05
