,time,value
0,1650657495.6667356,-1.152609458664501
1,1650677299.5822062,-3.3960721589802925e-05
