,time,value
0,1650657495.6701238,-1.832920289887627
1,1650677299.5834475,-1.66374513329146e-05
