,time,value
0,1650657495.8563635,-1.3626963792481026
1,1650677300.068641,-1.2093840224680724e-05
