,time,value
0,1650657495.8522186,-0.8852972463698789
1,1650677300.0244305,-1.694494003924552e-05
