,time,value
0,1650657496.0609536,-1.4683086102816028
1,1650677300.2616353,-1.5247141776583796e-05
