,time,value
0,1650657495.7702208,-0.9866501380254378
1,1650677299.784827,-1.6172600944878166e-05
2,1650896309.514552,-4.962921590071248
3,1650902027.1214278,-3.767823484100486
4,1650907936.815308,1.7233135825365948
5,1650913636.4582736,0.8192423645098628
6,1650919357.9433243,-0.278498153893536
