,time,value
0,1650657495.9748373,-1.300206869868644
1,1650677300.217279,-4.112126390680695e-05
