,time,value
0,1650657495.7095351,-0.907951766887543
1,1650677299.6409378,-0.00014755164357561172
