,time,value
0,1650657495.813331,-1.233178764516382
1,1650677299.9286752,-4.4056020580683336e-05
2,1650896309.5914364,-2.750585881124283
3,1650902027.14102,-4.234625904521167
4,1650907945.6521375,1.8383069028411247
5,1650913648.3252337,0.6044055161431796
6,1650919375.2289915,-0.1386657890619214
