,time,value
0,1650657495.7831469,-0.884986520148889
1,1650677299.8221836,-5.522935428295369e-05
2,1650896309.577099,-4.410937144985274
3,1650902027.1297524,-3.4769579781607503
4,1650907936.8217542,1.9382462467323407
5,1650913636.461613,1.0213901417467155
