,time,value
0,1650657496.0459437,-1.2030154154274815
1,1650677300.2506974,-3.241460785696346e-05
