,time,value
0,1650657495.83722,-1.3181516205886632
1,1650677300.0235145,-0.00010190212937528364
