,time,value
0,1650657496.0492122,-1.087928921575429
1,1650677300.25485,-1.6660493457062812e-05
