,time,value
0,1650657495.9064157,-1.0835722683230022
1,1650677300.143294,-3.662448722529156e-05
