,time,value
0,1650657495.8598678,-1.1039974091533464
1,1650677300.0713468,-3.940194178699726e-06
2,1650896309.6116185,-4.2468782721413225
3,1650902027.2216983,-4.473202097226627
4,1650907972.23202,1.8507668491393128
5,1650913671.5028253,0.919623240256734
6,1650919410.0708592,-0.1624249470108796
