,time,value
0,1650657496.0331702,-1.1011816930821308
1,1650677300.24445,-1.2140839296551684e-05
