,time,value
0,1650657495.8209662,-1.0015323570345342
1,1650677299.9388247,-0.00016013206677129588
