,time,value
0,1650657496.051025,-1.0575236672997024
1,1650677300.2559867,-1.1387301499963768e-05
