,time,value
0,1650657495.93104,-1.1159407438468656
1,1650677300.176984,-3.60638185822745e-05
