,time,value
0,1650657495.9818492,-1.0120866243778452
1,1650677300.2267356,-5.191334219580609e-05
