,time,value
0,1650657495.7861178,-1.2646319978226286
1,1650677299.8242788,-1.5440548070533918e-05
