,time,value
0,1650657495.8797705,-1.2031236567003398
1,1650677300.1062133,-8.851717850777564e-05
