,time,value
0,1650657495.8348916,-0.9852928030829016
1,1650677300.0220425,-1.565862429767072e-05
