,time,value
0,1650657495.9419386,-0.9604285980521444
1,1650677300.18632,-4.1702816625779593e-05
2,1650896309.632831,-4.817883692665997
3,1650902027.242337,-3.901904320210668
4,1650907986.4035552,1.507012683584687
5,1650913697.4252496,0.7267994531691732
6,1650919427.2117927,-0.3688147459333792
