,time,value
0,1650657495.8319154,-1.2091207700946274
1,1650677299.9966629,-0.0001452346968239
