,time,value
0,1650657495.7938218,-1.0523931670218019
1,1650677299.8639164,-0.00013345969842768713
