,time,value
0,1650657495.7651474,-1.3224145941527177
1,1650677299.783891,-2.8401708388787785e-05
