,time,value
0,1650657496.0519824,-1.164089548273825
1,1650677300.256654,-4.094181222370237e-05
2,1650896309.6666262,-2.3719822331545424
3,1650902027.272957,-3.929882335896826
