,time,value
0,1650657496.052181,-0.9316921804801408
1,1650677300.2567866,-6.136217578028604e-05
