,time,value
0,1650657495.7041943,-1.41260234647534
1,1650677299.637812,-1.1977998331651745e-05
