,time,value
0,1650657495.6915953,-1.0812819210331106
1,1650677299.6078672,-2.511606743038036e-05
