,time,value
0,1650657495.7789624,-1.6162629197719505
