,time,value
0,1650657495.9206817,-1.0901902985360257
1,1650677300.146679,-5.413157603491672e-06
