,time,value
0,1650657496.0486348,-1.0821006268737492
1,1650677300.2536645,-2.025232513327218e-05
2,1650896309.6641984,-2.1555999636733243
3,1650902027.271495,-4.7534073846788685
