,time,value
0,1650657495.7582636,-1.2664799432361076
1,1650677299.7342043,-9.388210364329518e-06
2,1650896309.5087273,-0.8620288886111447
3,1650902027.1137447,-5.697550420089869
4,1650907926.229406,2.076674680835596
5,1650913617.6648426,0.7929261797069084
6,1650919335.9610758,0.179013669529218
