,time,value
0,1650657495.8156638,-1.3645694600334706
1,1650677299.9302912,-1.5294410854846678e-05
