,time,value
0,1650657495.6854627,-1.1693200231863368
1,1650677299.607481,-1.3667362002285124e-05
