,time,value
0,1650657495.8365061,-1.1264870046882365
1,1650677300.0229702,-6.752100013032498e-06
2,1650896309.6047878,-3.8689903227534272
3,1650902027.2148013,-3.859375943315338
4,1650907959.0022793,1.6493697337610433
5,1650913659.523465,0.6225842112207919
6,1650919398.026273,-0.3370010225160061
