,time,value
0,1650657495.788908,-1.0998737234277884
1,1650677299.8460383,-9.68344509270064e-06
