,time,value
0,1650657495.9099195,-1.7632326626795192
1,1650677300.1452363,-1.9847945817347536e-05
