,time,value
0,1650657495.938296,-0.9998887342458941
1,1650677300.184788,-3.2549469427702815e-05
