,time,value
0,1650657496.050082,-1.0832217748645483
1,1650677300.2554123,-2.824586013520204e-06
