,time,value
0,1650657495.9924712,-0.9804041120268819
1,1650677300.2404869,-9.667820789412803e-05
