,time,value
0,1650657495.7056007,-0.9401859403322383
1,1650677299.6388383,-7.532612340048246e-06
