,time,value
0,1650657495.822689,-0.8443017069097111
