,time,value
0,1650657495.7848384,-1.6082293290825087
1,1650677299.823394,-2.8930862235819685e-05
