,time,value
0,1650657495.878873,-1.2755079646838596
1,1650677300.1054585,-9.966522878918044e-06
