,time,value
0,1650657495.7692025,-1.2347750052901179
1,1650677299.7841542,-3.177577063110201e-05
