,time,value
0,1650657495.7091963,-1.0215179634389548
1,1650677299.6406598,-6.771044576666361e-05
