,time,value
0,1650657495.7346213,-1.0970326084256947
