,time,value
0,1650657495.8818529,-1.4250402171346834
1,1650677300.1226726,-4.131256044886044e-05
