,time,value
0,1650657495.811116,-1.1639698387420911
