,time,value
0,1650657495.8980808,-1.089729083348204
