,time,value
0,1650657495.8131294,-0.944507733277582
1,1650677299.9285212,-3.2350793207773227e-06
2,1650896309.5912929,-3.9593510948598847
3,1650902027.140895,-4.549750269770776
4,1650907945.652002,1.3902209377625132
5,1650913648.3251698,0.5871563835244432
6,1650919375.228866,-0.1123145678307342
