,time,value
0,1650657495.8160737,-0.997841295638506
1,1650677299.9305503,-9.08918325277175e-05
