,time,value
0,1650657495.708139,-1.281965128416826
1,1650677299.6398234,-1.224841446885688e-05
