,time,value
0,1650657495.8701394,-1.3894774777164047
1,1650677300.1051857,-3.409176099581361e-05
