,time,value
0,1650657495.7580984,-1.5471124897777682
1,1650677299.7340767,-2.1412846392115423e-05
