,time,value
0,1650657495.860051,-1.6780245497209834
1,1650677300.0714693,-4.778257748167032e-05
