,time,value
0,1650657495.96699,-1.259292263952973
1,1650677300.2121854,-1.113624620946644e-05
2,1650896309.6381066,-4.4391665071742334
3,1650902027.2488203,-4.237594535025168
