,time,value
0,1650657495.904862,-1.2526426098033114
