,time,value
0,1650657495.969057,-1.0336865678987064
1,1650677300.2124565,-7.768947376331713e-05
