,time,value
0,1650657495.7477362,-1.2135604596206886
1,1650677299.703426,-1.5740656790869014e-05
