,time,value
0,1650657496.05959,-1.0976602341092352
1,1650677300.2606602,-8.386545160194637e-06
