,time,value
0,1650657495.854387,-1.07979365281101
1,1650677300.0510747,-1.3448182102858945e-05
