,time,value
0,1650657495.7899773,-1.359460602826332
1,1650677299.847258,-4.841400753142317e-05
2,1650896309.5821908,-3.6061646763729955
3,1650902027.1341422,-4.079260470301617
4,1650907936.8269064,1.4601380931691728
5,1650913636.464337,0.5033120533845831
6,1650919357.954999,-0.12787763374543457
