,time,value
0,1650657495.7802398,-1.0232386333076968
1,1650677299.8077052,-5.993551450898113e-06
