,time,value
0,1650657495.95282,-1.1358963758164133
