,time,value
0,1650657495.7920294,-1.0235841677971556
1,1650677299.862605,-1.3874628209339027e-05
