,time,value
0,1650657495.9346616,-1.5076187487236965
