,time,value
0,1650657495.9493775,-1.0791653902338378
1,1650677300.1996412,-2.9827580739414725e-05
