,time,value
0,1650657495.7859373,-1.1678346400769255
1,1650677299.8241534,-2.1574542052454832e-05
