,time,value
0,1650657496.0601907,-1.1756798047191936
1,1650677300.261094,-0.00015809191206791437
