,time,value
0,1650657496.0531054,-1.0403493925443033
1,1650677300.2576518,-2.02028019689225e-05
