,time,value
0,1650657496.0461378,-1.5190550010318593
1,1650677300.2508256,-2.613043648958607e-05
