,time,value
0,1650657496.0732791,-1.2860113730666385
1,1650677300.2619383,-4.30748623832162e-05
