,time,value
0,1650657495.6742613,-1.1131214054928311
