,time,value
0,1650657496.0607529,-1.0964806018129016
1,1650677300.2615077,-4.805976073110226e-06
