,time,value
0,1650657496.054551,-1.0814727824962398
