,time,value
0,1650657495.7016997,-1.194631119617385
1,1650677299.6085434,-4.8832084347156744e-05
