,time,value
0,1650657495.951428,-0.968068429718581
1,1650677300.2000735,-1.6805089794387914e-05
