,time,value
0,1650657495.8225026,-1.0101600176578522
1,1650677299.9398696,-1.6319734585874602e-05
