,time,value
0,1650657495.809794,-0.991819757283133
1,1650677299.8841257,-1.6714506474245985e-05
