,time,value
0,1650657495.9373224,-0.9228012419833628
1,1650677300.1841457,-7.169415629490315e-05
2,1650896309.6311212,-1.446567711591887
3,1650902027.2402422,-5.338060982136022
4,1650907986.401109,1.9050723535313503
5,1650913697.422169,0.5547920983690899
