,time,value
0,1650657495.9759955,-1.4300068525032883
1,1650677300.2203238,-6.477613688656702e-06
