,time,value
0,1650657495.8020158,-1.6624953520979524
1,1650677299.8645816,-4.146810237131599e-06
