,time,value
0,1650657495.78555,-0.8536894684959039
