,time,value
0,1650657495.9694266,-0.8601385235831014
1,1650677300.2127202,-0.0001744170976542
2,1650896309.6385193,-4.305224833071976
3,1650902027.2493138,-3.7752571955159775
4,1650907995.2864554,1.820207457312773
5,1650913721.9305382,0.4624653618021298
6,1650919441.2978458,-0.3788874508844674
