,time,value
0,1650657495.7054307,-1.0663218488244988
1,1650677299.6386795,-3.213740647504967e-05
