,time,value
0,1650657495.8167274,-1.2512309975680225
1,1650677299.930932,-1.8532257967626552e-06
