,time,value
0,1650657496.052353,-1.2105445306912477
1,1650677300.2570288,-2.014335663018199e-05
