,time,value
0,1650657495.9752364,-1.076442561503981
