,time,value
0,1650657495.9060676,-1.316429009275394
1,1650677300.1430397,-1.8175363379639585e-05
