,time,value
0,1650657495.7646022,-0.898087906626279
