,time,value
0,1650657496.0338132,-0.9450172310784888
1,1650677300.244875,-6.692945886592872e-06
