,time,value
0,1650657495.7916546,-1.0251045941094925
1,1650677299.8623395,-7.79830755957012e-05
