,time,value
0,1650657495.9894683,-1.1572034846946426
1,1650677300.2377818,-5.066308052592121e-06
2,1650896309.6503344,-4.139663157533075
3,1650902027.2602572,-3.806530541234876
