,time,value
0,1650657496.0469785,-0.888080038137366
1,1650677300.2511415,-1.13933494399593e-05
