,time,value
0,1650657495.670296,-1.5933183221241276
1,1650677299.583578,-1.0874083581639134e-05
