,time,value
0,1650657495.790895,-1.0427697991457237
1,1650677299.8617651,-0.0003298319115543
