,time,value
0,1650657495.7870169,-1.1097982341619328
1,1650677299.8249407,-0.00010372851560546694
