,time,value
0,1650657495.946039,-0.962848774294214
1,1650677300.1878147,-4.715239643327776e-05
