,time,value
0,1650657496.0529377,-1.3428201191493805
1,1650677300.2575054,-3.2768701289754867e-05
