,time,value
0,1650657495.9726884,-1.116866702038785
1,1650677300.2153356,-1.4572691715164451e-05
