,time,value
0,1650657496.0071645,-1.351252333803949
1,1650677300.242696,-8.909058077329465e-05
