,time,value
0,1650657496.0506656,-1.0014018841482268
1,1650677300.25569,-1.991977413984454e-05
