,time,value
0,1650657495.9769733,-1.0170623067229785
1,1650677300.2222238,-0.00017853274531492557
