,time,value
0,1650657495.7809653,-1.114471564190113
1,1650677299.808218,-1.5047151082879843e-05
