,time,value
0,1650657495.7959278,-1.2382119956638395
1,1650677299.8643267,-0.00010053094606948788
