,time,value
0,1650657495.9324772,-1.3286429939711597
1,1650677300.1780772,-1.0570169795352012e-05
