,time,value
0,1650657495.947545,-1.1094640139888123
1,1650677300.1981802,-1.010928457170848e-05
