,time,value
0,1650657495.86926,-1.950931817826468
1,1650677300.0729384,-4.733733749530979e-06
