,time,value
0,1650657496.0326107,-1.0812346029359992
1,1650677300.2440455,-0.00011203882627567624
