,time,value
0,1650657495.8114974,-1.1039985736653262
1,1650677299.9052787,-1.5005748312156477e-05
