,time,value
0,1650657495.7857273,-0.9292838603265466
1,1650677299.8240268,-2.0650060208509948e-05
