,time,value
0,1650657495.8075216,-1.1254486217621005
1,1650677299.882219,-4.004499234677479e-05
