,time,value
0,1650657495.7833252,-1.0003577389795733
1,1650677299.822348,-0.00010207269928422404
