,time,value
0,1650657495.78151,-1.3205029187686448
