,time,value
0,1650657495.979466,-1.136249681277971
1,1650677300.223016,-3.44076950633281e-05
