,time,value
0,1650657495.7883403,-1.0047856880237025
1,1650677299.8456073,-4.8526080998477615e-05
