,time,value
0,1650657495.7916546,-1.0251045941094923
1,1650677299.8623397,-7.79830755957012e-05
