,time,value
0,1650657495.9321272,-1.0991842776064509
1,1650677300.1777992,-1.120036358825607e-05
