,time,value
0,1650657495.855821,-1.164752030829744
1,1650677300.0682342,-1.5548295882877092e-05
