,time,value
0,1650657495.9046552,-1.127432156852643
1,1650677300.1420343,-9.874326183280256e-06
