,time,value
0,1650657496.049397,-0.9536383699829262
1,1650677300.255001,-3.489941763193352e-05
