,time,value
0,1650657495.9464283,-0.9817867698696466
1,1650677300.1880906,-0.0004616275636989
