,time,value
0,1650657495.9753342,-0.9316110641216485
