,time,value
0,1650657495.7618325,-0.9870200526355686
1,1650677299.7367215,-1.51945928106047e-05
2,1650896309.5112514,-4.112382343646169
3,1650902027.1162183,-4.366494078649437
4,1650907926.2309914,1.4926518644907942
5,1650913617.668143,0.0848183058383068
6,1650919335.9628346,0.0026022646709235
