,time,value
0,1650657495.79784,-1.029979824413358
1,1650677299.8644557,-3.1530114683291934e-05
