,time,value
0,1650657495.836146,-1.2521651171426174
1,1650677300.0227072,-2.670449519422438e-05
