,time,value
0,1650657495.8120742,-1.0886930625428892
