,time,value
0,1650657495.3340976,0.2068310667646073
