,time,value
0,1650657495.3526654,-3.410947990447312
