,time,value
0,1650657495.0347443,-1.2329766736029342
1,1650677298.463852,0.0
