,time,value
0,1650657495.087029,-0.8908686558015688
1,1650677298.5781333,0.0
