,time,value
0,1650657495.374045,1.0432969125777165
1,1650677299.152762,0.0
