,time,value
0,1650657495.374389,-0.6598482588474326
1,1650677299.1530178,0.0
