,time,value
0,1650657495.0020626,0.04047026447915414
1,1650677298.2861297,0.0
