,time,value
0,1650657495.4306731,-1.055966307203562
1,1650677299.174796,0.0
