,time,value
0,1650657495.1836624,0.1036001036932248
