,time,value
0,1650657494.958171,-0.4176735643522988
1,1650677298.268818,0.0
