,time,value
0,1650657495.2358632,0.5115612961981242
1,1650677299.123142,0.0
