,time,value
0,1650657495.1205924,-1.7563672812648292
1,1650677298.874379,0.0
