,time,value
0,1650657495.5658484,0.0
1,1650677299.2407427,0.0
