,time,value
0,1650657495.1202502,-3.2130262192181362
1,1650677298.8741035,0.0
