,time,value
0,1650657495.0594006,-0.6709158252342604
1,1650677298.508557,0.0
