,time,value
0,1650657495.63018,-2.360656833973735
1,1650677299.4766982,0.0
2,1650896309.4741623,-15.186118404742956
3,1650902027.0851433,1.618559835410906
4,1650907855.8447273,1.8624456627408108
5,1650913539.7997665,1.8511178100943653
6,1650919309.614544,1.8312627746813632
