,time,value
0,1650657495.4525576,-2.368110565967527
1,1650677299.2021856,0.0
