,time,value
0,1650657494.9373991,0.0
1,1650677298.2547815,0.0
