,time,value
0,1650657495.0103772,0.7084662003735502
