,time,value
0,1650657495.3356688,-3.603201736459596
1,1650677299.142196,0.0
2,1650896309.4219809,9.182034460629438
3,1650902027.0278037,-16.535506868607627
4,1650907797.2128215,1.9050115019163056
5,1650913492.7861366,3.448439970752588
6,1650919225.8505623,2.459574302101828
