,time,value
0,1650657495.3339238,-3.254206217784485
1,1650677299.1359997,0.0
