,time,value
0,1650657494.9926517,-2.0239995343840747
1,1650677298.284141,0.0
