,time,value
0,1650657495.0566247,-0.8286252828174838
1,1650677298.5065727,0.0
