,time,value
0,1650657495.0903482,-1.3519756294290346
1,1650677298.5788937,0.0
