,time,value
0,1650657495.09631,1.0170871503305534
1,1650677298.580367,0.0
