,time,value
0,1650657494.9723024,-0.4721229006099747
1,1650677298.2794917,0.0
