,time,value
0,1650657495.4242876,-0.10569148664853856
