,time,value
0,1650657494.9396176,-1.391341798806934
1,1650677298.2550375,0.0
