,time,value
0,1650657495.3898888,-1.7701357511214155
1,1650677299.1557136,0.0
