,time,value
0,1650657495.3735003,-0.2524296365800182
1,1650677299.152341,0.0
