,time,value
0,1650657495.407671,-0.523663034812671
1,1650677299.1615567,0.0
