,time,value
0,1650657495.1164503,0.9143753494504381
1,1650677298.8106263,0.0
