,time,value
0,1650657495.2356806,-0.7598207188748347
1,1650677299.122965,0.0
