,time,value
0,1650657494.9653258,-0.44606349709920323
1,1650677298.2727668,0.0
