,time,value
0,1650657495.3893704,-0.2198365890217246
1,1650677299.1552768,0.0
