,time,value
0,1650657495.4020662,1.1280317044988806
1,1650677299.1580925,0.0
