,time,value
0,1650657495.1542978,0.0
1,1650677298.9245903,0.0
