,time,value
0,1650657495.3348129,0.2933841886965638
