,time,value
0,1650657495.6235497,0.0
1,1650677299.475493,0.0
