,time,value
0,1650657495.0123124,1.237879258545945
