,time,value
0,1650657495.6502023,-0.22959476624828312
1,1650677299.532048,0.0
