,time,value
0,1650657495.119683,-0.5515719941276984
1,1650677298.8737009,0.0
