,time,value
0,1650657495.0132873,-0.20389438341589994
1,1650677298.4301925,0.0
