,time,value
0,1650657495.1013844,-0.9975828629176248
1,1650677298.727144,0.0
