,time,value
0,1650657495.2384872,0.2273502340131017
1,1650677299.1276383,0.0
