,time,value
0,1650657495.18442,-0.6440532639981029
1,1650677299.0181394,0.0
