,time,value
0,1650657495.2159932,0.7092558177664614
1,1650677299.1072478,0.0
