,time,value
0,1650657495.560108,-0.10203561051685028
1,1650677299.233238,0.0
