,time,value
0,1650657494.935431,0.20650490522439213
1,1650677298.2533438,0.0
