,time,value
0,1650657495.6502025,-0.2295947662482831
1,1650677299.532048,0.0
