,time,value
0,1650657495.4368596,-2.9742370187414053
1,1650677299.1847982,0.0
