,time,value
0,1650657495.3742175,-1.430820103883434
1,1650677299.1528893,0.0
