,time,value
0,1650657495.334987,-0.4530011402493983
1,1650677299.1416848,0.0
