,time,value
0,1650657494.9939,1.2136975915536823
1,1650677298.2847853,0.0
