,time,value
0,1650657495.563581,-1.405481608735499
1,1650677299.2391772,0.0
