,time,value
0,1650657495.1860096,-1.5854843451634224
1,1650677299.019347,0.0
2,1650896309.4069085,-10.37390809382714
3,1650902027.0134063,-9.435744113636702
4,1650907785.9020362,-0.5439216886893519
5,1650913469.9808817,-2.3484790849911406
6,1650919215.3205698,-0.9865914069910104
