,time,value
0,1650657495.1872995,-0.483675946551557
1,1650677299.020015,0.0
