,time,value
0,1650657494.9515321,-1.3670542115328317
