,time,value
0,1650657495.542225,-0.8848802496186181
1,1650677299.2115288,0.0
