,time,value
0,1650657495.5644438,-2.6474497004678597
1,1650677299.2398186,0.0
