,time,value
0,1650657495.410374,-0.37929073088935183
1,1650677299.1627438,0.0
