,time,value
0,1650657495.1032972,0.6011421882267314
1,1650677298.7287807,0.0
