,time,value
0,1650657495.2109654,-0.5232862495126938
1,1650677299.0960274,0.0
