,time,value
0,1650657495.4503813,-3.1422176481410133
1,1650677299.1980495,0.0
