,time,value
0,1650657494.9724772,-0.3891050632751103
1,1650677298.2796178,0.0
