,time,value
0,1650657495.4355586,-0.17019828140792015
