,time,value
0,1650657495.185664,0.02189693114542024
1,1650677299.0190873,0.0
