,time,value
0,1650657495.1962106,-0.5689900580255198
1,1650677299.0366027,0.0
