,time,value
0,1650657494.9606102,0.0
1,1650677298.270157,0.0
