,time,value
0,1650657495.5622985,-2.3181301715117115
1,1650677299.2347486,0.0
