,time,value
0,1650657495.388223,0.1855666282290258
1,1650677299.1543248,0.0
