,time,value
0,1650657494.9721222,-1.3738301036164555
1,1650677298.279365,0.0
