,time,value
0,1650657495.2386658,-0.5302610454700698
1,1650677299.1280468,0.0
