,time,value
0,1650657495.4253983,-1.3086152358200709
1,1650677299.171666,0.0
