,time,value
0,1650657495.4023194,-0.278202811643041
1,1650677299.1582198,0.0
