,time,value
0,1650657495.428228,-1.6100135914393832
