,time,value
0,1650657494.9636745,-0.07941234866211744
1,1650677298.2718468,0.0
