,time,value
0,1650657495.2111464,-0.2157916324385951
1,1650677299.096151,0.0
