,time,value
0,1650657494.9708407,-0.6400000218454807
1,1650677298.2784429,0.0
