,time,value
0,1650657495.3340976,0.20683106676460739
