,time,value
0,1650657495.1903076,-0.04459408237289608
1,1650677299.0363498,0.0
