,time,value
0,1650657495.4399276,-1.689094484128418
1,1650677299.186463,0.0
