,time,value
0,1650657494.9719179,-1.3045349256544796
1,1650677298.2792366,0.0
