,time,value
0,1650657495.0349507,-0.45526975518896506
1,1650677298.4640193,0.0
