,time,value
0,1650657495.2772167,-0.2301231168821687
1,1650677299.1301997,0.0
