,time,value
0,1650657495.1010153,-0.3301964698980555
1,1650677298.7268817,0.0
