,time,value
0,1650657494.970138,2.1636403133993554
1,1650677298.2779334,0.0
