,time,value
0,1650657495.08499,-0.5181155513555495
1,1650677298.555114,0.0
