,time,value
0,1650657495.1162696,-1.8901215304558718
1,1650677298.8104722,0.0
