,time,value
0,1650657495.4004638,-0.9772783577709561
