,time,value
0,1650657495.1840668,1.3672099657360377
1,1650677299.0178857,0.0
