,time,value
0,1650657495.2084985,0.7888855210367183
1,1650677299.0450428,0.0
