,time,value
0,1650657495.3691318,-0.1340931949716832
