,time,value
0,1650657495.2161982,0.7526747187830551
