,time,value
0,1650657495.2777305,0.598106015504527
