,time,value
0,1650657495.5478978,-0.26834831772339385
