,time,value
0,1650657495.188371,-3.650663981453363
1,1650677299.020145,0.0
