,time,value
0,1650657495.563109,-0.5414052057922163
1,1650677299.235265,0.0
