,time,value
0,1650657495.1160507,-1.4669929281258192
1,1650677298.810347,0.0
