,time,value
0,1650657495.564642,0.9158108836586507
1,1650677299.2399652,0.0
