,time,value
0,1650657495.420995,-0.29031790013777936
1,1650677299.1671145,0.0
2,1650896309.4426768,7.3714029789748565
3,1650902027.0476158,1.0175158956240011
4,1650907822.6941013,-7.545015479477115
