,time,value
0,1650657494.9591842,-0.8024072647181129
