,time,value
0,1650657495.0595777,-1.2501564323556522
1,1650677298.5086899,0.0
