,time,value
0,1650657494.968101,0.0746742336896204
1,1650677298.275828,0.0
