,time,value
0,1650657495.3733292,-2.0184148327825824
1,1650677299.1522107,0.0
