,time,value
0,1650657495.3893704,-0.21983658902172465
1,1650677299.1552768,0.0
