,time,value
0,1650657494.935599,-2.179746000542309
1,1650677298.2535074,0.0
