,time,value
0,1650657494.9205694,0.5112147852405542
1,1650677298.2456858,0.0
