,time,value
0,1650657495.551377,0.1699957505152269
1,1650677299.225003,0.0
