,time,value
0,1650657495.6196072,-1.5485611578005773
1,1650677299.259376,0.0
