,time,value
0,1650657494.9401994,1.4506978693016208
1,1650677298.255291,0.0
