,time,value
0,1650657495.1834817,-0.0309554396471867
1,1650677299.0138788,0.0
