,time,value
0,1650657494.9754853,0.05565294823009026
1,1650677298.2817276,0.0
