,time,value
0,1650657495.5582242,2.877354820565415
1,1650677299.2323241,0.0
