,time,value
0,1650657495.5580423,1.0074214223868694
1,1650677299.2321887,0.0
