,time,value
0,1650657494.9118824,-1.399119606039676
1,1650677298.244424,0.0
