,time,value
0,1650657495.1889112,0.17383746241057452
1,1650677299.035591,0.0
