,time,value
0,1650657494.9603336,-1.015858770131672
1,1650677298.270027,0.0
