,time,value
0,1650657495.0331874,-0.3927729822680703
1,1650677298.4520175,0.0
