,time,value
0,1650657495.6223288,-3.348484353281492
1,1650677299.4745977,0.0
