,time,value
0,1650657495.4523253,-0.3337598072930632
1,1650677299.201653,0.0
