,time,value
0,1650657495.4493554,0.335364152715556
1,1650677299.1971667,0.0
