,time,value
0,1650657495.427971,-0.7218132260850325
1,1650677299.1745238,0.0
