,time,value
0,1650657495.6190467,-7.371471980037313
1,1650677299.258945,0.0
