,time,value
0,1650657494.9914637,-3.347802889691593
1,1650677298.2834687,0.0
