,time,value
0,1650657495.4232776,-3.11532064147832
1,1650677299.1686995,0.0
