,time,value
0,1650657495.4078484,0.23022907894937816
1,1650677299.1616857,0.0
