,time,value
0,1650657494.946529,-1.2922681100535556
