,time,value
0,1650657495.214111,-1.7373076108478926
1,1650677299.1065447,0.0
