,time,value
0,1650657495.154123,0.3601224455214833
1,1650677298.9244561,0.0
