,time,value
0,1650657495.4489608,-0.9842309885825672
1,1650677299.1969044,0.0
