,time,value
0,1650657495.6197693,-0.10967918848427871
1,1650677299.2595067,0.0
