,time,value
0,1650657495.3698902,-4.257688771780522
1,1650677299.148419,0.0
