,time,value
0,1650657495.2355056,-1.7420227700931719
