,time,value
0,1650657495.4330435,-0.5389383046103831
1,1650677299.1781456,0.0
