,time,value
0,1650657494.9763763,0.9792264893831087
1,1650677298.2823963,0.0
