,time,value
0,1650657495.1987975,-2.249026626930572
1,1650677299.0441175,0.0
