,time,value
0,1650657495.086418,-0.3510003546052758
1,1650677298.577717,0.0
