,time,value
0,1650657495.3674514,0.8457881289332363
1,1650677299.1451929,0.0
