,time,value
0,1650657495.3579764,0.2718921770065208
1,1650677299.1444066,0.0
