,time,value
0,1650657495.2773883,-1.0183771652709763
1,1650677299.1303265,0.0
