,time,value
0,1650657495.0860791,-0.989217609600928
1,1650677298.577457,0.0
2,1650896309.3884444,-0.5975500625963832
3,1650902027.001717,1.3987413610307158
4,1650907776.6879072,0.3981684305044837
5,1650913459.1865425,2.3734188356638697
