,time,value
0,1650657494.9468722,0.1179824993996589
1,1650677298.2572908,0.0
