,time,value
0,1650657495.0862486,-1.1102203077089143
1,1650677298.577589,0.0
