,time,value
0,1650657495.5613575,-2.633312910760651
1,1650677299.234077,0.0
