,time,value
0,1650657495.6503837,-0.9975648510862812
1,1650677299.5322182,0.0
