,time,value
0,1650657495.179847,-2.312035957356784
1,1650677298.930653,0.0
