,time,value
0,1650657494.9723024,-0.47212290060997475
1,1650677298.2794917,0.0
