,time,value
0,1650657495.6514606,2.444988993066545
1,1650677299.5330465,0.0
