,time,value
0,1650657495.084643,0.056994671013853804
1,1650677298.5246994,0.0
