,time,value
0,1650657494.9345882,1.192089005976413
1,1650677298.2494652,0.0
