,time,value
0,1650657495.368926,0.3376439239291358
1,1650677299.1462262,0.0
