,time,value
0,1650657495.0024002,-2.3695042099016064
1,1650677298.35683,0.0
