,time,value
0,1650657494.9756584,-1.4067173060025198
1,1650677298.2818851,0.0
