,time,value
0,1650657495.0109208,-0.7284458410458683
1,1650677298.3585427,0.0
