,time,value
0,1650657495.353257,-0.3561126778140533
1,1650677299.1431203,0.0
