,time,value
0,1650657494.9548965,4.807701568103312
1,1650677298.2673154,0.0
