,time,value
0,1650657495.617064,-5.398933330144246
1,1650677299.2576396,0.0
