,time,value
0,1650657495.4011998,-0.1226918595493771
1,1650677299.1577091,0.0
