,time,value
0,1650657494.9644744,-1.8416211466496861
1,1650677298.272131,0.0
