,time,value
0,1650657494.9678197,-1.384539532200506
1,1650677298.2745407,0.0
2,1650896309.3724802,-1.0646793659425384
3,1650902026.94794,-4.268949919575789
4,1650907755.4847877,4.521284297740749
5,1650913437.8275685,2.5089145604824807
6,1650919165.5868666,-1.1827322490489678
7,1650936022.2165804,0.0
