,time,value
0,1650657494.9576602,-1.318683379581671
1,1650677298.2683997,0.0
