,time,value
0,1650657495.0011492,1.0569894404316074
1,1650677298.2854788,0.0
