,time,value
0,1650657494.9735568,-0.9001540344870591
1,1650677298.2802827,0.0
