,time,value
0,1650657495.3534503,0.199820162519245
1,1650677299.143247,0.0
