,time,value
0,1650657495.6228304,-0.773320483198404
1,1650677299.4749882,0.0
