,time,value
0,1650657495.0107474,-0.9703904028883699
1,1650677298.3584163,0.0
