,time,value
0,1650657495.1042414,-1.6410260092943645
