,time,value
0,1650657494.9214413,1.0853555604562644
1,1650677298.2463431,0.0
