,time,value
0,1650657495.4527378,-2.8914521570595753
1,1650677299.202359,0.0
