,time,value
0,1650657495.4188342,-1.4082759234224795
1,1650677299.1647184,0.0
