,time,value
0,1650657495.0576866,-2.0277576963899264
1,1650677298.5074532,0.0
2,1650896309.3851573,-9.933083904054001
3,1650902026.9999075,-0.10056146828173951
4,1650907767.5200474,-6.010837572704077
5,1650913449.020954,-2.335436286542972
6,1650919181.574081,-1.1869437595287309
