,time,value
0,1650657495.4053695,-0.1240310079101618
1,1650677299.1606045,0.0
