,time,value
0,1650657495.1847606,-0.6961364708554356
