,time,value
0,1650657495.3540597,-7.228757807877628
1,1650677299.1436224,0.0
