,time,value
0,1650657495.0578582,-0.2389343539234687
