,time,value
0,1650657495.1641436,-1.8240167191916044
1,1650677298.9289165,0.0
