,time,value
0,1650657495.1967936,-0.8635579120409602
1,1650677299.0368562,0.0
