,time,value
0,1650657495.615961,-0.4015258034273756
1,1650677299.2411566,0.0
