,time,value
0,1650657495.0333838,-2.109836339579488
1,1650677298.452206,0.0
