,time,value
0,1650657494.920214,-0.31445552285822487
1,1650677298.2452712,0.0
