,time,value
0,1650657495.0134768,-0.6319729920351165
1,1650677298.4303193,0.0
