,time,value
0,1650657495.5469673,-0.5867344839271027
1,1650677299.2154038,0.0
2,1650896309.459511,-8.790085928115332
3,1650902027.068044,1.9563955900512155
4,1650907836.960267,8.02216007361858
5,1650913529.509849,3.484340270054417
6,1650919294.791011,-0.6429864183974132
