,time,value
0,1650657494.9686382,-0.47133287072665553
