,time,value
0,1650657494.9521327,1.653931771950738
1,1650677298.2662995,0.0
