,time,value
0,1650657495.087783,-3.608028159987043
1,1650677298.578641,0.0
