,time,value
0,1650657495.3542397,0.2736951600400061
1,1650677299.1437483,0.0
2,1650896309.4242098,1.6502924762444309
3,1650902027.029368,-12.632396135467388
4,1650907797.214342,0.8163896176210983
