,time,value
0,1650657495.335327,-0.989253194574303
1,1650677299.1419406,0.0
