,time,value
0,1650657495.0017073,-1.8682350617714292
1,1650677298.28587,0.0
2,1650896309.3791769,-9.160706410879357
3,1650902026.9569483,-3.6652453982956104
4,1650907767.513327,-0.44228218323769397
5,1650913449.0158815,5.04221171305926
6,1650919181.5666828,0.5469562024445622
