,time,value
0,1650657495.1198852,-0.8678463492469746
