,time,value
0,1650657495.3728116,-2.2325835000683583
1,1650677299.1518176,0.0
