,time,value
0,1650657495.371426,3.15126311198992
