,time,value
0,1650657495.2398984,-0.2396644708896929
1,1650677299.1293957,0.0
2,1650896309.4169104,-0.28148624924597243
3,1650902027.0238936,-2.756790590001401
4,1650907797.2087712,1.4184541230943069
5,1650913492.7534862,-2.111596633129011
