,time,value
0,1650657495.5654,-2.5036751770985575
1,1650677299.2404833,0.0
