,time,value
0,1650657495.5644438,-2.64744970046786
1,1650677299.2398186,0.0
