,time,value
0,1650657495.6216342,1.252227683739875
1,1650677299.2612188,0.0
