,time,value
0,1650657495.1853,0.8553101020352187
1,1650677299.0188055,0.0
