,time,value
0,1650657495.0018806,-2.4416207459353245
