,time,value
0,1650657495.4366202,0.0
1,1650677299.1846716,0.0
