,time,value
0,1650657494.9465287,-1.2922681100535556
