,time,value
0,1650657495.1528702,-0.598086142230386
1,1650677298.9235475,0.0
