,time,value
0,1650657495.4323168,0.3966792333767444
1,1650677299.1773837,0.0
