,time,value
0,1650657495.650907,-0.9441756868063749
1,1650677299.532665,0.0
2,1650896309.4766872,-19.902347367775292
3,1650902027.0864627,-0.24268899524486187
4,1650907855.89024,-0.9646690727586247
5,1650913539.801027,3.4891450906352475
6,1650919309.6157691,-0.7136061197215895
