,time,value
0,1650657495.0844588,-2.6271360578248277
1,1650677298.5245626,0.0
