,time,value
0,1650657495.4465902,-3.4458526173357313
1,1650677299.187517,0.0
