,time,value
0,1650657495.4066076,-0.3789485126508225
1,1650677299.160862,0.0
