,time,value
0,1650657495.1903076,-0.044594082372896
1,1650677299.0363498,0.0
