,time,value
0,1650657495.4008524,6.887285796211017
1,1650677299.1573002,0.0
