,time,value
0,1650657495.2397292,0.0
1,1650677299.1292372,0.0
