,time,value
0,1650657495.180304,-0.8580009106362922
1,1650677298.9309635,0.0
