,time,value
0,1650657495.418246,-1.1577279625989831
1,1650677299.1643035,0.0
