,time,value
0,1650657495.105491,-1.5829347895023602
1,1650677298.8100944,0.0
