,time,value
0,1650657494.9620988,0.136883170427609
1,1650677298.2706683,0.0
