,time,value
0,1650657495.5625129,2.342221422483817
