,time,value
0,1650657495.4234965,0.14578322060970095
1,1650677299.1690433,0.0
2,1650896309.4439352,15.419503336053822
3,1650902027.049137,-16.211702996616623
4,1650907822.6962714,10.031384794610858
5,1650913518.8040934,-0.4071736651912943
6,1650919250.0682936,0.11105969470008858
