,time,value
0,1650657495.017046,-1.498673751959359
1,1650677298.430702,0.0
