,time,value
0,1650657495.4531813,2.918573917228059
1,1650677299.2066104,0.0
