,time,value
0,1650657495.1707747,0.2290950754577352
1,1650677298.9298575,0.0
