,time,value
0,1650657494.9600933,-1.303951156201947
