,time,value
0,1650657495.3996303,0.2099296743303966
1,1650677299.1566348,0.0
