,time,value
0,1650657495.3524396,-0.7984032360245692
1,1650677299.1425834,0.0
