,time,value
0,1650657494.9758286,-0.2759508824942713
