,time,value
0,1650657494.974266,-2.9514217753003322
1,1650677298.2808187,0.0
