,time,value
0,1650657495.0726504,-0.16973606083365667
1,1650677298.5241475,0.0
