,time,value
0,1650657495.4487681,-1.226091374785483
1,1650677299.1967447,0.0
