,time,value
0,1650657495.6174471,-1.8178077402881172
1,1650677299.257887,0.0
2,1650896309.4682186,3.69035260045257
3,1650902027.0781558,-5.062325494171091
4,1650907855.829545,0.7668712032264011
5,1650913539.793541,0.5265803515721927
6,1650919309.607684,0.2843467153415986
