,time,value
0,1650657495.5420067,-2.74509976303898
1,1650677299.2110925,0.0
