,time,value
0,1650657495.1025288,3.1015174570020463
