,time,value
0,1650657495.0726504,-0.1697360608336566
1,1650677298.5241475,0.0
