,time,value
0,1650657494.9444714,-2.928259779088421
1,1650677298.255417,0.0
