,time,value
0,1650657495.4358637,-0.2340550039939444
1,1650677299.184286,0.0
