,time,value
0,1650657495.2381566,0.33022762418295315
1,1650677299.1273813,0.0
