,time,value
0,1650657495.2768643,-0.35584711327101104
1,1650677299.1298301,0.0
