,time,value
0,1650657495.6606543,-0.9861123323535139
1,1650677299.5338151,0.0
