,time,value
0,1650657495.6213195,0.0
1,1650677299.26097,0.0
