,time,value
0,1650657495.447357,-0.23752969232828036
1,1650677299.1959765,0.0
