,time,value
0,1650657495.4200478,-2.592411946672655
1,1650677299.1655655,0.0
