,time,value
0,1650657494.956288,0.8903021255800923
1,1650677298.2681415,0.0
