,time,value
0,1650657495.3708625,-0.7654037878453437
1,1650677299.1491003,0.0
