,time,value
0,1650657495.4345045,0.7958298935800485
1,1650677299.1834872,0.0
