,time,value
0,1650657494.9609768,0.5801025010400735
