,time,value
0,1650657494.9928238,-1.057268820953141
1,1650677298.284269,0.0
