,time,value
0,1650657495.4215517,-2.906669658395004
1,1650677299.1675315,0.0
