,time,value
0,1650657494.9917316,-0.5827505992419901
1,1650677298.2835956,0.0
