,time,value
0,1650657495.6203053,-1.3086152358209802
