,time,value
0,1650657495.0872173,0.7500774888167143
1,1650677298.5782592,0.0
