,time,value
0,1650657494.9651647,-0.01874589933504467
1,1650677298.272639,0.0
