,time,value
0,1650657495.6248298,1.237368687469825
1,1650677299.476417,0.0
