,time,value
0,1650657495.180036,-0.2926972068312352
