,time,value
0,1650657494.9448402,-2.780296280883704
