,time,value
0,1650657495.0114696,-0.5571651581622064
1,1650677298.3589387,0.0
