,time,value
0,1650657495.4204683,0.04749578475912131
1,1650677299.1667247,0.0
