,time,value
0,1650657494.939876,-0.9246935860292069
1,1650677298.2551641,0.0
