,time,value
0,1650657495.08761,-0.9454639923860668
1,1650677298.578515,0.0
