,time,value
0,1650657495.4048212,1.4545457109943527
