,time,value
0,1650657495.4069667,-0.09666972795093898
1,1650677299.1611457,0.0
