,time,value
0,1650657495.6604762,1.0025063496254916
