,time,value
0,1650657495.3735003,-0.25242963658001827
1,1650677299.152341,0.0
