,time,value
0,1650657495.4274254,0.5847611417434564
