,time,value
0,1650657495.1660786,-2.305867417083846
1,1650677298.9294777,0.0
