,time,value
0,1650657495.4067895,-3.219846559736652
