,time,value
0,1650657494.951919,-0.8655584665038987
