,time,value
0,1650657495.3342683,2.6517731630328853
1,1650677299.141114,0.0
