,time,value
0,1650657494.9733844,-0.4786406696616723
1,1650677298.2801564,0.0
