,time,value
0,1650657495.5529613,-0.1505004141599784
1,1650677299.2257395,0.0
