,time,value
0,1650657495.3687332,0.8619321421865607
1,1650677299.1460636,0.0
