,time,value
0,1650657494.9363065,-0.9008073228051215
