,time,value
0,1650657494.976922,-1.671043597253174
1,1650677298.282777,0.0
