,time,value
0,1650657495.615961,-0.40152580342737565
1,1650677299.2411566,0.0
