,time,value
0,1650657494.9922702,-2.0536900279576003
1,1650677298.283855,0.0
2,1650896309.3764448,-5.925358043575216
3,1650902026.9549975,0.4936077892807589
4,1650907755.489961,2.639684770772874
5,1650913437.8313413,-1.4168806572160977
6,1650919165.60032,0.2909373050642898
7,1650936022.2241552,0.0
8,1650984538.2665412,-7.897471944375866
9,1650987267.1611178,-0.7833921278042908
10,1650989882.7022686,-0.0979671810719082
11,1650992643.013385,3.4231536189963663
