,time,value
0,1650657495.08799,-1.6278694788047687
