,time,value
0,1650657495.1552007,-0.4599816088457373
1,1650677298.925437,0.0
