,time,value
0,1650657495.410374,-0.3792907308893518
1,1650677299.1627438,0.0
