,time,value
0,1650657495.072473,0.6887052613819833
1,1650677298.5092423,0.0
