,time,value
0,1650657495.3337483,-0.1463483535872001
1,1650677299.1355948,0.0
