,time,value
0,1650657495.43353,0.3023431617893948
1,1650677299.1828637,0.0
