,time,value
0,1650657495.093321,-0.6047214976697433
