,time,value
0,1650657495.1823092,0.1282791355743029
1,1650677298.9962144,0.0
