,time,value
0,1650657494.9635096,-4.020554891062602
1,1650677298.271719,0.0
