,time,value
0,1650657495.5523481,-3.9460754921101397
