,time,value
0,1650657495.157215,2.990155344381037
1,1650677298.9279976,0.0
2,1650896309.4001937,2.163945406219227
3,1650902027.0098844,0.0
4,1650907785.8983226,1.943038909619645
5,1650913469.9768631,-1.2305169723308609
6,1650919215.3166254,3.661517516285585
