,time,value
0,1650657495.3536875,-2.563227650832232
1,1650677299.1433723,0.0
