,time,value
0,1650657495.2100642,2.283342974401876
1,1650677299.0951648,0.0
