,time,value
0,1650657495.1900735,-0.9108390468791184
