,time,value
0,1650657495.013007,-0.9866799024448484
1,1650677298.430062,0.0
