,time,value
0,1650657495.1524775,-1.2650223065866157
1,1650677298.9232998,0.0
