,time,value
0,1650657494.945187,-1.473338510978465
1,1650677298.255936,0.0
