,time,value
0,1650657494.9644744,-1.841621146649686
1,1650677298.272131,0.0
