,time,value
0,1650657495.5632696,-2.1082497842535304
