,time,value
0,1650657495.6309428,-2.4015381378853817
1,1650677299.4769495,0.0
2,1650896309.4744847,-15.41314916506144
3,1650902027.0854182,-4.8091836940348
4,1650907855.8449852,2.0730450689770805
5,1650913539.8000176,1.6902092639065813
6,1650919309.6147947,-0.48042278128014004
