,time,value
0,1650657495.6244683,-1.454338318648297
1,1650677299.476164,0.0
