,time,value
0,1650657495.4497347,0.5638567953164966
1,1650677299.197535,0.0
