,time,value
0,1650657495.1791008,1.4330071714248334
