,time,value
0,1650657495.4306731,-1.0559663072035619
1,1650677299.174796,0.0
