,time,value
0,1650657495.547329,0.9781014744889944
1,1650677299.2197356,0.0
