,time,value
0,1650657495.4085715,-2.0410484464018737
1,1650677299.162229,0.0
