,time,value
0,1650657495.0331874,-0.39277298226807034
1,1650677298.4520175,0.0
