,time,value
0,1650657495.1202502,-3.213026219218136
1,1650677298.8741035,0.0
