,time,value
0,1650657495.4011998,-0.12269185954937711
1,1650677299.1577091,0.0
