,time,value
0,1650657495.0337615,-0.6245316215981802
1,1650677298.4631612,0.0
