,time,value
0,1650657494.962448,-0.43802015593064425
