,time,value
0,1650657495.103838,0.23522954591499
1,1650677298.7291677,0.0
