,time,value
0,1650657495.621477,-0.3453237444391561
1,1650677299.261096,0.0
