,time,value
0,1650657494.9448402,-2.7802962808837037
