,time,value
0,1650657495.4015422,1.9941581293105628
1,1650677299.157971,0.0
