,time,value
0,1650657495.1980472,-2.733486895660235
1,1650677299.043597,0.0
