,time,value
0,1650657495.3679047,0.1601580229244064
1,1650677299.1454937,0.0
