,time,value
0,1650657495.5545928,1.6720204537728025
1,1650677299.2259986,0.0
