,time,value
0,1650657495.5595276,0.9546540104502128
