,time,value
0,1650657494.951532,-1.3670542115328317
