,time,value
0,1650657495.186181,-1.4591346372726548
