,time,value
0,1650657494.9715598,2.231432229705206
1,1650677298.2789822,0.0
