,time,value
0,1650657495.40374,-0.7244802171553602
1,1650677299.1592917,0.0
