,time,value
0,1650657494.9672635,0.24844720624787442
1,1650677298.2744074,0.0
