,time,value
0,1650657495.5519562,-1.4362659560574684
1,1650677299.2252846,0.0
2,1650896309.460526,9.145847544670232
3,1650902027.0691042,3.6205687631290857
4,1650907836.9612803,4.25080342519459
5,1650913529.5103705,-5.976463561481523
6,1650919294.791999,1.0458428702972924
