,time,value
0,1650657495.4387102,-0.7678280442505638
1,1650677299.185792,0.0
