,time,value
0,1650657495.6233838,-1.9737190222799652
1,1650677299.4753668,0.0
