,time,value
0,1650657494.9196126,0.9149968613482997
1,1650677298.2448452,0.0
