,time,value
0,1650657495.5584292,-4.275481216319349
1,1650677299.232457,0.0
