,time,value
0,1650657495.096122,-1.0536127732393652
1,1650677298.5802398,0.0
