,time,value
0,1650657495.3351572,-2.68676056723416
1,1650677299.141816,0.0
