,time,value
0,1650657495.209165,-1.3914255658241927
