,time,value
0,1650657495.6176229,-2.9888769690724075
1,1650677299.2580879,0.0
2,1650896309.4683428,-8.3788450795264
