,time,value
0,1650657495.566243,-0.0969979146211699
1,1650677299.2410295,0.0
