,time,value
0,1650657495.156148,-1.0883367662322598
1,1650677298.925791,0.0
