,time,value
0,1650657494.9590104,-1.6038495819748275
1,1650677298.2691972,0.0
