,time,value
0,1650657495.3577266,-0.129057237062625
1,1650677299.144281,0.0
