,time,value
0,1650657495.4507751,-1.818571318484828
1,1650677299.200945,0.0
