,time,value
0,1650657495.426973,0.8562051609969785
1,1650677299.1736815,0.0
