,time,value
0,1650657495.1029067,-0.535162629230399
