,time,value
0,1650657495.0001087,0.339789333884255
1,1650677298.285039,0.0
