,time,value
0,1650657495.563581,-1.4054816087354993
1,1650677299.2391772,0.0
