,time,value
0,1650657495.4046497,-1.5370118301734692
1,1650677299.1600916,0.0
