,time,value
0,1650657495.1808755,0.3314001687331256
1,1650677298.971545,0.0
