,time,value
0,1650657495.558652,-0.4786815833185756
1,1650677299.2325826,0.0
