,time,value
0,1650657495.3706882,-0.3723701402182087
1,1650677299.1489725,0.0
