,time,value
0,1650657495.209343,-0.925925992079101
1,1650677299.045481,0.0
