,time,value
0,1650657495.5607197,0.0
1,1650677299.2337093,0.0
