,time,value
0,1650657495.2143312,-0.6040957876875837
1,1650677299.1066847,0.0
