,time,value
0,1650657495.5564022,-2.1239629533265543
1,1650677299.2263796,0.0
