,time,value
0,1650657495.4248385,0.5035823120142595
1,1650677299.171155,0.0
