,time,value
0,1650657495.1796703,-3.740292789439991
1,1650677298.930527,0.0
