,time,value
0,1650657495.1051197,-1.2774889957095183
1,1650677298.8098216,0.0
