,time,value
0,1650657495.2089465,-0.8032128945887962
