,time,value
0,1650657495.552961,-0.1505004141599784
1,1650677299.2257397,0.0
