,time,value
0,1650657495.2785678,0.7342144235844899
1,1650677299.131008,0.0
