,time,value
0,1650657495.565654,0.3662332946996685
1,1650677299.240614,0.0
