,time,value
0,1650657494.9633334,-1.2168623839670545
1,1650677298.2715924,0.0
