,time,value
0,1650657495.087431,-0.4430856557055449
1,1650677298.5783875,0.0
