,time,value
0,1650657495.2367785,-0.1306250410061693
1,1650677299.1250184,0.0
