,time,value
0,1650657494.9446626,-0.7469189940175056
1,1650677298.255547,0.0
