,time,value
0,1650657494.9491026,-1.282549377828218
1,1650677298.2644854,0.0
