,time,value
0,1650657495.4411452,-3.8718278092692335
1,1650677299.1871066,0.0
