,time,value
0,1650657495.4507751,-1.8185713184848282
1,1650677299.200945,0.0
