,time,value
0,1650657495.632105,-1.911002492572152
1,1650677299.477075,0.0
