,time,value
0,1650657494.9924765,2.418120429750161
1,1650677298.2839782,0.0
