,time,value
0,1650657495.0107474,-0.97039040288837
1,1650677298.3584163,0.0
