,time,value
0,1650657495.118828,0.3364171604480361
1,1650677298.8730185,0.0
