,time,value
0,1650657494.9517245,0.0
1,1650677298.2660441,0.0
