,time,value
0,1650657494.934239,0.2079362336380654
1,1650677298.2472477,0.0
