,time,value
0,1650657494.968101,0.07467423368962045
1,1650677298.275828,0.0
