,time,value
0,1650657495.5566187,0.1035143109456839
1,1650677299.2265065,0.0
