,time,value
0,1650657495.1173542,1.0177449621905907
1,1650677298.8112488,0.0
