,time,value
0,1650657495.4394069,-0.40249547735948
1,1650677299.1861775,0.0
