,time,value
0,1650657495.0722804,-0.6274931853968155
1,1650677298.509068,0.0
