,time,value
0,1650657495.5619063,-2.747920584716212
1,1650677299.234491,0.0
