,time,value
0,1650657495.11701,-1.559870600760405
1,1650677298.8110073,0.0
