,time,value
0,1650657494.965165,-0.0187458993350446
1,1650677298.272639,0.0
