,time,value
0,1650657495.1568694,-0.19239093897977
1,1650677298.9277363,0.0
2,1650896309.3999238,-1.502557052679549
3,1650902027.0097532,0.6300128634075008
