,time,value
0,1650657495.1657522,-0.6341154302526775
1,1650677298.9293165,0.0
2,1650896309.4015532,-7.7695437784072965
3,1650902027.0105584,-5.235614053945028
4,1650907785.8989775,-3.2520353863778837
5,1650913469.9780695,5.518598651019147
6,1650919215.3173106,-0.6412311858061912
