,time,value
0,1650657495.4381976,-0.4414036708171807
1,1650677299.1854856,0.0
