,time,value
0,1650657495.40907,-1.9577365612594804
1,1650677299.1624882,0.0
