,time,value
0,1650657495.012837,-0.23778385559671733
1,1650677298.4298897,0.0
