,time,value
0,1650657495.2374516,-3.014113804029421
1,1650677299.1257823,0.0
