,time,value
0,1650657495.4204683,0.0474957847591213
1,1650677299.1667247,0.0
