,time,value
0,1650657495.4353452,-3.330922703186843
1,1650677299.1840014,0.0
