,time,value
0,1650657494.975998,1.147834432767013
1,1650677298.2821395,0.0
