,time,value
0,1650657495.1870549,-0.6870828695900855
1,1650677299.0198877,0.0
