,time,value
0,1650657495.6217933,-1.331610270004603
1,1650677299.2668746,0.0
