,time,value
0,1650657495.2072856,-1.3779379046209215
1,1650677299.0449145,0.0
