,time,value
0,1650657495.278383,0.21535479786052747
1,1650677299.1308684,0.0
