,time,value
0,1650657495.058028,2.2007306038594834
1,1650677298.5077102,0.0
