,time,value
0,1650657495.184587,-1.3852991589128578
