,time,value
0,1650657495.5641031,-4.64623164256318
1,1650677299.2395647,0.0
