,time,value
0,1650657495.033934,-0.074976569856517
