,time,value
0,1650657495.1552007,-0.45998160884573736
1,1650677298.925437,0.0
