,time,value
0,1650657495.153387,1.539646185593483
1,1650677298.923913,0.0
