,time,value
0,1650657495.432791,-0.9280996462457551
1,1650677299.1776752,0.0
