,time,value
0,1650657495.0599537,-0.9188965137791456
1,1650677298.5089457,0.0
