,time,value
0,1650657495.5517635,1.8220472699449601
1,1650677299.225132,0.0
2,1650896309.4604034,-3.7014231031862437
3,1650902027.0689764,-4.334372110806271
4,1650907836.9611318,-1.3783599701209823
5,1650913529.5103052,-1.9931014646977019
6,1650919294.7918746,5.441367718471156
