,time,value
0,1650657495.3344407,-1.6054881942336579
1,1650677299.141242,0.0
