,time,value
0,1650657495.1655557,0.0
1,1650677298.929172,0.0
