,time,value
0,1650657495.156682,-3.314733290406366
1,1650677298.927592,0.0
2,1650896309.3997917,-17.315260145077445
3,1650902027.009687,-5.915735663965279
4,1650907785.8981268,-2.773926882725391
5,1650913469.9766688,-4.141936060896114
6,1650919215.3164256,-0.06856594332293753
