,time,value
0,1650657494.947383,-1.4109349783352627
1,1650677298.2635882,0.0
