,time,value
0,1650657494.9463634,1.819284916585275
1,1650677298.2568974,0.0
