,time,value
0,1650657495.1788063,-0.2674035134932637
1,1650677298.9301012,0.0
