,time,value
0,1650657494.9998796,0.18825301260403648
1,1650677298.2849143,0.0
