,time,value
0,1650657495.4515774,-0.6942636745061463
1,1650677299.2014008,0.0
