,time,value
0,1650657495.1982417,-1.502629884535054
1,1650677299.0437307,0.0
