,time,value
0,1650657495.541828,-1.00709553030174
