,time,value
0,1650657494.9524221,1.3083869457759647
