,time,value
0,1650657495.2379928,3.011143497687499
1,1650677299.127251,0.0
