,time,value
0,1650657495.4240518,-1.9982688325244453
1,1650677299.1705904,0.0
