,time,value
0,1650657495.093002,0.2473104995906396
1,1650677298.5795522,0.0
