,time,value
0,1650657495.1180396,-1.7758468664296745
1,1650677298.8726687,0.0
2,1650896309.3957627,-4.271071087310702
3,1650902027.007273,-3.0782645925164616
4,1650907776.6964872,1.987862011847028
5,1650913459.1958702,0.6301594511896838
6,1650919198.7674787,-1.504010978698716
