,time,value
0,1650657495.198618,-1.0585575737059116
