,time,value
0,1650657494.9839146,-2.233119040542988
1,1650677298.2831879,0.0
