,time,value
0,1650657495.214563,0.34375031933268474
1,1650677299.1068141,0.0
