,time,value
0,1650657495.4217298,-2.5384221751946825
1,1650677299.1676602,0.0
2,1650896309.4431965,-1.1088633085400943
3,1650902027.0483654,-7.458760994411023
4,1650907822.6946537,4.395097152357266
5,1650913518.8033354,-1.6264138978640403
6,1650919250.0675328,3.1183624146970033
