,time,value
0,1650657495.1195116,-2.2446698538242345
1,1650677298.8735187,0.0
