,time,value
0,1650657495.1207623,0.6526232057885863
