,time,value
0,1650657495.45019,0.4849072709876054
1,1650677299.1979053,0.0
