,time,value
0,1650657494.9342387,0.20793623363806546
1,1650677298.2472475,0.0
