,time,value
0,1650657494.9508603,8.774124044714426
1,1650677298.2655149,0.0
2,1650896309.3666966,-11.238818517299478
