,time,value
0,1650657495.20986,0.1160564035426432
1,1650677299.094765,0.0
