,time,value
0,1650657495.563733,-0.326370760077225
1,1650677299.2393074,0.0
