,time,value
0,1650657495.368145,-1.8912535188082984
1,1650677299.1456232,0.0
