,time,value
0,1650657495.1703272,-1.050341457505965
1,1650677298.929605,0.0
