,time,value
0,1650657495.0326352,-0.0946297611308182
1,1650677298.4320848,0.0
