,time,value
0,1650657495.4257407,-0.1465255140174122
1,1650677299.1727753,0.0
