,time,value
0,1650657495.2378256,-1.7774456244205794
1,1650677299.1271036,0.0
