,time,value
0,1650657495.012837,-0.2377838555967173
1,1650677298.4298897,0.0
