,time,value
0,1650657495.424492,-0.0965204382782758
1,1650677299.1708546,0.0
