,time,value
0,1650657495.0132873,-0.2038943834158999
1,1650677298.4301925,0.0
