,time,value
0,1650657494.9746032,-0.5938242454781175
1,1650677298.281075,0.0
