,time,value
0,1650657495.4238014,-2.0866756251780316
