,time,value
0,1650657495.4189982,-1.2457903404938406
1,1650677299.1648452,0.0
2,1650896309.4414163,-10.697894913579148
3,1650902027.0463166,-13.668255282074824
4,1650907822.692368,3.2313105936718785
