,time,value
0,1650657494.97174,0.0
1,1650677298.2791083,0.0
