,time,value
0,1650657495.4198556,-0.3591567039293295
1,1650677299.1653678,0.0
