,time,value
0,1650657495.1974432,-2.4096397201528816
1,1650677299.0372846,0.0
