,time,value
0,1650657494.950087,-0.7369197091043134
1,1650677298.2649512,0.0
