,time,value
0,1650657495.425226,0.0
1,1650677299.1715066,0.0
