,time,value
0,1650657495.436094,-3.362003882524732
1,1650677299.184415,0.0
