,time,value
0,1650657495.039516,0.4823181043175282
1,1650677298.4646604,0.0
