,time,value
0,1650657495.2773883,-1.0183771652709765
1,1650677299.1303263,0.0
