,time,value
0,1650657495.4114752,-1.654384495247541
1,1650677299.1634114,0.0
