,time,value
0,1650657495.5404189,-0.655512322321556
1,1650677299.2072675,0.0
