,time,value
0,1650657495.5602825,-0.556018918967311
1,1650677299.2334783,0.0
