,time,value
0,1650657494.966904,-2.366045481553556
1,1650677298.2739725,0.0
