,time,value
0,1650657495.434079,0.7267970375896766
1,1650677299.1832228,0.0
