,time,value
0,1650657495.552348,-3.94607549211014
