,time,value
0,1650657495.1044123,-0.9090319436445498
1,1650677298.7754557,0.0
