,time,value
0,1650657495.1614478,-2.093949253964638
1,1650677298.9282508,0.0
