,time,value
0,1650657495.4050243,-0.2068751515844269
1,1650677299.1603503,0.0
