,time,value
0,1650657495.0867918,-1.4413455051026176
1,1650677298.5780058,0.0
