,time,value
0,1650657495.404305,-1.4437347105758818
1,1650677299.1596706,0.0
