,time,value
0,1650657495.2366126,-1.4468292854253375
1,1650677299.1248643,0.0
