,time,value
0,1650657495.5578203,0.315540365490051
1,1650677299.232015,0.0
2,1650896309.4619832,-8.502952377148176
3,1650902027.0705943,-2.8074740392476087
