,time,value
0,1650657495.1634908,-0.1630071563749879
1,1650677298.9286652,0.0
