,time,value
0,1650657495.085712,-1.115760227328792
1,1650677298.5659318,0.0
