,time,value
0,1650657494.9672637,0.2484472062478744
1,1650677298.2744074,0.0
