,time,value
0,1650657495.0589437,-2.2504697974891315
1,1650677298.5084333,0.0
