,time,value
0,1650657495.4171662,-2.282652837117894
1,1650677299.1639228,0.0
