,time,value
0,1650657495.418657,-1.194346900650089
1,1650677299.1645906,0.0
