,time,value
0,1650657495.0571434,0.0
1,1650677298.507037,0.0
