,time,value
0,1650657495.0574849,-0.25846472100511164
1,1650677298.5073078,0.0
