,time,value
0,1650657495.0597503,-2.117639259358839
