,time,value
0,1650657494.9650033,0.7510760962022687
