,time,value
0,1650657495.4004638,-0.977278357770956
