,time,value
0,1650657494.992026,0.2115282926979489
1,1650677298.283733,0.0
