,time,value
0,1650657495.439683,-0.21020179449533316
1,1650677299.186305,0.0
2,1650896309.4520133,-0.5935029063839465
3,1650902027.0566316,-5.060474616879219
4,1650907822.7100027,3.7148305952287046
5,1650913518.8233576,-3.9946559537265784
6,1650919250.0807977,-0.30926241161887447
