,time,value
0,1650657495.390628,0.8975855552807843
1,1650677299.1562293,0.0
2,1650896309.4333942,4.683849312426446
3,1650902027.037964,-4.683849312426446
4,1650907811.9946077,0.0
5,1650913510.003138,-3.730353379906319
6,1650919234.7032382,-0.7069636208198062
