,time,value
0,1650657495.6180832,1.380807005069073
1,1650677299.258226,0.0
