,time,value
0,1650657495.0022318,-1.6296244189115896
1,1650677298.2862856,0.0
