,time,value
0,1650657494.935769,-0.8474365552892777
1,1650677298.2536414,0.0
