,time,value
0,1650657495.3691318,-0.13409319497168326
