,time,value
0,1650657495.5525303,-0.292640103537451
