,time,value
0,1650657494.9344156,-0.3213884006445369
1,1650677298.2492938,0.0
