,time,value
0,1650657495.2104106,1.003899848781657
1,1650677299.0955758,0.0
