,time,value
0,1650657495.4250522,0.2126618896645595
