,time,value
0,1650657495.009785,-2.65663206944646
1,1650677298.357746,0.0
