,time,value
0,1650657495.6221676,-1.2812301560488777
1,1650677299.4743924,0.0
2,1650896309.471482,-10.767859774569388
3,1650902027.0828965,-11.126261222799712
4,1650907855.842479,3.1633678560010594
5,1650913539.7974105,7.439403452284296
6,1650919309.611522,-1.6211041793503682
