,time,value
0,1650657494.955124,-0.0860178057391749
1,1650677298.2675066,0.0
