,time,value
0,1650657494.9578702,1.3029317804148377
1,1650677298.2685258,0.0
