,time,value
0,1650657495.651807,0.1851141763090709
