,time,value
0,1650657495.6172774,-1.303796602807779
1,1650677299.2577674,0.0
