,time,value
0,1650657495.5634282,-1.9450892644053965
1,1650677299.239044,0.0
