,time,value
0,1650657495.5471532,-1.321671718145808
