,time,value
0,1650657495.032043,1.9258551932143746
1,1650677298.4316447,0.0
