,time,value
0,1650657495.009292,-1.4132058566165142
1,1650677298.357362,0.0
