,time,value
0,1650657495.4112852,1.0966917567839118
1,1650677299.1632829,0.0
