,time,value
0,1650657495.2091653,-1.3914255658241927
