,time,value
0,1650657495.0582,2.596219400256814
1,1650677298.50788,0.0
