,time,value
0,1650657495.4033628,-2.5801085448438243
1,1650677299.1590202,0.0
