,time,value
0,1650657495.236955,-0.7148945835015184
1,1650677299.1253216,0.0
2,1650896309.4154887,-4.581214028627073
3,1650902027.0213778,2.9534710797743173
