,time,value
0,1650657495.216435,-0.9631646300031208
1,1650677299.1075103,0.0
