,time,value
0,1650657495.1056683,-0.1257308105004995
