,time,value
0,1650657495.1006715,0.3741114895856299
1,1650677298.7264946,0.0
