,time,value
0,1650657495.0333838,-2.1098363395794877
1,1650677298.4522061,0.0
