,time,value
0,1650657495.185664,0.0218969311454202
1,1650677299.0190873,0.0
