,time,value
0,1650657495.2381566,0.3302276241829531
1,1650677299.127381,0.0
