,time,value
0,1650657495.6499765,-0.3362587879291823
1,1650677299.5318751,0.0
