,time,value
0,1650657495.4276152,-1.479898321560995
