,time,value
0,1650657495.400059,0.6006918737411979
