,time,value
0,1650657495.6237156,-2.6710210270853167
1,1650677299.4756582,0.0
