,time,value
0,1650657495.3546135,-1.642802012266657
1,1650677299.1440291,0.0
