,time,value
0,1650657495.012137,2.4835918389685503
1,1650677298.3593805,0.0
