,time,value
0,1650657494.9627943,-0.26363197129694527
