,time,value
0,1650657494.9653258,-0.4460634970992032
1,1650677298.2727668,0.0
