,time,value
0,1650657494.968467,-0.3769554608934413
1,1650677298.2761247,0.0
