,time,value
0,1650657495.4481254,0.5053695622409577
1,1650677299.1963544,0.0
