,time,value
0,1650657494.9468722,0.11798249939965899
1,1650677298.2572908,0.0
