,time,value
0,1650657495.6645555,-1.1516631835847875
1,1650677299.534304,0.0
