,time,value
0,1650657495.0173674,-1.3010482500249054
1,1650677298.4308293,0.0
