,time,value
0,1650657495.084643,0.0569946710138538
1,1650677298.5246994,0.0
