,time,value
0,1650657495.4013724,0.2586853624370633
1,1650677299.157843,0.0
