,time,value
0,1650657495.1040647,-2.695284885975525
1,1650677298.7731156,0.0
