,time,value
0,1650657495.369341,0.0
1,1650677299.1464844,0.0
