,time,value
0,1650657495.0110931,-0.9440395099809392
1,1650677298.3586683,0.0
2,1650896309.3805442,-13.883752179891417
3,1650902026.959264,-8.207931385137272
4,1650907767.5147898,4.0070934553550615
5,1650913449.0170877,-1.35859331033771
6,1650919181.5684185,-0.6248267629125621
