,time,value
0,1650657495.5549753,-1.2699147400471702
1,1650677299.2262518,0.0
