,time,value
0,1650657495.6201398,-1.239112371088595
1,1650677299.2597623,0.0
