,time,value
0,1650657495.440667,-3.490958797596249
1,1650677299.1868498,0.0
