,time,value
0,1650657495.0326352,-0.09462976113081822
1,1650677298.4320848,0.0
