,time,value
0,1650657495.616281,0.05840268654083047
1,1650677299.254059,0.0
