,time,value
0,1650657495.0560412,-1.7661466478284638
1,1650677298.5061963,0.0
