,time,value
0,1650657495.5642557,-2.332427336078581
1,1650677299.2396917,0.0
