,time,value
0,1650657495.4039114,-1.42011858186288
