,time,value
0,1650657495.3731577,1.3175232472403877
