,time,value
0,1650657495.2768643,-0.355847113271011
1,1650677299.12983,0.0
