,time,value
0,1650657495.3683274,-1.2386970492552791
1,1650677299.1457634,0.0
