,time,value
0,1650657495.5582242,2.877354820565415
1,1650677299.232324,0.0
