,time,value
0,1650657495.3546135,-1.6428020122666567
1,1650677299.1440291,0.0
