,time,value
0,1650657495.2770407,-2.7009066466389413
1,1650677299.1300657,0.0
2,1650896309.4175904,19.536245516614144
