,time,value
0,1650657495.420995,-0.2903179001377793
1,1650677299.1671145,0.0
2,1650896309.4426768,7.371402978974856
3,1650902027.0476158,1.0175158956240011
4,1650907822.694101,-7.545015479477115
