,time,value
0,1650657495.2792983,0.5654509621972466
1,1650677299.1315742,0.0
