,time,value
0,1650657495.0112665,-1.2376239203504156
1,1650677298.3587935,0.0
