,time,value
0,1650657495.3887458,-0.915164335859572
1,1650677299.1550193,0.0
