,time,value
0,1650657495.3534503,0.19982016251924506
1,1650677299.1432467,0.0
