,time,value
0,1650657495.5617146,-1.9417481829104872
