,time,value
0,1650657495.629953,0.3786046361201443
