,time,value
0,1650657495.6510801,0.0
1,1650677299.5327902,0.0
2,1650896309.476762,1.372807246289085
3,1650902027.0865884,-0.779072942649691
4,1650907855.8903615,-0.09579346935333888
5,1650913539.8011498,0.3349843306514231
6,1650919309.6158953,0.4959413576316365
