,time,value
0,1650657495.087217,0.7500774888167143
1,1650677298.5782592,0.0
