,time,value
0,1650657495.4046495,-1.5370118301734692
1,1650677299.1600916,0.0
