,time,value
0,1650657495.566044,-1.347028322892129
1,1650677299.2408705,0.0
