,time,value
0,1650657494.9494956,-0.463427829410648
1,1650677298.2647364,0.0
