,time,value
0,1650657495.0853326,-0.09550642287922528
1,1650677298.562819,0.0
2,1650896309.3879516,-18.849740423287585
3,1650902027.0014524,-9.698537559434044
4,1650907767.5217237,3.60147408197372
5,1650913449.0229266,-1.569859035119407
6,1650919181.5769217,-1.5042339736210124
