,time,value
0,1650657495.42557,-1.8511356109829649
1,1650677299.1718338,0.0
