,time,value
0,1650657495.1858373,2.0693793803143308
1,1650677299.019215,0.0
