,time,value
0,1650657495.4363637,-0.2398369120510324
1,1650677299.1845424,0.0
2,1650896309.4498594,-5.217508650958735
3,1650902027.0550268,-3.996372257973235
4,1650907822.707529,0.0
5,1650913518.8181124,2.1500247173798925
6,1650919250.078985,1.7748333358031232
