,time,value
0,1650657495.621477,-0.34532374443915614
1,1650677299.261096,0.0
