,time,value
0,1650657494.9451873,-1.473338510978465
1,1650677298.255936,0.0
