,time,value
0,1650657495.660289,0.2430428982675039
1,1650677299.533573,0.0
