,time,value
0,1650657495.1812396,-0.7949413246087715
