,time,value
0,1650657495.4010258,-2.646204243273587
1,1650677299.1574275,0.0
2,1650896309.4345777,-7.523074789418388
3,1650902027.0391765,-14.33373800208028
4,1650907811.9957373,5.472228015420569
