,time,value
0,1650657495.4050243,-0.20687515158442693
1,1650677299.1603503,0.0
