,time,value
0,1650657495.660289,0.24304289826750392
1,1650677299.5335727,0.0
