,time,value
0,1650657495.2360551,-1.565680607921422
1,1650677299.1232665,0.0
