,time,value
0,1650657495.4108624,-1.259786003020963
1,1650677299.1629994,0.0
