,time,value
0,1650657495.0341454,-1.1773017606592475
1,1650677298.4634614,0.0
