,time,value
0,1650657495.095681,-0.8174301709605061
1,1650677298.5799415,0.0
