,time,value
0,1650657495.4510033,-2.039523348434159
1,1650677299.2010942,0.0
2,1650896309.455568,20.677899908952895
3,1650902027.0599086,-11.911318266847957
4,1650907836.955933,5.9334313180024765
5,1650913529.5076754,-2.776494148291931
6,1650919294.7826498,-2.014911018179191
