,time,value
0,1650657495.540592,-4.271685265303404
