,time,value
0,1650657495.1001272,1.784917921453598
1,1650677298.5811553,0.0
