,time,value
0,1650657495.402503,-1.4144750278719584
1,1650677299.1583502,0.0
