,time,value
0,1650657494.963167,-0.756429688110984
