,time,value
0,1650657495.4193394,-3.078889527165302
1,1650677299.1650984,0.0
