,time,value
0,1650657495.3605628,0.0
1,1650677299.1445332,0.0
