,time,value
0,1650657495.3695145,2.35512969100364
1,1650677299.146613,0.0
