,time,value
0,1650657495.4401555,-2.7977636155201253
