,time,value
0,1650657494.992026,0.21152829269794893
1,1650677298.2837327,0.0
