,time,value
0,1650657495.6208432,-1.4725994035943586
1,1650677299.260569,0.0
