,time,value
0,1650657495.5477097,0.2371072921596351
1,1650677299.2200205,0.0
