,time,value
0,1650657495.4309015,-0.1988862377284022
1,1650677299.174943,0.0
