,time,value
0,1650657495.373874,-2.0068874148564646
1,1650677299.1526334,0.0
2,1650896309.4296956,-18.818522961151757
3,1650902027.034989,-0.05883467340754578
4,1650907811.9916046,-5.5427441849005845
5,1650913510.001579,1.4255633272332489
