,time,value
0,1650657495.387082,0.8791209357395928
1,1650677299.1532876,0.0
