,time,value
0,1650657495.1530435,-1.161845140571586
