,time,value
0,1650657495.2372804,-1.8114981777212047
1,1650677299.125635,0.0
