,time,value
0,1650657495.4260828,1.0306091811944498
1,1650677299.173044,0.0
