,time,value
0,1650657495.2787716,-1.3001789577410818
1,1650677299.1311426,0.0
