,time,value
0,1650657495.2105799,0.6913770200508225
1,1650677299.095758,0.0
