,time,value
0,1650657495.1537666,1.213166192913377
1,1650677298.9242089,0.0
