,time,value
0,1650657495.5639155,-2.2893661004100068
1,1650677299.2394357,0.0
