,time,value
0,1650657495.0844588,-2.627136057824828
1,1650677298.5245626,0.0
