,time,value
0,1650657495.1834815,-0.030955439647186722
1,1650677299.0138788,0.0
