,time,value
0,1650657494.936706,7.724531489106994
1,1650677298.2542756,0.0
