,time,value
0,1650657495.1705432,1.2131959866073885
