,time,value
0,1650657495.546732,-0.8759008403294501
1,1650677299.2152312,0.0
