,time,value
0,1650657495.5648162,-1.1448198159332603
1,1650677299.2400882,0.0
