,time,value
0,1650657495.1982415,-1.5026298845350539
1,1650677299.0437307,0.0
