,time,value
0,1650657494.9762065,-1.592685781297405
1,1650677298.2822688,0.0
