,time,value
0,1650657495.5424073,-1.5522788348116592
1,1650677299.2116814,0.0
