,time,value
0,1650657495.0126657,-1.6140123658024095
1,1650677298.4297588,0.0
2,1650896309.3810945,-18.740882668505037
3,1650902026.960454,-2.518970397780322
4,1650907767.515545,-0.7390073005381055
5,1650913449.0177472,-1.166610515143475
6,1650919181.5689394,-0.7305491619199529
