,time,value
0,1650657495.4343164,1.4080543019126708
1,1650677299.1833577,0.0
