,time,value
0,1650657494.9209135,0.07721113388379308
1,1650677298.245937,0.0
