,time,value
0,1650657495.3700829,-0.9710309874494668
1,1650677299.1485484,0.0
