,time,value
0,1650657495.1563342,-0.0952426306739653
1,1650677298.9259243,0.0
