,time,value
0,1650657495.42082,-2.6990569691652126
1,1650677299.1669872,0.0
