,time,value
0,1650657495.4470017,-1.6250477548319395
1,1650677299.1958065,0.0
