,time,value
0,1650657494.9656346,-0.8857956922120138
1,1650677298.2730486,0.0
