,time,value
0,1650657495.2069275,0.5343650267686826
1,1650677299.0446599,0.0
