,time,value
0,1650657495.6242635,-0.9934739858936156
