,time,value
0,1650657495.0404406,-1.9159133055973143
