,time,value
0,1650657495.6503835,-0.9975648510862811
1,1650677299.5322182,0.0
