,time,value
0,1650657495.0015326,0.0
1,1650677298.285745,0.0
