,time,value
0,1650657495.1987977,-2.249026626930572
1,1650677299.0441177,0.0
