,time,value
0,1650657495.279122,-1.8510525430979212
1,1650677299.1314428,0.0
