,time,value
0,1650657495.0101295,-0.26599281976268685
1,1650677298.3580341,0.0
