,time,value
0,1650657494.920397,1.1642328768148218
1,1650677298.245446,0.0
