,time,value
0,1650657495.3736718,-2.123387471651768
