,time,value
0,1650657494.9551241,-0.08601780573917495
1,1650677298.2675066,0.0
