,time,value
0,1650657495.4184592,1.7188463409256656
1,1650677299.1644614,0.0
