,time,value
0,1650657495.0966744,-0.8018738955488516
1,1650677298.5806303,0.0
