,time,value
0,1650657495.0562358,-1.3102345738152508
1,1650677298.5063226,0.0
2,1650896309.3843973,-21.92545040350524
3,1650902026.9993582,-1.494545189267228
4,1650907767.5194752,1.700995122261702
5,1650913449.0204043,-1.5433803085679756
6,1650919181.5730536,-0.2195630703736242
