,time,value
0,1650657494.968467,-0.37695546089344134
1,1650677298.2761247,0.0
