,time,value
0,1650657495.206523,-2.346500881124029
1,1650677299.0444064,0.0
2,1650896309.4107423,-16.788913162502013
3,1650902027.0165706,-7.164538775486562
4,1650907785.9040346,1.642485997503627
5,1650913469.983018,5.131679053527478
6,1650919215.3226929,-2.6831247650384284
