,time,value
0,1650657495.0324585,1.0832636836548772
1,1650677298.4319012,0.0
