,time,value
0,1650657495.5416484,0.1756080432996896
1,1650677299.2108223,0.0
