,time,value
0,1650657494.962448,-0.4380201559306442
