,time,value
0,1650657495.1530437,-1.161845140571586
