,time,value
0,1650657495.3351572,-2.6867605672341597
1,1650677299.141816,0.0
