,time,value
0,1650657494.9710116,0.9019573083742216
1,1650677298.27857,0.0
