,time,value
0,1650657495.6516328,-1.3102259035949828
1,1650677299.5331614,0.0
