,time,value
0,1650657494.9453564,-2.9609008830129824
1,1650677298.2561393,0.0
