,time,value
0,1650657495.447357,-0.2375296923282803
1,1650677299.1959765,0.0
