,time,value
0,1650657495.0968761,-1.5424167582332302
1,1650677298.5807528,0.0
2,1650896309.390261,-18.920389970277938
3,1650902027.0039432,3.8361927450787334
