,time,value
0,1650657495.618866,-1.5387577569758832
1,1650677299.2588012,0.0
