,time,value
0,1650657495.1209328,-1.9672854171722065
1,1650677298.874662,0.0
