,time,value
0,1650657495.0025687,-0.3095176707711289
1,1650677298.3569653,0.0
2,1650896309.3796167,-18.3721242677193
3,1650902026.9576008,-0.8465608971196161
4,1650907767.5137067,7.349114441472921
