,time,value
0,1650657494.9765477,0.480243332513055
