,time,value
0,1650657495.4266295,-0.263875452317734
1,1650677299.173435,0.0
