,time,value
0,1650657494.9483948,-1.4635428627534566
1,1650677298.2639854,0.0
