,time,value
0,1650657495.4379282,-0.4791566934031834
1,1650677299.1853583,0.0
2,1650896309.4511194,-22.32699182624492
3,1650902027.0558617,-6.9798941094168185
4,1650907822.7089388,0.9258647576284602
5,1650913518.8204331,1.0378828124198662
6,1650919250.0797863,-0.2584313233146531
