,time,value
0,1650657495.437689,-1.3835610030464522
1,1650677299.185181,0.0
2,1650896309.450994,-4.862453598324919
3,1650902027.0557084,-16.298381733119186
4,1650907822.7082615,-7.361045700069553
5,1650913518.8202653,0.1297100981128096
6,1650919250.079654,3.0627895305460697
