,time,value
0,1650657495.1535935,-0.8744262135505778
1,1650677298.9240804,0.0
