,time,value
0,1650657495.0105643,0.4635531430785704
