,time,value
0,1650657495.1890779,-0.4767580543220902
