,time,value
0,1650657495.3339238,-3.2542062177844855
1,1650677299.1359997,0.0
