,time,value
0,1650657495.4495451,-0.8412552023014541
1,1650677299.1973116,0.0
2,1650896309.4546742,-7.475400084782905
3,1650902027.059204,-3.435839147050501
4,1650907836.9520469,3.071674770098525
5,1650913529.5070632,-2.882090661602888
6,1650919294.7815216,0.0
