,time,value
0,1650657495.4389524,0.5844141414727346
1,1650677299.185922,0.0
