,time,value
0,1650657495.5478978,-0.2683483177233938
