,time,value
0,1650657495.0589435,-2.2504697974891315
1,1650677298.508433,0.0
