,time,value
0,1650657495.0557654,-0.6664445431597414
1,1650677298.5060704,0.0
