,time,value
0,1650657494.9729214,-1.2987014812370035
1,1650677298.2799025,0.0
