,time,value
0,1650657495.6238804,1.3570364411211813
1,1650677299.4757855,0.0
