,time,value
0,1650657495.0996482,2.6376540185119666
1,1650677298.5808704,0.0
2,1650896309.3903265,6.6168603140095
3,1650902027.0040123,-7.489465247697808
4,1650907776.6898978,-7.24932695491043
5,1650913459.1904914,-18.26608613148801
6,1650919198.7617328,2.7176101770692185
