,time,value
0,1650657495.3902352,-0.9570905181067246
1,1650677299.1559682,0.0
