,time,value
0,1650657495.056972,1.6321204863470484
