,time,value
0,1650657494.935089,0.5329070203388255
1,1650677298.2497268,0.0
