,time,value
0,1650657495.1906416,0.05501003934568871
1,1650677299.0364764,0.0
