,time,value
0,1650657495.6608822,-2.4889255717780543
1,1650677299.5339391,0.0
