,time,value
0,1650657495.4088893,-1.653777311596059
1,1650677299.1623583,0.0
