,time,value
0,1650657495.2149556,-0.8282553866383751
1,1650677299.1071122,0.0
