,time,value
0,1650657495.20986,0.11605640354264324
1,1650677299.094765,0.0
