,time,value
0,1650657495.1204212,-1.4792902105896246
1,1650677298.87423,0.0
