,time,value
0,1650657495.0119226,-0.7444037138561725
1,1650677298.3592477,0.0
