,time,value
0,1650657495.032043,1.9258551932143744
1,1650677298.431645,0.0
