,time,value
0,1650657495.3907993,0.3408897254762451
