,time,value
0,1650657495.541478,-2.0321079945579186
1,1650677299.210665,0.0
2,1650896309.4579997,-9.11064737309971
3,1650902027.0667186,-0.5770102785481868
4,1650907836.9588842,3.916454092234744
5,1650913529.5090654,3.008010072629986
6,1650919294.7897792,1.1260356695302107
