,time,value
0,1650657495.367905,0.1601580229244064
1,1650677299.1454935,0.0
