,time,value
0,1650657495.0009637,-0.7952813726869863
1,1650677298.2853496,0.0
