,time,value
0,1650657495.1707747,0.22909507545773522
1,1650677298.9298577,0.0
