,time,value
0,1650657495.101015,-0.3301964698980555
1,1650677298.7268815,0.0
