,time,value
0,1650657495.420647,-2.1273774809615134
1,1650677299.166857,0.0
