,time,value
0,1650657495.0402436,-0.3201536764981938
1,1650677298.5039022,0.0
