,time,value
0,1650657495.154123,0.3601224455214833
1,1650677298.924456,0.0
