,time,value
0,1650657494.9472106,-2.2332119665716164
