,time,value
0,1650657494.945861,-0.27847396448305517
1,1650677298.256519,0.0
