,time,value
0,1650657495.100315,-1.4032276533253023
1,1650677298.6585162,0.0
2,1650896309.3905425,-15.98577141441092
3,1650902027.0043983,-0.1012709505139355
4,1650907776.6900942,2.916480168532871
5,1650913459.190882,-1.907343849832614
6,1650919198.7621212,0.9926544392628784
