,time,value
0,1650657494.939876,-0.9246935860292068
1,1650677298.255164,0.0
