,time,value
0,1650657495.101761,-1.923624592412125
1,1650677298.7277076,0.0
