,time,value
0,1650657495.1972256,0.0
1,1650677299.0371351,0.0
