,time,value
0,1650657495.6299527,0.3786046361201443
