,time,value
0,1650657495.4272206,-2.9224405626318912
1,1650677299.173845,0.0
