,time,value
0,1650657495.1027205,-1.3065492631139932
1,1650677298.7283537,0.0
