,time,value
0,1650657494.9586816,-0.5919411614222554
1,1650677298.2690701,0.0
