,time,value
0,1650657495.619408,-2.046298194541123
1,1650677299.2592428,0.0
2,1650896309.469375,8.427467935600362
3,1650902027.0796216,18.779894651595896
4,1650907855.8383393,1.7425944165725014
5,1650913539.7948532,-4.148079607572072
6,1650919309.6092026,-1.9930250742654607
