,time,value
0,1650657495.1639438,1.320132204923084
1,1650677298.9287903,0.0
