,time,value
0,1650657495.1539366,0.2226675582569441
1,1650677298.924328,0.0
