,time,value
0,1650657494.9738963,-1.5974830941722757
1,1650677298.2805345,0.0
