,time,value
0,1650657494.9493103,-0.7949441970367843
1,1650677298.2646086,0.0
