,time,value
0,1650657495.5411353,-0.1982406151955729
1,1650677299.2084188,0.0
