,time,value
0,1650657494.9580233,-0.16623722089616422
1,1650677298.2686913,0.0
