,time,value
0,1650657495.2353332,1.7694552484199448
