,time,value
0,1650657495.4063778,-0.9675413687600668
1,1650677299.160734,0.0
