,time,value
0,1650657495.0020626,0.0404702644791541
1,1650677298.2861297,0.0
