,time,value
0,1650657495.3670506,-0.5158627919404353
1,1650677299.145066,0.0
