,time,value
0,1650657495.05837,-0.4383081376327027
1,1650677298.5080125,0.0
