,time,value
0,1650657495.4399276,-1.6890944841284181
1,1650677299.186463,0.0
