,time,value
0,1650657495.1526914,-0.8347211055579464
1,1650677298.9234264,0.0
