,time,value
0,1650657495.3885734,0.1550027128578222
