,time,value
0,1650657494.9740644,1.7476411298866878
1,1650677298.280661,-0.1752541189198382
