,time,value
0,1650657495.1162696,-1.890121530455872
1,1650677298.8104722,0.0
