,time,value
0,1650657495.1167998,-1.7772140507649965
1,1650677298.8108852,0.0
