,time,value
0,1650657494.969919,-0.5765350404726632
1,1650677298.277806,0.0
