,time,value
0,1650657495.0335803,0.5173305857742889
1,1650677298.457374,0.0
2,1650896309.3827553,-29.96379542098566
3,1650902026.9978378,-7.800087025633729
4,1650907767.5178084,2.7835314486228526
5,1650913449.0191388,-2.086489062518922
6,1650919181.570809,1.4060462294328318
