,time,value
0,1650657495.0909398,-1.7296055046890615
1,1650677298.5793009,0.0
