,time,value
0,1650657495.3702557,0.0387739671632516
1,1650677299.1486793,0.0
