,time,value
0,1650657495.214563,0.3437503193326847
1,1650677299.106814,0.0
