,time,value
0,1650657495.4202962,-0.6041514014514178
1,1650677299.1665676,0.0
