,time,value
0,1650657495.0096202,1.72231097158965
1,1650677298.357619,0.0
2,1650896309.37999,-5.962256814418652
3,1650902026.9582322,2.3524809908194584
4,1650907767.514034,3.3413925429294977
5,1650913449.0165555,3.204925504654057
6,1650919181.5675693,2.412086988966621
