,time,value
0,1650657495.0105643,0.46355314307857043
