,time,value
0,1650657494.9726963,-0.8287293291987226
1,1650677298.279775,0.0
