,time,value
0,1650657495.619769,-0.1096791884842787
1,1650677299.2595067,0.0
