,time,value
0,1650657494.9689796,0.169076000064706
