,time,value
0,1650657494.9636743,-0.0794123486621174
1,1650677298.2718468,0.0
