,time,value
0,1650657494.993227,1.3166558847469787
1,1650677298.2845275,0.0
