,time,value
0,1650657495.2785678,0.7342144235844899
1,1650677299.1310081,0.0
