,time,value
0,1650657495.4483268,-1.0179598057829935
1,1650677299.1964903,0.0
2,1650896309.4538813,-1.7561836798158763
3,1650902027.0585055,-2.346386176962369
4,1650907836.951152,0.875912464760404
5,1650913529.5066578,0.2917578430624417
6,1650919294.7805564,1.889123572794233
