,time,value
0,1650657494.9180367,-0.9898540773583592
1,1650677298.244714,0.0
