,time,value
0,1650657494.9470422,1.011330735136653
1,1650677298.2574203,0.0
