,time,value
0,1650657495.618467,-0.4860267410376764
1,1650677299.2585115,0.0
