,time,value
0,1650657495.1563342,-0.09524263067396532
1,1650677298.9259245,0.0
