,time,value
0,1650657495.6230116,1.6406894574597573
1,1650677299.475115,0.0
