,time,value
0,1650657495.4465902,-3.445852617335732
1,1650677299.187517,0.0
