,time,value
0,1650657494.975485,0.0556529482300902
1,1650677298.2817276,0.0
