,time,value
0,1650657495.0328083,-0.3865730349025398
1,1650677298.432211,0.0
