,time,value
0,1650657495.209689,2.370605614336455
1,1650677299.0457573,0.0
