,time,value
0,1650657495.6246371,1.4016930431262151
1,1650677299.4762912,0.0
