,time,value
0,1650657495.3904548,-0.7720517658153767
1,1650677299.1560986,0.0
