,time,value
0,1650657495.4250522,0.21266188966455957
