,time,value
0,1650657495.1976817,-1.7878021677224751
1,1650677299.0434186,0.0
