,time,value
0,1650657495.278383,0.2153547978605274
1,1650677299.1308684,0.0
