,time,value
0,1650657495.4110386,-1.473627726464656
1,1650677299.1631267,0.0
