,time,value
0,1650657495.440936,-2.4596354686127597
