,time,value
0,1650657495.3704555,-0.1957138669527012
1,1650677299.1488435,0.0
