,time,value
0,1650657495.1989694,-1.948263415261863
1,1650677299.0442786,0.0
