,time,value
0,1650657495.5629458,0.4568055317768085
1,1650677299.2351363,0.0
