,time,value
0,1650657495.0855398,-2.090176932963004
