,time,value
0,1650657495.0390697,-3.121706816895312
1,1650677298.4644017,0.0
