,time,value
0,1650657495.6192253,-1.176635518857438
1,1650677299.2590754,0.0
