,time,value
0,1650657495.2102385,-0.5077665306316703
1,1650677299.0954342,0.0
