,time,value
0,1650657495.4355586,-0.1701982814079201
