,time,value
0,1650657495.4259124,-1.8390105179050809
1,1650677299.172919,0.0
