,time,value
0,1650657495.3909714,-3.595597637027822
1,1650677299.1565099,0.0
