,time,value
0,1650657494.9558115,-0.885347556724355
1,1650677298.268015,0.0
