,time,value
0,1650657495.057315,1.7089725194773564
1,1650677298.5071738,0.0
2,1650896309.38502,8.084118399958243
3,1650902026.9997754,1.398461920052796
