,time,value
0,1650657495.4026785,-1.0261673553113724
1,1650677299.1584802,0.0
