,time,value
0,1650657495.387675,-2.4436612757563125
1,1650677299.153931,0.0
