,time,value
0,1650657495.117525,-0.4323202695841246
1,1650677298.8113682,0.0
