,time,value
0,1650657495.4051976,-3.6125146236163346
1,1650677299.1604764,0.0
