,time,value
0,1650657495.6642735,-1.1125893033040484
1,1650677299.534189,0.0
