,time,value
0,1650657495.6204877,-0.4042445734685316
