,time,value
0,1650657494.945861,-0.2784739644830551
1,1650677298.256519,0.0
