,time,value
0,1650657495.1984167,-1.5710922320413374
1,1650677299.043861,0.0
