,time,value
0,1650657495.1851032,-1.1503269242334682
1,1650677299.0186715,0.0
