,time,value
0,1650657495.1008437,-1.1976471190955635
