,time,value
0,1650657494.9689796,0.16907600006470602
