,time,value
0,1650657495.542783,-7.6284254960492035
1,1650677299.211954,0.0
