,time,value
0,1650657495.5548043,-0.05565294822827127
1,1650677299.2261252,0.0
