,time,value
0,1650657495.1053216,-0.8314691746618337
1,1650677298.80994,0.0
