,time,value
0,1650657495.008909,-2.2497197340153434
1,1650677298.3570917,0.0
2,1650896309.379714,-4.319920319807352
3,1650902026.95772,-5.375220551992243
4,1650907767.5137732,4.548727019537182
5,1650913449.016286,-0.5942123889853974
6,1650919181.567084,0.7662609788148984
