,time,value
0,1650657495.449179,-0.7127584050858786
1,1650677299.1970358,0.0
