,time,value
0,1650657494.937058,0.43168573949060374
1,1650677298.2545302,0.0
