,time,value
0,1650657495.4191709,-1.8567952416060507
1,1650677299.1649718,0.0
