,time,value
0,1650657495.0578582,-0.23893435392346873
