,time,value
0,1650657495.1781075,0.0
1,1650677298.9299843,0.0
