,time,value
0,1650657495.179466,-1.8538106328614958
1,1650677298.9303658,0.0
