,time,value
0,1650657495.1019597,-2.83206079971842
1,1650677298.727839,0.0
