,time,value
0,1650657495.334642,-0.8700017279561507
1,1650677299.1413956,0.0
