,time,value
0,1650657495.4477973,0.6546645078333313
1,1650677299.1962154,0.0
