,time,value
0,1650657494.9998796,0.1882530126040364
1,1650677298.2849145,0.0
