,time,value
0,1650657495.449995,0.6280749709239899
1,1650677299.1976683,0.0
