,time,value
0,1650657495.5599158,-2.888118020307047
1,1650677299.233108,0.0
