,time,value
0,1650657495.033934,-0.07497656985651702
