,time,value
0,1650657495.5654,-2.503675177098557
1,1650677299.2404833,0.0
