,time,value
0,1650657495.2351234,-1.228878802881809
1,1650677299.10764,0.0
