,time,value
0,1650657495.1964955,-0.7089405574597549
1,1650677299.0367296,0.0
