,time,value
0,1650657495.1045842,-1.800871399688731
