,time,value
0,1650657495.038834,-0.07417022069057566
1,1650677298.464276,0.0
