,time,value
0,1650657494.9547143,-1.9467309926458256
1,1650677298.2671835,0.0
