,time,value
0,1650657495.4325368,-0.0777635211716187
1,1650677299.177528,0.0
