,time,value
0,1650657495.0398266,-2.2958775413362673
1,1650677298.464787,0.0
