,time,value
0,1650657495.5607195,0.0
1,1650677299.233709,0.0
