,time,value
0,1650657494.9580233,-0.1662372208961642
1,1650677298.2686913,0.0
