,time,value
0,1650657495.6186547,0.3254678629218688
1,1650677299.258668,0.0
