,time,value
0,1650657495.5569234,-4.937914029631429
1,1650677299.2266338,0.0
