,time,value
0,1650657495.032277,0.25936973300667887
1,1650677298.431773,0.0
