,time,value
0,1650657495.1836624,0.10360010369322481
