,time,value
0,1650657495.5409338,1.8553826696143003
1,1650677299.2082372,0.0
