,time,value
0,1650657494.9930463,-0.3550505984399024
1,1650677298.2844,0.0
2,1650896309.3770206,-5.700051058337067
3,1650902026.955556,-1.433178317688089
4,1650907755.49026,5.824745088871168
5,1650913437.8316052,5.091750092929487
6,1650919165.601549,0.3465603916160944
