,time,value
0,1650657495.1885464,-0.4295928139954412
1,1650677299.0202973,0.0
