,time,value
0,1650657495.181055,2.707027615930201
