,time,value
0,1650657494.9897811,-0.2705461359155379
1,1650677298.2833283,0.0
