,time,value
0,1650657495.6519897,1.98659116737781
1,1650677299.533447,0.0
