,time,value
0,1650657495.001324,-1.726690118201077
1,1650677298.2856069,0.0
