,time,value
0,1650657495.1047735,-0.970308634250614
1,1650677298.8095503,0.0
