,time,value
0,1650657494.9455245,0.6005645487102811
1,1650677298.256267,0.0
