,time,value
0,1650657495.560455,-1.211387186297543
1,1650677299.233595,0.0
