,time,value
0,1650657495.5402417,-1.42998219866422
1,1650677299.2071404,0.0
