,time,value
0,1650657495.119171,-2.803563116870464
