,time,value
0,1650657495.2775583,0.733810342963352
1,1650677299.1304584,0.0
