,time,value
0,1650657494.9703162,1.4333495048363147
