,time,value
0,1650657495.0848176,-1.7613846961803574
1,1650677298.5254056,0.0
