,time,value
0,1650657495.4317317,-1.3586958611927002
1,1650677299.1754007,0.0
