,time,value
0,1650657495.1021512,2.602804718427251
1,1650677298.727967,0.0
