,time,value
0,1650657495.186352,-0.3404950831363749
1,1650677299.0196025,0.0
