,time,value
0,1650657495.620649,-2.4044252988014705
