,time,value
0,1650657495.2362628,-4.270959172876246
