,time,value
0,1650657495.4314728,0.4784002387568762
1,1650677299.1751854,0.0
