,time,value
0,1650657494.950475,-1.0063255593349822
1,1650677298.2652006,0.0
