,time,value
0,1650657495.0585356,-0.12215232410017052
1,1650677298.50818,0.0
