,time,value
0,1650657495.1164503,0.914375349450438
1,1650677298.8106265,0.0
