,time,value
0,1650657495.4219072,-1.7273292388581467
1,1650677299.167788,0.0
