,time,value
0,1650657495.4223669,-5.359444262757279
1,1650677299.1683917,0.0
2,1650896309.4435656,7.666544498224994
3,1650902027.048757,3.350086885282053
4,1650907822.6950948,1.6441577397295075
5,1650913518.803717,6.560473389445633
6,1650919250.067914,2.781642961876514
