,time,value
0,1650657495.0349507,-0.455269755188965
1,1650677298.4640193,0.0
