,time,value
0,1650657495.4023194,-0.27820281164304106
1,1650677299.1582198,0.0
