,time,value
0,1650657495.2367783,-0.13062504100616934
1,1650677299.1250184,0.0
