,time,value
0,1650657495.0911107,-1.4117393885098863
1,1650677298.579427,0.0
