,time,value
0,1650657495.402851,-0.150954789327443
1,1650677299.158607,0.0
