,time,value
0,1650657495.4213808,-0.3837633274033578
1,1650677299.1673708,0.0
