,time,value
0,1650657494.974435,0.9781318463064964
1,1650677298.2809477,0.0
