,time,value
0,1650657495.616731,-1.5677598083639168
1,1650677299.2573612,0.0
