,time,value
0,1650657495.5413072,-0.4025494854763565
1,1650677299.2102306,0.0
