,time,value
0,1650657495.448768,-1.226091374785483
1,1650677299.196745,0.0
