,time,value
0,1650657495.099877,-0.6162062431808408
