,time,value
0,1650657495.4391336,8.598215324819648
1,1650677299.18605,0.0
