,time,value
0,1650657495.566243,-0.09699791462116991
1,1650677299.2410297,0.0
