,time,value
0,1650657494.9691474,-2.210922855069839
1,1650677298.277675,0.0
