,time,value
0,1650657495.540041,-2.042901629800326
1,1650677299.2070138,0.0
2,1650896309.4569557,-7.532992307545555
3,1650902027.0656543,3.8893944585906866
4,1650907836.9574933,-1.6864990411709186
5,1650913529.5084531,-4.183134150106525
6,1650919294.7886522,0.36744442816507217
