,time,value
0,1650657495.5611176,-0.3109855675929793
1,1650677299.2339432,0.0
