,time,value
0,1650657495.4213808,-0.38376332740335783
1,1650677299.1673708,0.0
