,time,value
0,1650657495.3740447,1.0432969125777163
1,1650677299.152762,0.0
