,time,value
0,1650657495.622487,-1.2257792303744282
1,1650677299.4747312,0.0
