,time,value
0,1650657494.976749,0.3093580844470125
1,1650677298.28265,0.0
