,time,value
0,1650657495.5593295,-2.489567076286221
1,1650677299.2327006,0.0
