,time,value
0,1650657495.40747,-1.5475567172888989
1,1650677299.1614256,0.0
