,time,value
0,1650657495.1532152,-0.3715676481651826
1,1650677298.923791,0.0
