,time,value
0,1650657494.9740644,1.7476411298866878
1,1650677298.2806613,-0.17525411891983822
