,time,value
0,1650657495.4119086,-0.559065257475595
1,1650677299.1636674,0.0
