,time,value
0,1650657495.4264586,2.723661393041766
1,1650677299.1733074,0.0
