,time,value
0,1650657495.1849375,-4.306226750089536
1,1650677299.0185146,0.0
