,time,value
0,1650657494.9752822,-1.3264360613070494
1,1650677298.2816,0.0
