,time,value
0,1650657494.959428,0.11485671637274208
1,1650677298.2694836,0.0
