,time,value
0,1650657495.0352306,-1.261829820422463
1,1650677298.4641483,0.0
