,time,value
0,1650657495.372985,-0.1995410562340112
1,1650677299.151946,0.0
