,time,value
0,1650657495.560108,-0.1020356105168502
1,1650677299.233238,0.0
