,time,value
0,1650657495.2384872,0.22735023401310173
1,1650677299.1276383,0.0
