,time,value
0,1650657495.4080472,-2.009219444395967
1,1650677299.161814,0.0
