,time,value
0,1650657495.3702557,0.038773967163251655
1,1650677299.1486793,0.0
