,time,value
0,1650657495.4242876,-0.1056914866485385
