,time,value
0,1650657495.3878503,-4.872205398631195
1,1650677299.15407,0.0
