,time,value
0,1650657495.0958817,0.5131275234452914
1,1650677298.5800986,0.0
