,time,value
0,1650657495.4529483,-2.133618625118288
1,1650677299.20587,0.0
