,time,value
0,1650657495.019308,-0.5173751947777419
1,1650677298.4315162,0.0
