,time,value
0,1650657495.623184,-0.8207774395232263
1,1650677299.475241,0.0
