,time,value
0,1650657495.3544316,-1.567198498444668
