,time,value
0,1650657495.009122,-2.2288421278872192
1,1650677298.357216,0.0
