,time,value
0,1650657495.2763753,-0.7561437033236871
1,1650677299.129526,0.0
