,time,value
0,1650657495.389195,-0.9377142101629944
1,1650677299.1551528,0.0
