,time,value
0,1650657495.1049454,3.63746990942218
1,1650677298.809686,0.0
