,time,value
0,1650657495.1889112,0.1738374624105745
1,1650677299.035591,0.0
