,time,value
0,1650657495.4351306,-0.9257831242921384
1,1650677299.1838737,0.0
