,time,value
0,1650657495.1885464,-0.42959281399544125
1,1650677299.0202973,0.0
