,time,value
0,1650657494.9928238,-1.0572688209531407
1,1650677298.2842693,0.0
