,time,value
0,1650657495.6182632,-1.5391195855777369
1,1650677299.2583776,0.0
