,time,value
0,1650657494.964799,-2.471719102292809
1,1650677298.2723837,0.0
