,time,value
0,1650657495.1034784,-1.6927217025968275
1,1650677298.7289104,0.0
