,time,value
0,1650657495.0859041,-0.4544249708987991
1,1650677298.5773058,0.0
