,time,value
0,1650657495.1970222,-0.5719188031216618
1,1650677299.0369835,0.0
