,time,value
0,1650657495.5420067,-2.7450997630389793
1,1650677299.2110925,0.0
