,time,value
0,1650657495.5649865,-1.1270038479915456
1,1650677299.2402189,0.0
