,time,value
0,1650657495.561538,0.64620357660624
1,1650677299.2342038,0.0
