,time,value
0,1650657495.4416268,-0.09060022656194633
1,1650677299.1873596,0.0
