,time,value
0,1650657495.439683,-0.2102017944953331
1,1650677299.186305,0.0
2,1650896309.4520133,-0.5935029063839465
3,1650902027.0566316,-5.060474616879219
4,1650907822.710003,3.7148305952287046
5,1650913518.8233576,-3.9946559537265776
6,1650919250.0807977,-0.3092624116188744
