,time,value
0,1650657494.9706686,0.9252528582887862
