,time,value
0,1650657495.1631286,1.5777495553193148
1,1650677298.9284122,0.0
