,time,value
0,1650657495.3731575,1.3175232472403875
