,time,value
0,1650657495.6606543,-0.986112332353514
1,1650677299.5338151,0.0
