,time,value
0,1650657495.621967,-1.2052397665620447
1,1650677299.266999,0.0
