,time,value
0,1650657494.9352634,0.7089684805998786
1,1650677298.2498672,0.0
