,time,value
0,1650657495.4092736,0.1218546275804328
1,1650677299.1626158,0.0
2,1650896309.439232,-16.931488691518098
3,1650902027.0440626,2.398839607497393
4,1650907812.0029132,0.6221614087335183
5,1650913510.006366,2.852715112905571
6,1650919234.7094684,1.2915528103067118
