,time,value
0,1650657495.180036,-0.29269720683123523
