,time,value
0,1650657495.3358388,-0.8968610466627069
1,1650677299.1423268,0.0
