,time,value
0,1650657495.1191707,-2.803563116870464
