,time,value
0,1650657495.4105833,-1.0346612407756766
1,1650677299.1628718,0.0
