,time,value
0,1650657495.237656,-0.2928257707590092
1,1650677299.1259062,0.0
2,1650896309.4160082,-21.96911867878044
3,1650902027.0222118,1.488760138008729
4,1650907797.2066536,7.993295960019168
5,1650913492.7517865,-5.677284336924458
6,1650919225.8475196,-0.7229090172413635
