,time,value
0,1650657495.5627697,-5.371409289885378
1,1650677299.2350018,0.0
