,time,value
0,1650657495.6165125,1.8969218655447548
