,time,value
0,1650657495.632105,-1.9110024925721518
1,1650677299.477075,0.0
