,time,value
0,1650657494.9511397,-1.5009383680817336
1,1650677298.2656488,0.0
