,time,value
0,1650657494.9506743,2.036849144158168
1,1650677298.2653842,0.0
2,1650896309.3666253,0.3765769202850606
3,1650902026.9383698,-9.491339285454616
4,1650907740.0773816,5.6507967279558216
5,1650913428.1306367,2.987306179735697
6,1650919150.6614988,-0.5514199202311829
