,time,value
0,1650657494.965794,0.30395137012055784
1,1650677298.2731764,0.0
