,time,value
0,1650657494.965959,0.8030896824038791
1,1650677298.2733243,0.0
