,time,value
0,1650657495.086586,0.46932933700463764
1,1650677298.577878,0.0
