,time,value
0,1650657495.154472,-0.6619448179744722
1,1650677298.924719,0.0
