,time,value
0,1650657494.9583132,-1.0339690122273169
