,time,value
0,1650657495.3697157,0.0
1,1650677299.1482637,0.0
