,time,value
0,1650657495.3895442,-0.07533240426892
1,1650677299.1554446,0.0
