,time,value
0,1650657495.0343163,0.2288067736785706
1,1650677298.463588,0.0
