,time,value
0,1650657495.2107496,-2.724267106163097
