,time,value
0,1650657495.6436896,-1.0429860142385223
1,1650677299.4772012,0.0
