,time,value
0,1650657494.9368784,-1.3344208370544948
1,1650677298.2544036,0.0
