,time,value
0,1650657495.0964851,-0.9804608951271803
1,1650677298.5804877,0.0
