,time,value
0,1650657495.2766824,-0.8939143848956519
