,time,value
0,1650657495.2095168,-0.5351424728723941
1,1650677299.04562,0.0
