,time,value
0,1650657494.9667208,-1.4358475657481904
1,1650677298.2738442,0.0
