,time,value
0,1650657495.3329906,-1.2125384500241123
1,1650677299.131702,0.0
