,time,value
0,1650657495.1832995,0.8056070684633596
1,1650677299.013548,0.0
