,time,value
0,1650657495.0585356,-0.1221523241001705
1,1650677298.50818,0.0
