,time,value
0,1650657495.3530512,-0.531585021821229
1,1650677299.1429944,0.0
