,time,value
0,1650657495.0964851,-0.9804608951271804
1,1650677298.5804875,0.0
