,time,value
0,1650657495.18384,-0.1306250410061693
1,1650677299.0177548,0.0
