,time,value
0,1650657495.3664856,-1.9795453511387677
1,1650677299.1447833,0.0
2,1650896309.425241,-11.934435985112941
3,1650902027.0304067,-3.12245705769692
4,1650907797.2153504,2.000400747083404
5,1650913492.7987802,-1.7986215420742155
6,1650919225.852013,-1.8617026653719222
