,time,value
0,1650657494.9513252,3.2771564910376583
1,1650677298.2657814,0.0
