,time,value
0,1650657494.960806,-1.2495032011311196
1,1650677298.2702858,0.0
