,time,value
0,1650657495.6512544,-1.4298264175849908
1,1650677299.5329134,0.0
