,time,value
0,1650657494.9654846,0.11287318709401006
1,1650677298.2728934,0.0
