,time,value
0,1650657495.1574187,-1.8679649535188219
1,1650677298.9281251,0.0
