,time,value
0,1650657495.1823092,0.12827913557430293
1,1650677298.9962144,0.0
