,time,value
0,1650657495.1166265,-0.9373536071425406
1,1650677298.8107612,0.0
