,time,value
0,1650657495.3574593,-2.6603451003502414
1,1650677299.1441538,0.0
