,time,value
0,1650657495.117183,-1.7944652479045544
1,1650677298.8111296,0.0
