,time,value
0,1650657495.2372804,-1.8114981777212051
1,1650677299.1256347,0.0
