,time,value
0,1650657494.9178212,-0.2224116849447455
1,1650677298.24458,0.0
