,time,value
0,1650657494.920742,0.8760038103209808
