,time,value
0,1650657495.4069667,-0.0966697279509389
1,1650677299.1611457,0.0
