,time,value
0,1650657495.1554542,0.7967674429819454
1,1650677298.9255896,0.0
