,time,value
0,1650657494.9732072,3.9017876611096654
1,1650677298.2800293,0.0
