,time,value
0,1650657495.238872,-2.3776083825650858
1,1650677299.1281872,0.0
