,time,value
0,1650657495.4169436,-0.9471736188388604
1,1650677299.1637952,0.0
2,1650896309.44038,-13.20386744697771
3,1650902027.0452256,-1.8984772686681024
4,1650907822.6912174,2.062318596896148
5,1650913518.8003345,4.896079571795781
6,1650919250.0645535,-2.365828047629293
