,time,value
0,1650657494.9476542,-0.6406606141672455
1,1650677298.2637253,0.0
