,time,value
0,1650657495.4413812,-1.1712677281593642
1,1650677299.1872327,0.0
