,time,value
0,1650657495.0345316,1.3823439210345896
1,1650677298.463715,0.0
