,time,value
0,1650657495.404116,0.0695192742459767
1,1650677299.1595433,0.0
