,time,value
0,1650657495.1023283,-3.297925931864484
1,1650677298.7280982,0.0
