,time,value
0,1650657495.0190492,0.33096144601313426
1,1650677298.4313636,0.0
