,time,value
0,1650657495.1865232,1.1697919792595712
1,1650677299.0197608,0.0
