,time,value
0,1650657495.4371724,-1.5122736777320824
1,1650677299.184925,0.0
