,time,value
0,1650657495.5566187,0.10351431094568397
1,1650677299.2265065,0.0
