,time,value
0,1650657494.9502966,-1.1099464665458072
1,1650677298.2650766,0.0
