,time,value
0,1650657495.3880427,-0.46778155454740045
