,time,value
0,1650657495.4511814,-4.337024833844225
1,1650677299.201242,0.0
