,time,value
0,1650657495.0179403,-2.7679474860951814
1,1650677298.4309564,0.0
