,time,value
0,1650657495.5510058,-0.5481554706134375
1,1650677299.2248716,0.0
