,time,value
0,1650657495.0137582,-0.5835440741352613
1,1650677298.430445,0.0
