,time,value
0,1650657495.424492,-0.09652043827827583
1,1650677299.1708546,0.0
