,time,value
0,1650657495.4229639,-2.293983712879708
1,1650677299.1685612,0.0
2,1650896309.4436898,-15.270247638046385
