,time,value
0,1650657495.4485867,-1.439588937564622
