,time,value
0,1650657495.0728672,0.4083577270375826
1,1650677298.5242865,0.0
