,time,value
0,1650657495.1825664,-0.5836008336054874
1,1650677299.0062664,0.0
