,time,value
0,1650657495.621003,-0.3042935847961416
1,1650677299.2607124,0.0
