,time,value
0,1650657495.0567977,-0.6333523550747486
1,1650677298.5067017,0.0
