,time,value
0,1650657494.9209137,0.077211133883793
1,1650677298.245937,0.0
