,time,value
0,1650657495.372255,-0.943099724098829
