,time,value
0,1650657495.3909714,-3.595597637027822
1,1650677299.15651,0.0
