,time,value
0,1650657495.1898267,0.1548826766820639
1,1650677299.036095,0.0
