,time,value
0,1650657495.624091,-0.516929450643147
1,1650677299.4759116,0.0
