,time,value
0,1650657495.179466,-1.853810632861496
1,1650677298.9303658,0.0
