,time,value
0,1650657495.3719306,-2.8958819763824977
1,1650677299.1500247,0.0
