,time,value
0,1650657495.3874977,1.112415911019525
1,1650677299.1535504,0.0
