,time,value
0,1650657495.0002885,-1.5805282253400037
1,1650677298.2851958,0.0
