,time,value
0,1650657495.180699,-2.11664505099543
1,1650677298.971249,0.0
2,1650896309.4033573,9.38221985245491
3,1650902027.0116608,-1.0131142871387055
4,1650907785.9000845,-0.0559863393473278
5,1650913469.9789858,-7.994452081532472
6,1650919215.3183374,2.346500881123575
