,time,value
0,1650657495.3897164,0.4558508534964858
1,1650677299.1555722,0.0
