,time,value
0,1650657494.9553,-0.7254613042759956
1,1650677298.2676342,0.0
