,time,value
0,1650657495.366807,-1.1514106050417467
1,1650677299.1449397,0.0
