,time,value
0,1650657495.4332874,0.5773487025699069
1,1650677299.1783652,0.0
