,time,value
0,1650657495.3577266,-0.12905723706262506
1,1650677299.1442807,0.0
