,time,value
0,1650657495.2125404,-1.1544550206863278
1,1650677299.0962825,0.0
2,1650896309.413108,-14.719537385025433
3,1650902027.0188544,-3.816136461168753
4,1650907797.2036357,1.8775750318964128
5,1650913492.748172,1.998116726783337
6,1650919225.8455749,-1.2109287788643996
