,time,value
0,1650657495.4348989,-1.0537408772711387
1,1650677299.1837454,0.0
