,time,value
0,1650657495.0933213,-0.6047214976697433
