,time,value
0,1650657494.962968,0.939114171383153
1,1650677298.271338,0.0
