,time,value
0,1650657495.2393897,-0.8830889059399851
1,1650677299.1289718,0.0
