,time,value
0,1650657495.1184676,0.5974072702920239
