,time,value
0,1650657495.408226,-0.850701880312954
1,1650677299.161942,0.0
