,time,value
0,1650657494.964293,3.685742061428755
1,1650677298.2720044,0.0
