,time,value
0,1650657495.6211615,-0.2154011855391218
1,1650677299.260841,0.0
