,time,value
0,1650657495.1186554,-1.8755866704950677
1,1650677298.872898,0.0
