,time,value
0,1650657495.1643603,-0.6288649195821563
1,1650677298.9290438,0.0
