,time,value
0,1650657495.056452,-0.6999370342446127
1,1650677298.5064497,0.0
