,time,value
0,1650657494.9688108,0.6579868043827446
