,time,value
0,1650657495.2071106,-1.0450413742387354
1,1650677299.0447865,0.0
