,time,value
0,1650657495.4337752,-0.14205554395721265
1,1650677299.1830564,0.0
