,time,value
0,1650657495.1031086,-0.7595074417072283
1,1650677298.7286148,0.0
