,time,value
0,1650657495.032277,0.2593697330066788
1,1650677298.431773,0.0
