,time,value
0,1650657494.9704936,2.0576631258163616
1,1650677298.2781885,0.0
