,time,value
0,1650657494.9686382,-0.4713328707266555
