,time,value
0,1650657495.5426128,-2.477701961307502
1,1650677299.2118273,0.0
2,1650896309.4590027,-9.236506115455995
3,1650902027.0675156,-3.7192629429819135
4,1650907836.9597392,-1.1191015198182868
5,1650913529.5095875,-2.240850800744738
6,1650919294.790521,-1.6951609293637375
