,time,value
0,1650657495.5597427,-1.1375846515302328
1,1650677299.2329323,0.0
