,time,value
0,1650657495.0001087,0.33978933388425503
1,1650677298.285039,0.0
