,time,value
0,1650657495.437421,-0.9818361122570423
1,1650677299.1850536,0.0
