,time,value
0,1650657495.4030228,-0.5829204478668544
1,1650677299.1587663,0.0
