,time,value
0,1650657495.3335207,-0.09759430056965357
1,1650677299.1354468,0.0
