,time,value
0,1650657495.1506047,-1.0133424275340983
1,1650677298.9231353,0.0
