,time,value
0,1650657494.9670806,1.2941519533897008
1,1650677298.2742908,0.0
