,time,value
0,1650657495.009458,-1.485942478085235
1,1650677298.357491,0.0
