,time,value
0,1650657495.5620816,-1.3703325200199288
1,1650677299.2346168,0.0
