,time,value
0,1650657494.9751096,-2.0931895280282333
1,1650677298.2814715,0.0
