,time,value
0,1650657495.278186,-1.1526790861362315
1,1650677299.1307104,0.0
