,time,value
0,1650657495.5611176,-0.31098556759297935
1,1650677299.2339432,0.0
