,time,value
0,1650657495.3538644,-2.5894553075568183
1,1650677299.1434972,0.0
