,time,value
0,1650657495.621967,-1.205239766562045
1,1650677299.266999,0.0
