,time,value
0,1650657495.453373,-1.0693683304134538
1,1650677299.2067611,0.0
