,time,value
0,1650657495.3354974,-0.0921843072228512
1,1650677299.14207,0.0
