,time,value
0,1650657494.946197,-1.593766939095076
1,1650677298.256772,0.0
