,time,value
0,1650657494.9554715,-3.868151476337516
1,1650677298.2677608,0.0
