,time,value
0,1650657495.1565092,-1.164318755641034
1,1650677298.9261413,0.0
