,time,value
0,1650657494.9627943,-0.2636319712969452
