,time,value
0,1650657495.565155,2.7619271171815853
1,1650677299.2403533,0.0
