,time,value
0,1650657495.1854832,-0.5223841731913126
