,time,value
0,1650657495.2395618,-0.3200256047784933
1,1650677299.1291132,0.0
