,time,value
0,1650657495.1831136,-2.082666565036561
1,1650677299.0088208,0.0
