,time,value
0,1650657495.452138,1.3449901153328483
1,1650677299.2015204,0.0
