,time,value
0,1650657494.9359355,-0.7783615882367485
1,1650677298.25377,0.0
