,time,value
0,1650657494.9765475,0.48024333251305507
