,time,value
0,1650657495.4051976,-3.612514623616335
1,1650677299.1604764,0.0
