,time,value
0,1650657494.9626205,0.0
1,1650677298.271084,0.0
