,time,value
0,1650657494.9467006,0.1698609974919236
