,time,value
0,1650657495.6303527,-0.8571918920215467
1,1650677299.4768245,0.0
