,time,value
0,1650657495.009946,0.22289089582955057
1,1650677298.3579066,0.0
