,time,value
0,1650657495.4238014,-2.086675625178032
