,time,value
0,1650657495.372625,-2.334488775214595
1,1650677299.1516914,0.0
2,1650896309.428768,-7.0996003163281785
3,1650902027.0338647,-6.096021080450555
4,1650907811.9906833,3.947862144697865
5,1650913510.0010643,1.4389331045604195
6,1650919234.6991572,-0.4234107725069407
