,time,value
0,1650657494.9480882,-2.3037755917193863
1,1650677298.263859,0.0
