,time,value
0,1650657495.3900585,2.097902867342782
1,1650677299.1558433,0.0
