,time,value
0,1650657494.9646387,1.5963194149953779
1,1650677298.2722564,0.0
