,time,value
0,1650657495.2147396,-0.7911456685706071
1,1650677299.1069422,0.0
