,time,value
0,1650657495.367709,0.3818494286833811
1,1650677299.1453614,0.0
