,time,value
0,1650657494.9682903,-1.2986648164933285
1,1650677298.2759922,0.0
