,time,value
0,1650657495.0117164,0.0
1,1650677298.3591037,0.0
2,1650896309.3807616,-4.450145568122935
3,1650902026.9598646,-7.337986452912446
4,1650907767.515164,0.0
5,1650913449.017413,-0.1353088426385511
6,1650919181.5686145,2.4161085579025894
