,time,value
0,1650657494.952422,1.3083869457759647
