,time,value
0,1650657495.090573,-3.8295358360865066
1,1650677298.5790498,0.0
