,time,value
0,1650657495.0398266,-2.295877541336268
1,1650677298.464787,0.0
