,time,value
0,1650657495.5429523,0.8598168458538566
1,1650677299.212132,0.0
