,time,value
0,1650657494.959428,0.114856716372742
1,1650677298.2694836,0.0
