,time,value
0,1650657495.117869,1.7761066153634602
1,1650677298.8725507,0.0
