,time,value
0,1650657495.3636374,0.5799130292998598
1,1650677299.144658,0.0
2,1650896309.4250877,6.638995543309648
3,1650902027.0302806,11.723236524965614
4,1650907797.2152264,0.6694272821650884
5,1650913492.7986517,-8.660224064653448
6,1650919225.851934,0.2277126276494527
