,time,value
0,1650657494.9375687,0.3694126381128626
1,1650677298.2549098,0.0
