,time,value
0,1650657495.5531423,-0.06455986315449991
1,1650677299.22587,0.0
