,time,value
0,1650657494.9737275,-2.675772033838257
1,1650677298.2804086,0.0
