,time,value
0,1650657495.1019595,-2.8320607997184197
1,1650677298.727839,0.0
