,time,value
0,1650657495.1633105,0.0
1,1650677298.9285383,0.0
