,time,value
0,1650657495.4220767,-1.6614059312551035
