,time,value
0,1650657495.182933,-0.7824930626975402
1,1650677299.00814,0.0
