,time,value
0,1650657495.3714259,3.1512631119899197
