,time,value
0,1650657495.0392973,1.4384862881952358
1,1650677298.4645314,0.0
