,time,value
0,1650657495.440936,-2.45963546861276
