,time,value
0,1650657495.4505973,-0.6189076477921844
1,1650677299.1982262,0.0
