,time,value
0,1650657494.9361289,-1.998890171387302
1,1650677298.2538955,0.0
