,time,value
0,1650657494.96191,-1.4249366278727391
1,1650677298.270541,0.0
