,time,value
0,1650657495.3716106,-2.9194630311094443
1,1650677299.149898,0.0
