,time,value
0,1650657494.9747713,-3.2117603631113525
1,1650677298.2812018,0.0
