,time,value
0,1650657495.4006772,0.0
1,1650677299.1571486,0.0
