,time,value
0,1650657495.2390451,-6.1125345961308994
