,time,value
0,1650657495.0952854,-2.3551789329576422
1,1650677298.579815,0.0
