,time,value
0,1650657495.5397282,-2.3014969882788137
