,time,value
0,1650657495.100497,0.0
1,1650677298.670124,0.0
