,time,value
0,1650657494.962274,-0.2805180251220918
1,1650677298.2707963,0.0
