,time,value
0,1650657494.9749396,3.967543527362977
