,time,value
0,1650657495.1831136,-2.0826665650365612
1,1650677299.0088208,0.0
