,time,value
0,1650657494.9556425,-2.1432559963895983
