,time,value
0,1650657495.4325368,-0.07776352117161878
1,1650677299.1775281,0.0
