,time,value
0,1650657495.4044783,1.9175461292716136
