,time,value
0,1650657495.1012037,-0.08324661815458967
1,1650677298.727009,0.0
