,time,value
0,1650657495.084265,2.14999203276966
