,time,value
0,1650657494.971387,-1.906729742690004
1,1650677298.278854,0.0
