,time,value
0,1650657495.333521,-0.0975943005696535
1,1650677299.1354468,0.0
