,time,value
0,1650657495.3521612,-1.8361262904682008
1,1650677299.1424558,0.0
