,time,value
0,1650657495.058755,-0.6200814220446773
1,1650677298.508311,0.0
