,time,value
0,1650657495.1906416,0.0550100393456887
1,1650677299.0364764,0.0
