,time,value
0,1650657495.650733,-1.0976280143413533
1,1650677299.532537,0.0
