,time,value
0,1650657494.9467006,0.16986099749192363
