,time,value
0,1650657494.9517243,0.0
1,1650677298.266044,0.0
