,time,value
0,1650657495.4384289,-1.221747250322096
