,time,value
0,1650657495.2371173,-1.3866422374367176
1,1650677299.1254687,0.0
