,time,value
0,1650657494.93723,-0.1049813659042229
1,1650677298.2546573,0.0
