,time,value
0,1650657494.937058,0.4316857394906037
1,1650677298.2545302,0.0
