,time,value
0,1650657495.426801,-0.3864360979396224
1,1650677299.1735554,0.0
