,time,value
0,1650657495.4404323,-1.6456574822805123
1,1650677299.1867187,0.0
