,time,value
0,1650657494.9758286,-0.27595088249427135
