,time,value
0,1650657494.965794,0.3039513701205578
1,1650677298.2731764,0.0
