,time,value
0,1650657495.3883958,-0.8414979158587812
1,1650677299.1544473,0.0
