,time,value
0,1650657495.619929,0.5573914226406487
1,1650677299.2596345,0.0
