,time,value
0,1650657495.440667,-3.4909587975962495
1,1650677299.1868498,0.0
