,time,value
0,1650657495.551377,0.16999575051522697
1,1650677299.225003,0.0
