,time,value
0,1650657495.417655,-2.1857932199800416
1,1650677299.1640496,0.0
