,time,value
0,1650657495.6210027,-0.30429358479614166
1,1650677299.2607124,0.0
