,time,value
0,1650657495.1211336,2.8806647547362445
1,1650677298.9211876,0.0
