,time,value
0,1650657495.3745592,-0.7183048315550877
1,1650677299.1531444,0.0
