,time,value
0,1650657495.432016,2.2240496524282207
1,1650677299.17723,0.0
