,time,value
0,1650657495.009785,-2.6566320694464594
1,1650677298.357746,0.0
