,time,value
0,1650657495.352841,-1.0706639138402352
1,1650677299.1428697,0.0
