,time,value
0,1650657495.37104,-1.173646440401626
1,1650677299.1492293,0.0
