,time,value
0,1650657494.9349113,0.268150433998926
1,1650677298.2495968,0.0
