,time,value
0,1650657494.9936976,-1.540784872322547
1,1650677298.2846563,0.0
