,time,value
0,1650657494.9713867,-1.906729742690004
1,1650677298.2788541,0.0
