,time,value
0,1650657494.9661655,0.9315324381113896
1,1650677298.2734578,0.0
