,time,value
0,1650657495.368527,-1.5847626920722178
1,1650677299.1458998,0.0
