,time,value
0,1650657494.93723,-0.10498136590422291
1,1650677298.2546573,0.0
