,time,value
0,1650657495.421203,-1.4072014313933323
1,1650677299.1672428,0.0
