,time,value
0,1650657495.189078,-0.4767580543220902
