,time,value
0,1650657495.1827471,-0.5589685593904505
1,1650677299.0064359,0.0
2,1650896309.4042795,5.679235063220403
3,1650902027.0121405,-3.9879984243989384
4,1650907785.9005332,1.9000251224852036
5,1650913469.9795728,-2.6127634957165355
6,1650919215.318819,0.4450236889624648
