,time,value
0,1650657495.0101297,-0.2659928197626868
1,1650677298.358034,0.0
