,time,value
0,1650657494.9456944,0.1197533083277448
1,1650677298.2563944,0.0
