,time,value
0,1650657495.43468,-2.1406736003409605
1,1650677299.1836176,0.0
