,time,value
0,1650657495.3712285,-1.4509740812281962
1,1650677299.1496406,0.0
