,time,value
0,1650657495.4071736,2.5497209121786
