,time,value
0,1650657495.239219,0.7795534667293396
1,1650677299.1287458,0.0
