,time,value
0,1650657495.1805205,-1.3221269278838008
1,1650677298.97107,0.0
