,time,value
0,1650657495.4084003,-0.8354219366424331
1,1650677299.1620705,0.0
