,time,value
0,1650657495.038834,-0.0741702206905756
1,1650677298.464276,0.0
