,time,value
0,1650657494.9340413,-2.840824407882792
1,1650677298.2468286,0.0
