,time,value
0,1650657495.1814158,-0.5962013633716197
