,time,value
0,1650657495.5525303,-0.29264010353745107
