,time,value
0,1650657494.9711816,0.9507210350079731
1,1650677298.2787275,0.0
