,time,value
0,1650657495.2355056,-1.742022770093172
