,time,value
0,1650657495.5407631,0.6194794434813957
1,1650677299.207806,0.0
