,time,value
0,1650984555.165337,-1.397017531086952
1,1650987280.2401586,1.0104725327714994
2,1650989894.6936536,0.1342461936199915
3,1650992655.1805365,-0.9678383092907268
4,1650995321.391022,0.1342461936199915
5,1650998038.2140603,-0.149868604348762
6,1651000752.9814172,-1.0685543778791249
7,1651003454.0027092,0.1342461936199915
8,1651006184.6159527,0.1342461936199915
9,1651022422.9321003,0.0865043199555752
