,time,value
0,1650984555.1653373,-1.3970175310869521
1,1650987280.2401586,1.0104725327714994
2,1650989894.6936536,0.13424619361999152
3,1650992655.1805363,-0.9678383092907268
4,1650995321.391022,0.13424619361999152
5,1650998038.2140603,-0.14986860434876206
6,1651000752.9814172,-1.0685543778791247
7,1651003454.0027092,0.13424619361999152
8,1651006184.6159527,0.13424619361999152
9,1651022422.9321005,0.0865043199555752
