,time,value
0,1649360561.2891798,0.13408756399198804
1,1649360621.2058008,2.8447632422993725
2,1649361380.7299316,0.13408756399198804
3,1649361681.0011108,2.8447632422993725
