,time,value
0,1650984554.8470738,-1.1318530612655981
1,1650987280.2992437,0.273535266597503
2,1650989894.7074363,-1.1374079222683302
3,1650992655.2109616,2.8447632422993725
4,1650995321.4118965,-1.3949094723553987
