,time,value
0,1650257822.7836564,2.8447632422993725
1,1650257941.378353,2.8447632422993725
2,1650258063.2248015,-2.8447632422993725
