,time,value
0,1651024033.1130466,-2.8447632422993725
1,1651024093.9938004,2.8447632422993725
