,time,value
0,1649018176.0351985,0.670997342904572
1,1649018415.9560523,2.4747396492194813
2,1649018836.3939967,2.4747396492194813
3,1649019136.9085753,1.1861690261641924
4,1649019497.0185163,-2.4747396492194844
