,time,value
0,1648917422.0202508,2.8447632422993725
1,1648918930.224408,-2.8447632422993725
2,1648920251.111729,-2.8447632422993725
3,1648921692.3497584,-2.8447632422993725
4,1648923080.68968,-2.8447632422993725
5,1648924162.154765,-2.8447632422993725
6,1648925670.6504323,-2.8447632422993725
7,1648925910.0845954,-2.8447632422993725
8,1649004869.8467965,0.134087563991988
