,time,value
0,1649783452.108734,2.8447632422993725
1,1649783512.6180446,-2.8447632422993725
2,1649783635.9871998,-2.8447632422993725
3,1649783691.8687298,0.15660576911585472
4,1649783812.5513544,0.15660576911585472
5,1649783871.9791682,0.15660576911585472
6,1649783992.535649,2.8447632422993725
7,1649784112.6057508,0.15660576911585472
8,1649784173.068604,0.15660576911585472
9,1649784292.1495583,0.15660576911585472
10,1649784473.254254,0.15660576911585472
11,1649784532.8830888,0.15660576911585472
12,1649784592.7746859,0.15660576911585472
13,1649784713.246239,-1.2324587197131793
14,1649784833.5518267,-1.2324587197131793
15,1649784953.976256,-0.022282984115086793
16,1649785013.1212451,-0.022282984115086793
17,1649785134.6207924,-0.022282984115086793
18,1649785255.644304,-0.022282984115086793
