,time,value
0,1651024033.159449,2.8447632422993725
1,1651024094.1440167,2.8447632422993725
