,time,value
0,1650168545.0068922,2.8447632422993725
1,1650168665.255463,-0.011140800566449697
