,time,value
0,1651415292.0635722,2.8447632422993725
1,1651448835.4854217,0.0780632027652199
2,1651455433.562158,-2.8447632422993725
3,1651526761.8206398,2.8447632422993725
