,time,value
0,1650257822.6372921,-2.8447632422993725
1,1650257941.3093314,-2.8447632422993725
2,1650258063.1469877,-2.8447632422993725
