,time,value
0,1649546865.757096,2.8447632422993725
