,time,value
0,1649522070.562159,2.8447632422993725
1,1649523693.1839418,-2.8447632422993725
2,1649524954.6210027,-2.8447632422993725
3,1649526640.6001823,2.8447632422993725
4,1649528683.4106553,-2.8447632422993725
