,time,value
0,1648917421.7698824,2.8447632422993725
1,1648918930.1083798,2.8447632422993725
2,1648920250.980956,2.8447632422993725
3,1648921692.1954794,2.8447632422993725
4,1648923080.522061,2.8447632422993725
5,1648924162.0510352,2.8447632422993725
6,1648925670.5312877,2.8447632422993725
7,1648925909.959564,2.8447632422993725
8,1649004869.6826968,2.8447632422993725
