,time,value
0,1649546866.7991652,0.0445770393033232
