,time,value
0,1648441137.9291925,-2.8447632422993725
1,1648608540.1622534,-2.8447632422993725
2,1648609501.1278079,-2.8447632422993725
3,1648616120.5820963,2.8447632422993725
4,1648842301.8641145,2.8447632422993725
5,1648880831.4989188,2.8447632422993725
6,1649050302.0850852,2.8447632422993725
7,1649050662.396548,0.2706416397758346
8,1649109348.8312223,-0.06689327519370943
9,1649220561.6180792,2.8447632422993725
