,time,value
0,1650732802.8521304,2.8447632422993725
1,1650737127.9183679,2.8447632422993725
