,time,value
0,1649522070.7014143,2.8447632422993725
1,1649523693.321769,2.8447632422993725
2,1649524954.6827607,-2.8447632422993725
3,1649526640.7499492,2.8447632422993725
4,1649528683.560048,-2.8447632422993725
5,1649530248.465966,2.8447632422993725
6,1649530608.4440973,2.8447632422993725
7,1649612012.0347552,2.8447632422993725
