,time,value
0,1650732802.8522792,2.8447632422993725
1,1650737127.9185095,2.8447632422993725
