,time,value
0,1649018176.1269894,0.2246877150727753
1,1649018416.010155,0.2246877150727753
2,1649018836.5217488,0.2246877150727753
3,1649019136.994397,0.2246877150727753
4,1649019497.0835571,0.2246877150727753
