,time,value
0,1648917422.0200593,2.8447632422993725
1,1648918930.2242565,-2.8447632422993725
2,1648920251.111584,-2.8447632422993725
3,1648921692.349611,-2.8447632422993725
4,1648923080.6895936,-2.8447632422993725
5,1648924162.1546288,-2.8447632422993725
6,1648925670.650296,-2.8447632422993725
7,1648925910.0844557,-2.8447632422993725
8,1649004869.8466153,-0.06689327519370943
