,time,value
0,1648917421.770085,2.8447632422993725
1,1648918930.1086576,2.8447632422993725
2,1648920250.9811018,2.8447632422993725
3,1648921692.195628,2.8447632422993725
4,1648923080.522229,2.8447632422993725
5,1648924162.05118,2.8447632422993725
6,1648925670.5314271,2.8447632422993725
7,1648925909.9596896,2.8447632422993725
8,1649004869.6827822,2.8447632422993725
