,time,value
0,1651415291.8173916,2.8447632422993725
