,time,value
0,1651024033.112936,-2.8447632422993725
1,1651024093.9935055,2.8447632422993725
