,time,value
0,1650168544.9412024,-2.8447632422993725
1,1650168665.159843,-2.8447632422993725
