,time,value
0,1651415292.063684,2.8447632422993725
