,time,value
0,1649522070.701636,2.8447632422993725
1,1649523693.321904,2.8447632422993725
2,1649524954.6828442,-2.8447632422993725
3,1649526640.7501175,2.8447632422993725
4,1649528683.560182,-2.8447632422993725
5,1649530248.466109,2.8447632422993725
6,1649530608.444176,2.8447632422993725
