,time,value
0,1649546865.75683,2.8447632422993725
