,time,value
0,1648441137.9293056,-2.8447632422993725
1,1648608540.1623328,-2.8447632422993725
2,1648609501.1278896,-2.8447632422993725
3,1648616120.5821772,2.8447632422993725
4,1648842301.8642693,2.8447632422993725
5,1648880831.4990892,2.8447632422993725
6,1649050302.0852304,-2.8447632422993725
7,1649050662.3966856,2.8447632422993725
8,1649109348.8313067,2.8447632422993725
