,time,value
0,1651415291.817624,2.8447632422993725
1,1651448835.4178183,0.011140800566449836
