,time,value
0,1650935772.9161243,2.8447632422993725
