,time,value
0,1649522070.562328,2.8447632422993725
1,1649523693.184044,-2.8447632422993725
2,1649524954.6210835,-2.8447632422993725
3,1649526640.600332,2.8447632422993725
4,1649528683.4108002,-0.0222829841150867
5,1649530248.3851657,-0.6991721637759273
6,1649530608.3699229,-2.8447632422993725
