,time,value
0,1648441138.0445635,-2.8447632422993725
1,1648608540.2779934,-2.8447632422993725
2,1648609501.2405384,2.8447632422993725
3,1648616120.6671178,2.8447632422993725
4,1648842301.995875,2.8447632422993725
5,1648880831.9845283,-2.8447632422993725
6,1649050302.2368734,-2.8447632422993725
7,1649050662.514141,2.8447632422993725
8,1649109348.9230886,2.8447632422993725
