,time,value
0,1649990451.330592,2.8447632422993725
1,1649990752.1621976,-2.8447632422993725
2,1649991111.910559,-2.8447632422993725
