,time,value
0,1650935653.1541564,-0.1228546188463591
1,1650935772.7319927,-0.3883219740090665
