,time,value
0,1650935653.1541564,-0.12285461884635916
1,1650935772.7319927,-0.38832197400906654
