,time,value
0,1650732071.937129,2.8447632422993725
1,1650732803.096782,-2.8447632422993725
2,1650734055.2325387,2.8447632422993725
3,1650735796.9074516,-2.8447632422993725
4,1650737128.286276,2.8447632422993725
5,1650738323.7631264,2.8447632422993725
