,time,value
0,1649018176.1269045,0.9153650878428139
1,1649018416.0100768,1.1422903927149706
2,1649018836.5215724,1.1422903927149706
3,1649019136.99431,1.1422903927149706
4,1649019497.0834754,1.1422903927149706
