,time,value
0,1651024033.1593397,2.8447632422993725
1,1651024094.1438708,2.8447632422993725
