,time,value
0,1649192641.3815944,-1.59321881802305
1,1649279102.0399532,-1.1861690261641924
