,time,value
0,1649192644.1019776,2.8447632422993725
