,time,value
0,1649192642.6202335,0.713469054464235
