,time,value
0,1649192641.8548393,-0.022282984115086793
