,time,value
0,1649192642.6290815,0.8819982053373722
