,time,value
0,1648674290.4718258,2.8447632422993725
1,1648760774.1944647,2.8447632422993725
2,1648847055.6510231,2.8447632422993725
