,time,value
0,1649192641.8546503,-0.06689327519370943
