,time,value
0,1649192641.854839,-0.0222829841150867
