,time,value
0,1649192641.3747413,-1.3902781030993898
