,time,value
0,1648674289.904284,2.8447632422993725
1,1648760771.994552,2.8447632422993725
2,1648847054.9258082,2.8447632422993725
