,time,value
0,1649192641.6114805,0.32891197566572233
