,time,value
0,1649192641.6114805,0.3289119756657223
