,time,value
0,1649192641.8546505,-0.0668932751937094
