,time,value
0,1648674291.283641,2.8447632422993725
1,1648760775.3691208,2.8447632422993725
2,1648847056.9123447,2.8447632422993725
