,time,value
0,1649192644.4378684,2.8447632422993725
