,time,value
0,1649192642.9846451,2.8447632422993725
1,1649279103.8574102,2.8447632422993725
