,time,value
0,1651226917.5576584,0.2018934791418507
1,1651231417.4808466,0.1792036755453547
2,1651232917.6174908,0.1792036755453547
3,1651233217.5705006,0.1678940047881054
4,1651235317.13982,0.145337454241173
5,1651236517.963141,0.1228546188463591
6,1651238017.5356486,0.1792036755453547
7,1651241317.6401403,0.1228546188463591
8,1651241617.3118627,0.2018934791418507
9,1651244617.6480532,0.1792036755453547
