,time,value
0,1651698517.4135706,0.3289119756657223
