,time,value
0,1652701117.5698225,0.6850167784751023
1,1652708617.483763,1.59321881802305
2,1652744617.6845162,0.19053631529919576
