,time,value
0,1650259717.5378556,0.1228546188463591
1,1650275017.6682146,0.1116371545069448
2,1650281317.3835485,0.3171746142630608
3,1650282817.9669442,0.0892428788756544
