,time,value
0,1652408017.8806322,0.1004337205114699
1,1652452117.641335,-2.8447632422993725
