,time,value
0,1652408017.8831725,0.0557316877429798
1,1652452117.6447911,-2.8447632422993725
