,time,value
0,1650259717.5378556,0.12285461884635916
1,1650275017.6682146,0.11163715450694481
2,1650281317.3835483,0.31717461426306087
3,1650282817.9669442,0.08924287887565444
