,time,value
0,1649152417.8274784,1.6780705182209088
1,1649169817.688129,2.8447632422993725
2,1649197717.904011,2.8447632422993725
