,time,value
0,1652408017.880812,0.08924287887565444
1,1652452117.641484,-2.8447632422993725
2,1652652817.9975917,-2.8447632422993725
3,1652708617.6916804,-2.8447632422993725
