,time,value
0,1651698517.413752,0.787291727668475
