,time,value
0,1652408017.8831725,0.055731687742979895
1,1652452117.6447911,-2.8447632422993725
