,time,value
0,1650275017.66299,0.11163715450694481
1,1650282817.9668052,0.055731687742979895
