,time,value
0,1649695717.8113058,0.5372265830422973
1,1649732317.2194889,0.5372265830422973
