,time,value
0,1651698517.4135706,0.32891197566572233
