,time,value
0,1649152417.8290677,0.11163715450694481
1,1649169817.7593257,-0.06689327519370943
2,1649197717.9119534,0.8819982053373722
3,1649254417.7426343,0.20189347914185077
4,1649268817.2038937,0.4368471222579287
5,1649310817.586231,0.0668932751937093
6,1649318317.390257,0.8656781844563757
7,1649323718.2353375,0.8819982053373722
8,1649335417.5395606,0.11163715450694481
9,1649340817.2477484,0.15660576911585472
10,1649362118.5111027,0.8656781844563757
