,time,value
0,1651226917.5576584,0.20189347914185077
1,1651231417.4808466,0.17920367554535474
2,1651232917.6174908,0.17920367554535474
3,1651233217.5705006,0.1678940047881054
4,1651235317.13982,0.145337454241173
5,1651236517.963141,0.12285461884635916
6,1651238017.5356486,0.17920367554535474
7,1651241317.6401403,0.12285461884635916
8,1651241617.3118627,0.20189347914185077
9,1651244617.6480532,0.17920367554535474
