,time,value
0,1651226917.5420272,2.8447632422993725
1,1651231417.4729648,0.8985565917048498
2,1651232917.6107318,2.8447632422993725
3,1651233217.638855,2.8447632422993725
4,1651235317.151464,-2.8447632422993725
5,1651236517.948945,-2.8447632422993725
6,1651238017.5080075,-2.8447632422993725
7,1651241317.6396325,-2.8447632422993725
8,1651241617.3085973,-2.8447632422993725
9,1651244617.6087065,2.8447632422993725
