,time,value
0,1649695717.827943,0.1116371545069448
1,1649732317.3052733,0.1116371545069448
