,time,value
0,1649695717.836309,2.8447632422993725
