,time,value
0,1649695717.827943,0.11163715450694481
1,1649732317.3052733,0.11163715450694481
