,time,value
0,1651226917.537233,1.1005073910122758
1,1651231417.4619002,0.2132767449546069
2,1651232917.628305,0.2132767449546069
3,1651233217.6393204,-0.49900228007558534
4,1651235317.1500423,2.8447632422993725
5,1651236517.9632893,2.8447632422993725
6,1651238017.522788,0.2132767449546069
7,1651241317.6305654,2.8447632422993725
8,1651241617.2823384,1.1005073910122758
9,1651244617.6464493,0.2132767449546069
