,time,value
0,1649695717.8110924,0.657108566424889
1,1649732317.2194054,0.657108566424889
