,time,value
0,1651226917.5577865,0.1116371545069448
1,1651231417.4809306,0.1116371545069448
2,1651232917.6175785,0.1116371545069448
3,1651233217.5705848,0.0892428788756544
4,1651235317.1399102,0.0668932751937093
5,1651236517.9632893,0.0557316877429798
6,1651238017.5357926,0.1116371545069448
7,1651241317.6402867,0.0557316877429798
8,1651241617.312013,0.1116371545069448
9,1651244617.6481376,0.1116371545069448
