,time,value
0,1652408017.880812,0.0892428788756544
1,1652452117.641484,-2.8447632422993725
2,1652652817.9975915,-2.8447632422993725
3,1652708617.6916804,-2.8447632422993725
