,time,value
0,1652408017.8826451,0.2018934791418507
1,1652452117.6543105,0.2132767449546069
