,time,value
0,1652408017.8827941,0.15660576911585472
1,1652452117.6544647,0.24759931026108395
