,time,value
0,1652408017.883373,0.0668932751937093
