,time,value
0,1650275017.66299,0.1116371545069448
1,1650282817.9668052,0.0557316877429798
