,time,value
0,1651226917.5422206,1.2566265700156716
1,1651231417.4731128,0.9324362636709788
2,1651232917.6108806,2.8447632422993725
3,1651233217.6389406,2.8447632422993725
4,1651235317.151548,-2.8447632422993725
5,1651236517.949045,-2.8447632422993725
6,1651238017.5080924,-2.8447632422993725
7,1651241317.6397655,-2.8447632422993725
8,1651241617.3087437,-2.8447632422993725
9,1651244617.6088586,1.2566265700156716
