,time,value
0,1652701117.5700116,0.5894557978497786
1,1652708617.4839163,1.777077098777975
2,1652744617.6846669,0.11163715450694481
3,1652919218.1459959,0.670997342904572
