,time,value
0,1649152417.8290677,0.1116371545069448
1,1649169817.7593255,-0.0668932751937094
2,1649197717.9119534,0.8819982053373722
3,1649254417.7426343,0.2018934791418507
4,1649268817.2038937,0.4368471222579287
5,1649310817.586231,0.0668932751937093
6,1649318317.390257,0.8656781844563757
7,1649323718.2353375,0.8819982053373722
8,1649335417.5395606,0.1116371545069448
9,1649340817.2477484,0.1566057691158547
10,1649362118.511103,0.8656781844563757
