,time,value
0,1649152417.8258486,1.080319340814956
1,1649169817.6882167,2.8447632422993725
2,1649197717.9041636,2.8447632422993725
