,time,value
0,1651226917.537116,1.9695593972966896
1,1651231417.461817,0.11163715450694481
2,1651232917.628219,0.11163715450694481
3,1651233217.639232,-0.6161768921730953
4,1651235317.1499548,2.8447632422993725
5,1651236517.963142,2.8447632422993725
6,1651238017.5226138,0.11163715450694481
7,1651241317.6304824,2.8447632422993725
8,1651241617.2822497,1.9695593972966896
9,1651244617.646298,0.11163715450694481
