,time,value
0,1649152417.83047,0.2591032781466755
