,time,value
0,1652408017.882794,0.1566057691158547
1,1652452117.6544647,0.2475993102610839
