,time,value
0,1649152417.825102,0.5631491384553193
1,1649169817.7257657,0.5501416487535772
2,1649197717.9122894,0.5631491384553193
