,time,value
0,1652408017.880999,-0.0334279348302552
