,time,value
0,1652652818.0042832,-2.8447632422993725
1,1652708617.6761067,-2.8447632422993725
