,time,value
0,1652408017.8809993,-0.03342793483025524
