,time,value
0,1649695717.836124,2.8447632422993725
1,1649732317.21937,2.8447632422993725
