,time,value
0,1649695717.8281913,0.2591032781466755
