,time,value
0,1648583822.9293232,0.6756704880947487
1,1648670227.8268936,0.6480152649729203
2,1648756622.8132894,0.1532512368476969
3,1648843023.0431485,0.3292375784448785
