,time,value
0,1649443494.1851916,2.8447632422993725
1,1649444394.3689585,2.8447632422993725
2,1649445293.9958646,2.8447632422993725
3,1649448895.6401954,2.8447632422993725
4,1649449795.350635,2.8447632422993725
