,time,value
0,1648245602.6173294,-0.21898223001369113
1,1648332002.7969484,-0.21898223001369113
2,1648418402.6333547,-0.21898223001369113
3,1648504803.9129128,-0.18486999542227509
4,1648591209.3710082,0.022282984115086658
5,1648677608.3957596,0.2706416397758346
6,1648764007.3723025,-0.22027456508633358
7,1648850406.013485,-0.2146728480885959
8,1648936802.7252445,-0.2146728480885959
9,1649023204.2317321,-0.2146728480885959
10,1649109609.3487127,-0.21341459389374795
