,time,value
0,1648583958.1391177,2.659751445759427
1,1648670363.929936,-0.584154586820587
2,1648756758.6610844,-0.3274823790417843
3,1648843160.0250003,0.465591760947862
4,1649102357.4502149,0.8440321726210578
5,1649188764.165098,-0.2092463906136166
