,time,value
0,1649443494.185098,2.8447632422993725
1,1649444394.3688097,2.8447632422993725
2,1649445293.9957914,2.8447632422993725
3,1649448895.6401284,2.8447632422993725
4,1649449795.350559,2.8447632422993725
