,time,value
0,1649443494.185285,2.8447632422993725
1,1649444394.3690782,2.8447632422993725
2,1649445293.9959342,2.8447632422993725
