,time,value
0,1649443494.1842268,2.8447632422993725
1,1649444394.367914,2.8447632422993725
2,1649445293.9952211,2.8447632422993725
3,1649448895.6395898,2.8447632422993725
4,1649449795.3499155,2.8447632422993725
