,time,value
0,1649443494.1843867,2.8447632422993725
1,1649444394.3680308,2.8447632422993725
