,time,value
0,1648583958.1365867,2.8447632422993725
1,1648670363.930043,-0.36176535437449503
2,1648756758.6611745,-0.4425619622766377
3,1648843160.0250845,0.21043373383761796
4,1649102357.4503002,0.9115505856775433
