,time,value
0,1649188686.9318504,1.0605622435314257
