,time,value
0,1649195827.9441388,0.6381700447279669
