,time,value
0,1649701380.8281422,-2.8447632422993725
