,time,value
0,1649701380.8296769,2.8447632422993725
