,time,value
0,1649776994.2621999,0.2591032781466755
