,time,value
0,1649712184.1936517,-2.8447632422993725
