,time,value
0,1649447027.7526224,-2.8447632422993725
1,1649447329.0598826,-2.8447632422993725
2,1649447629.203859,2.8447632422993725
3,1649447929.5460176,2.8447632422993725
4,1649448231.9296763,-2.8447632422993725
