,time,value
0,1649955189.10875,0.4368471222579287
