,time,value
0,1649695980.1165907,0.4491363034394247
