,time,value
0,1649712184.2322042,-0.4491363034394247
