,time,value
0,1649874193.2667973,0.3289119756657223
