,time,value
0,1649785095.8740103,-2.8447632422993725
