,time,value
0,1649787797.17233,-2.8447632422993725
