,time,value
0,1649447328.9494798,2.8447632422993725
1,1649447629.288043,-2.8447632422993725
2,1649447929.5675948,2.8447632422993725
3,1649448231.9595656,-2.8447632422993725
