,time,value
0,1649695980.1136649,0.4491363034394247
