,time,value
0,1649863389.8528895,0.19053631529919576
