,time,value
0,1649863389.8528895,0.1905363152991957
