,time,value
0,1649690580.4058924,-2.8447632422993725
