,time,value
0,1649447328.9427786,2.8447632422993725
1,1649447629.2806964,2.8447632422993725
2,1649447929.5633922,2.8447632422993725
3,1649448231.9551644,-1.7254608995616074
