,time,value
0,1649695980.1074753,-2.8447632422993725
