,time,value
0,1649874193.2667973,0.32891197566572233
