,time,value
0,1649701380.8283713,-2.8447632422993725
