,time,value
0,1649447328.9487643,-2.8447632422993725
1,1649447629.2872868,-2.8447632422993725
2,1649447929.5671062,-2.8447632422993725
3,1649448231.9590516,-2.8447632422993725
