,time,value
0,1649712184.192443,0.5501416487535772
