,time,value
0,1649695980.1181557,2.8447632422993725
