,time,value
0,1649447027.7515855,-2.8447632422993725
1,1649447329.0577006,2.8447632422993725
2,1649447629.2024353,2.8447632422993725
3,1649447929.5452948,2.8447632422993725
4,1649448231.9287884,-2.8447632422993725
