,time,value
0,1649447328.9485836,-2.8447632422993725
1,1649447629.2870429,2.8447632422993725
2,1649447929.56697,-2.8447632422993725
3,1649448231.9588952,-2.8447632422993725
