,time,value
0,1649447027.765653,-2.8447632422993725
1,1649447329.071618,-2.8447632422993725
2,1649447629.216575,-2.8447632422993725
3,1649447929.5529072,-2.8447632422993725
4,1649448231.9433477,2.8447632422993725
