,time,value
0,1649690580.4158566,2.8447632422993725
