,time,value
0,1649863389.8618765,-2.8447632422993725
