,time,value
0,1649701380.8067973,-0.727913290881644
