,time,value
0,1649776994.2759447,0.1792036755453547
