,time,value
0,1649776994.2561848,-2.8447632422993725
