,time,value
0,1649712184.1914375,0.713469054464235
