,time,value
0,1649785095.860547,1.5547735945968528
