,time,value
0,1649879592.4902852,-2.8447632422993725
