,time,value
0,1649695980.0995798,0.0445770393033232
