,time,value
0,1649793201.2505271,-2.8447632422993725
