,time,value
0,1649701380.8060665,-2.8447632422993725
