,time,value
0,1649868792.7945392,2.8447632422993725
