,time,value
0,1649874193.3096688,2.8447632422993725
