,time,value
0,1649701380.758234,0.1116371545069448
