,time,value
0,1649701380.8189366,-2.8447632422993725
