,time,value
0,1649706782.7433536,2.8447632422993725
