,time,value
0,1649785095.84496,0.6297030466212713
