,time,value
0,1649785095.8551729,2.8447632422993725
