,time,value
0,1649782391.8435729,0.0111408005664498
