,time,value
0,1649712184.2069683,-0.0445770393033232
