,time,value
0,1649690580.415532,2.8447632422993725
