,time,value
0,1649879592.4876015,0.787291727668475
