,time,value
0,1649712184.2278428,0.7572687167233753
