,time,value
0,1650489830.0430396,0.011140800566449836
