,time,value
0,1649695980.114432,2.8447632422993725
