,time,value
0,1649787797.1723301,-2.8447632422993725
