,time,value
0,1649793201.2843857,-2.8447632422993725
