,time,value
0,1649787797.2237928,2.8447632422993725
