,time,value
0,1649782391.8435729,0.011140800566449836
