,time,value
0,1650392632.6496043,0.5462550049050974
