,time,value
0,1649695980.1102798,2.8447632422993725
