,time,value
0,1649949788.5018804,1.1861690261641924
