,time,value
0,1649447027.771953,-2.8447632422993725
1,1649447329.0747635,2.8447632422993725
2,1649447629.22021,2.8447632422993725
3,1649447929.555637,2.8447632422993725
4,1649448231.9462786,2.8447632422993725
