,time,value
0,1649960588.6601086,2.8447632422993725
