,time,value
0,1649690580.4266784,-2.8447632422993725
