,time,value
0,1649785095.8431323,1.0605622435314257
