,time,value
0,1649695980.1047556,2.8447632422993725
