,time,value
0,1649776994.2759447,0.17920367554535474
