,time,value
0,1649706782.7676945,2.8447632422993725
