,time,value
0,1649447027.7509265,-2.8447632422993725
1,1649447329.0567982,2.8447632422993725
2,1649447629.2015648,2.8447632422993725
3,1649447929.5447812,2.8447632422993725
4,1649448231.9282925,-2.8447632422993725
