,time,value
0,1649447027.771115,-2.8447632422993725
1,1649447329.0741482,2.8447632422993725
2,1649447629.2194495,2.8447632422993725
3,1649447929.5551667,-2.8447632422993725
4,1649448231.9458272,-2.8447632422993725
