,time,value
0,1650295420.1387274,2.8447632422993725
