,time,value
0,1649863389.8473485,-2.8447632422993725
