,time,value
0,1649787797.2326946,1.0222413874778957
