,time,value
0,1649863389.8583603,1.0036329724426833
