,time,value
0,1649690580.4022815,2.8447632422993725
