,time,value
0,1649701380.758234,0.11163715450694481
