,time,value
0,1649695980.1181555,2.8447632422993725
