,time,value
0,1649385792.7433686,2.8447632422993725
1,1649386093.6342516,-2.8447632422993725
2,1649386392.7873166,2.2865479513109825
3,1649386692.761491,-0.3171746142630608
4,1649386992.778079,2.8447632422993725
5,1649387292.746478,2.8447632422993725
6,1649387592.7901256,2.8447632422993725
7,1649387892.7958944,2.8447632422993725
