,time,value
0,1649354496.7555735,-2.8447632422993725
1,1649354788.9659111,-2.8447632422993725
2,1649355100.4893684,-2.8447632422993725
3,1649355396.0905943,-2.8447632422993725
4,1649355696.459193,-2.8447632422993725
5,1649355988.681054,-2.8447632422993725
6,1649356277.2353542,-2.8447632422993725
7,1649356639.839529,-2.8447632422993725
