,time,value
0,1649386115.776691,-2.8447632422993725
1,1649386415.5756557,-2.8447632422993725
2,1649386495.797072,-2.8447632422993725
3,1649386795.6082747,-2.8447632422993725
4,1649386971.621261,-2.8447632422993725
5,1649387271.6108198,-2.8447632422993725
6,1649387544.153227,2.8447632422993725
7,1649387843.9126608,-2.1556486441957885
