,time,value
0,1649386098.0416763,-1.060562243531426
1,1649386398.1254923,2.8447632422993725
2,1649386698.0528784,2.8447632422993725
3,1649386998.1084847,-1.4841174003594797
4,1649387297.867483,-2.8447632422993725
