,time,value
0,1649403267.3416915,2.8447632422993725
1,1649404539.4237523,-2.8447632422993725
