,time,value
0,1649386096.5365486,1.6341744669080696
1,1649386396.5309775,-2.8447632422993725
2,1649386664.9472814,-2.8447632422993725
