,time,value
0,1649385796.5531557,1.3339439627690657
1,1649386096.5383768,1.3339439627690657
2,1649386396.5308266,-2.8447632422993725
3,1649386664.947122,-2.8447632422993725
