,time,value
0,1649403267.3415782,2.8447632422993725
1,1649404539.4236138,-2.8447632422993725
