,time,value
0,1650613572.4931135,-2.8447632422993725
