,time,value
0,1649385792.754295,-2.8447632422993725
1,1649386092.2579317,0.6161768921730953
2,1649386392.764006,0.2822161470625082
3,1649386692.2793508,0.0334279348302552
4,1649386992.310984,-0.0557316877429797
5,1649387292.260901,-0.0557316877429797
6,1649387592.2985363,-0.3406948270877953
7,1649387892.3536775,0.6161768921730953
8,1649388192.3040507,-0.0557316877429797
9,1649388492.2738552,-0.0557316877429797
10,1649388792.7746,0.9324362636709788
11,1649389092.3361878,0.833709959553436
