,time,value
0,1649385798.039981,2.8447632422993725
1,1649386098.0431433,-0.7721932141886849
2,1649386398.125339,2.8447632422993725
3,1649386698.052768,2.8447632422993725
4,1649386998.1083393,-1.3615709340755842
5,1649387297.867316,-2.8447632422993725
