,time,value
0,1649066727.7869625,2.8447632422993725
1,1649073897.96815,2.8447632422993725
2,1649081071.0261714,2.8447632422993725
