,time,value
0,1649649679.1081016,2.8447632422993725
1,1649664071.7053783,0.12285461884635916
2,1649671281.6420825,-0.011140800566449697
