,time,value
0,1649348554.8673608,2.8447632422993725
1,1649349765.3646715,0.2132767449546069
2,1649350983.5423787,0.2132767449546069
3,1649360217.071552,0.2132767449546069
4,1649360217.4747212,0.2132767449546069
5,1649361994.5457854,0.2132767449546069
