,time,value
0,1649357721.795675,-2.8447632422993725
1,1649358570.3615053,0.19053631529919576
2,1649367163.8240504,0.19053631529919576
