,time,value
0,1649355396.9715602,-2.8447632422993725
1,1649356016.7653923,-2.8447632422993725
2,1649356674.759749,-2.8447632422993725
3,1649364859.5059466,-2.8447632422993725
4,1649365956.3528056,-2.8447632422993725
5,1649366560.6344616,0.1678940047881054
6,1649366560.6984057,-2.8447632422993725
7,1649367163.6659596,-2.8447632422993725
