,time,value
0,1649360217.344551,-2.8447632422993725
1,1649360578.3437734,-2.8447632422993725
2,1649370168.2686536,-2.8447632422993725
3,1649370753.304616,-2.8447632422993725
4,1649371351.301401,-2.8447632422993725
5,1649371351.391464,-2.8447632422993725
6,1649371953.3023565,-2.8447632422993725
