,time,value
0,1649347365.457831,0.0334279348302552
1,1649348554.7603333,0.0334279348302552
2,1649349765.0898385,0.0334279348302552
3,1649359320.1411622,0.0334279348302552
4,1649360217.1374154,0.0334279348302552
5,1649360217.2446654,0.0334279348302552
