,time,value
0,1649361994.6520643,-2.8447632422993725
1,1649362732.85831,-2.8447632422993725
2,1649371953.3886006,-2.8447632422993725
3,1649373161.493868,0.0780632027652199
4,1649373161.7194707,0.0780632027652199
5,1649373161.7708058,-2.8447632422993725
6,1649373761.3553827,-2.8447632422993725
