,time,value
0,1649361994.6522503,-2.8447632422993725
1,1649362732.8584156,-2.8447632422993725
2,1649371953.3886817,-2.8447632422993725
3,1649373161.4939501,0.2591032781466755
4,1649373161.7195983,0.2591032781466755
5,1649373161.7708879,-2.8447632422993725
6,1649373761.3554647,-2.8447632422993725
