,time,value
0,1649355396.9714494,-2.8447632422993725
1,1649356016.7652316,-2.8447632422993725
2,1649356674.7596042,-2.8447632422993725
