,time,value
0,1648761785.5639825,2.8447632422993725
1,1648849984.3534758,2.8447632422993725
