,time,value
0,1649357297.2611074,-0.07806320276521998
1,1649357721.565623,2.8447632422993725
2,1649366560.7726157,2.8447632422993725
3,1649367163.7581322,2.8447632422993725
4,1649368361.985893,2.8447632422993725
5,1649368953.9058533,2.8447632422993725
6,1649439158.233849,-0.07806320276521998
