,time,value
0,1648766852.5073159,2.8447632422993725
1,1648854493.8611643,2.8447632422993725
