,time,value
0,1648764170.5637193,2.8447632422993725
1,1648851814.757548,0.1116371545069448
