,time,value
0,1649350983.8133514,-0.03342793483025524
1,1649351563.3375237,-0.03342793483025524
2,1649360578.5552735,-0.03342793483025524
3,1649361994.8786936,-0.03342793483025524
4,1649362732.918456,-2.8447632422993725
5,1649433769.6453226,-2.8447632422993725
