,time,value
0,1649346759.1370149,0.011140800566449836
1,1649347963.0324113,-2.8447632422993725
2,1649349164.7073424,0.011140800566449836
3,1649358570.5242848,0.011140800566449836
4,1649359320.0058012,-2.8447632422993725
5,1649359320.2314308,0.011140800566449836
6,1649360216.9948409,0.011140800566449836
