,time,value
0,1649347365.4578307,0.03342793483025524
1,1649348554.7603333,0.03342793483025524
2,1649349765.0898383,0.03342793483025524
3,1649359320.1411622,0.03342793483025524
4,1649360217.1374154,0.03342793483025524
5,1649360217.2446654,0.03342793483025524
