,time,value
0,1649352764.5839925,2.8447632422993725
1,1649355397.1527762,2.8447632422993725
2,1649364334.8719969,0.8025718880593097
3,1649364859.3933527,-0.0445770393033232
4,1649365418.1926377,2.8447632422993725
5,1649365418.451401,2.8447632422993725
6,1649365956.4571264,2.8447632422993725
