,time,value
0,1648757323.9508793,-2.8447632422993725
1,1648825382.8875659,-2.8447632422993725
2,1648844881.5760975,-2.8447632422993725
