,time,value
0,1649350364.5274994,2.8447632422993725
1,1649351563.39682,2.8447632422993725
2,1649352173.7949371,2.8447632422993725
3,1649361995.0285368,2.8447632422993725
4,1649362733.066921,1.8339146358159144
5,1649363469.3228965,-0.1453374542411728
6,1649363469.9206913,2.8447632422993725
7,1649363470.1805942,-0.1453374542411728
