,time,value
0,1648822965.77765,-2.8447632422993725
1,1648841591.7859716,-2.8447632422993725
