,time,value
0,1648760979.1785297,2.8447632422993725
1,1648849118.179499,0.0668932751937093
