,time,value
0,1649347364.7637396,-2.8447632422993725
1,1649347963.1059377,-2.8447632422993725
