,time,value
0,1648765687.825854,-2.8447632422993725
1,1648853309.1315076,0.1004337205114699
