,time,value
0,1648761785.5637531,2.8447632422993725
1,1648849984.353132,2.8447632422993725
