,time,value
0,1649357297.2612193,0.0557316877429798
1,1649357721.5657034,2.8447632422993725
