,time,value
0,1648757323.950879,-2.8447632422993725
1,1648825382.887566,-2.8447632422993725
2,1648844881.5760975,-2.8447632422993725
