,time,value
0,1649346759.1370149,0.0111408005664498
1,1649347963.032411,-2.8447632422993725
2,1649349164.7073424,0.0111408005664498
3,1649358570.5242848,0.0111408005664498
4,1649359320.0058012,-2.8447632422993725
5,1649359320.2314308,0.0111408005664498
6,1649360216.9948409,0.0111408005664498
