,time,value
0,1650896409.1500254,0.1559303886383702
1,1650902228.4528823,0.1559303886383702
2,1650908001.3299615,1.7645430112300002
3,1650913733.091513,0.4345791841616352
4,1650919449.6636534,0.013926346453608953
