,time,value
0,1650896408.8902712,0.1556634105026511
1,1650902227.9388757,0.1556634105026511
