,time,value
0,1650657648.6405408,0.0
1,1650677534.2674587,0.061314566498539856
