,time,value
0,1651502015.9008472,2.0893536025342185
1,1651504337.8690426,-1.751268999169791
2,1651506783.5536432,-1.1712389148292341
3,1651509199.9310515,2.3735209629442977
4,1651511597.5317233,-1.2970314413837667
5,1651514002.6931596,-0.5587612951662865
6,1651516362.547731,-1.38283346695686
7,1651518749.8403502,1.755992577018411
8,1651521148.0186324,2.1543271425176966
9,1651523595.139433,2.2443882937552853
