,time,value
0,1650657648.6113577,0.0
1,1650677534.2423286,0.0613145664985398
