,time,value
0,1650677532.2124739,0.07435289448271981
