,time,value
0,1650677532.2061582,0.0613145664985398
