,time,value
0,1650896408.920871,0.1550530762339589
