,time,value
0,1650677532.306578,0.0613145664985398
