,time,value
0,1651084814.197481,-0.5263162866690575
1,1651085978.5531292,-2.188360358547361
2,1651086919.6616218,-1.748795064845185
3,1651087235.8579526,-0.3501650365571518
4,1651087513.3690045,-0.6785522152439152
5,1651087779.3047218,2.567245547489453
6,1651088109.0843058,0.1116596539438957
7,1651088435.5419898,0.1556634105026511
8,1651108697.7919424,0.0613145664985398
