,time,value
0,1650657648.6137376,0.0
1,1650677534.2442636,0.0585220846056623
