,time,value
0,1651084814.1878786,-0.4038584250386537
1,1651085978.537965,-2.041720057519389
2,1651086919.6531863,-1.2439915367048184
3,1651087235.8498154,-0.3647329008803286
4,1651087513.3605173,-0.4007329475243904
5,1651087779.2964396,2.327927293721684
