,time,value
0,1651244218.3281765,0.2679274766122433
1,1651244529.7673817,1.0590521652685423
2,1651244820.740182,-1.0006804583860285
3,1651245125.3864925,-0.0798230410577053
4,1651245425.3433886,0.1481997518187899
5,1651245727.8209865,0.2190805193003467
6,1651246021.5158226,1.6523107706021545
7,1651246329.5189316,-0.023775408540725
8,1651246616.9114242,1.6596326275513416
9,1651247520.087128,-0.0892135025502195
10,1651247824.026832,0.1481997518187899
11,1651248152.8284078,-1.8235692993659516
