,time,value
0,1650896409.1534023,0.1550530762339589
1,1650902228.4582703,0.1550530762339589
2,1650908001.3470123,2.4261017740580777
3,1650913733.0948489,0.9883234574708896
4,1650919449.6697862,0.1313331508514007
