,time,value
0,1650896408.9512668,0.1559303886383702
1,1650902227.9962425,0.1559303886383702
2,1650907991.7911928,2.3279272937216837
3,1650913715.2857664,0.39508439420132285
4,1650919437.3345175,-0.13411446533179575
