,time,value
0,1651084857.592399,-0.7833808674020937
1,1651086002.5882647,-1.994120889166806
2,1651086946.7386496,-1.128477539501242
3,1651087267.1468751,-0.4968109070043826
4,1651087536.6862319,-0.22761796865991382
5,1651087797.5944903,1.7974650497146294
6,1651088135.119466,0.0362152109485223
7,1651088525.9165673,0.15615847838128863
