,time,value
0,1650657648.5818963,0.0
1,1650677534.219091,0.0557316877429798
