,time,value
0,1650677532.2495975,0.0613145664985398
