,time,value
0,1650677532.2337549,0.0724879896604672
