,time,value
0,1650896409.1060987,0.1556634105026511
1,1650902228.392921,0.1556634105026511
2,1650907942.1539614,2.8447632422993725
3,1650913644.63298,1.0659589080951724
4,1650919370.1708457,-0.13411446533179575
