,time,value
0,1651761231.1433864,-1.4514066228072915
1,1651763589.317499,-1.3902781030993898
2,1651766080.712534,0.09382527600042749
3,1651768516.9678783,-0.1273783163677304
4,1651770803.400407,1.1890704833500463
5,1651773269.285901,-1.4201790692709682
6,1651775634.7056658,-1.0036329724426836
7,1651778053.5813937,-1.3677373262305534
8,1651780449.9894068,1.0399530449118322
9,1651782790.3633492,1.7260768941081046
