,time,value
0,1650896409.079812,0.15342649872206354
1,1650902228.372419,0.15342649872206354
2,1650907875.1864958,2.8447632422993725
3,1650913556.687993,2.4261017740580777
