,time,value
0,1650657648.6762009,0.0
1,1650677534.3009498,0.061314566498539856
