,time,value
0,1650657648.6650658,0.0
1,1650677534.286115,0.05573342249574802
