,time,value
0,1650657648.5549495,0.0
1,1650677534.2058716,0.06410948552614852
