,time,value
0,1650896408.915341,0.1563633272595131
1,1650902227.9638965,0.1563633272595131
2,1650907942.1410549,1.6312633922683712
3,1650913644.6163378,0.0613145664985398
4,1650919370.1564114,-0.1934347611620175
