,time,value
0,1650896409.1442938,0.1546934773295407
1,1650902228.4437456,0.1546934773295407
2,1650907991.803518,2.4261017740580777
3,1650913715.3272254,0.5604242878757835
