,time,value
0,1650896409.1656623,0.1553713092773898
1,1650902228.477672,0.1553713092773898
