,time,value
0,1650896409.1383228,0.15615847838128863
1,1650902228.43399,0.15615847838128863
