,time,value
0,1650657648.669381,0.0
1,1650677534.2911472,0.0613145664985398
