,time,value
0,1650657648.644926,0.0
1,1650677534.2717743,0.0529447603858338
