,time,value
0,1650677532.2603965,0.0473657014132373
