,time,value
0,1651156648.3650463,0.15505307623395898
1,1651159051.485371,1.5138951997347545
2,1651161477.081695,-1.333896044317638
3,1651163842.6511362,-0.13413751693625456
4,1651166248.1688454,-0.13413751693625456
5,1651168657.4451642,-0.04457842529497035
6,1651171033.455671,2.4261017740580777
7,1651173426.3708239,-0.13413751693625456
8,1651175832.0849376,0.15505307623395898
