,time,value
0,1650896409.150673,0.1553713092773898
1,1650902228.4540386,0.1553713092773898
2,1650908001.3309968,2.752257344029406
3,1650913733.092175,2.4276917247423553
4,1650919449.66469,-0.7199549532855481
