,time,value
0,1650896409.0978642,-0.3781382731899665
1,1650902228.3865726,0.3239157188311884
2,1650907932.8497198,2.075222248634787
3,1650913632.0407603,1.0139525288806186
4,1650919351.5711846,0.3765579695595021
