,time,value
0,1650896409.1041522,0.1556634105026511
1,1650902228.3916337,0.1556634105026511
2,1650907942.150309,2.3694919645725676
3,1650913644.6304846,0.45038556528374996
4,1650919370.168361,-0.022282984115086793
