,time,value
0,1650677532.2303278,0.0613145664985398
