,time,value
0,1650657648.643992,0.0
1,1650677534.2711895,0.061314566498539856
