,time,value
0,1650677532.2686205,0.061314566498539856
