,time,value
0,1651084771.9712,-0.7288504928035004
1,1651085956.2910614,-1.8973801936193575
2,1651086898.3437397,-1.7105105307719444
3,1651087208.270063,-0.22779030638123757
4,1651087487.4011948,-0.5338087370447099
5,1651087760.0107605,2.3949668979635588
6,1651088080.93419,-0.03900387305843642
7,1651088412.924011,0.15505307623395898
8,1651088688.663266,0.4667731087363713
9,1651108657.0149899,0.06410948552614852
