,time,value
0,1651156632.3438163,0.1559303886383702
1,1651159033.165241,2.1883603585473597
2,1651161454.447419,-0.43780795058945515
3,1651163829.7083683,-0.13411446533179575
4,1651166229.6096184,-0.13411446533179575
5,1651168631.6928,-0.25638966707476935
6,1651170979.2108827,2.3279272937216837
7,1651173384.3089013,0.30854917157536393
8,1651175782.948998,-1.777077098777975
