,time,value
0,1650677532.1972246,0.0613145664985398
