,time,value
0,1651084786.697598,-0.5266956680474267
1,1651085964.0501823,-2.053748910631822
2,1651086905.3766563,-1.7105105307719444
3,1651087218.150117,-0.3176810028527788
4,1651087495.2039587,-0.6544882327169081
5,1651087767.104823,2.111657439821045
6,1651088091.2814362,-0.0267462235819939
7,1651088420.2540789,-0.0362405355189565
8,1651088697.892125,0.5959682408288942
