,time,value
0,1651156632.3450966,0.1559303886383702
1,1651159033.1675506,-0.13411446533179575
2,1651161454.4488325,-1.7665511013450323
3,1651163829.7097492,-0.13411446533179575
