,time,value
0,1650896408.9234755,0.15505307623395898
1,1650902227.97072,0.15505307623395898
2,1650907951.8035476,2.752257344029406
