,time,value
0,1650677532.2630875,0.0818079016314544
