,time,value
0,1651156632.342899,0.713469054464235
1,1651159033.164091,0.7302773240595273
2,1651161454.4460654,0.10045405015473777
3,1651163829.7070756,0.15672373533921619
4,1651166229.6062906,0.15672373533921619
5,1651168631.6916785,-0.5823563037424655
6,1651170979.2087328,2.3540719830588706
7,1651173384.3066947,0.3776997873337317
8,1651175782.9478862,-1.2089900535709213
9,1651178199.7798588,1.048393597918362
10,1651195070.4971235,0.044937543014555124
