,time,value
0,1650677532.310824,0.0641094855261485
