,time,value
0,1650657648.6479928,0.0
1,1650677534.273091,0.0613145664985398
