,time,value
0,1650677532.298978,0.055733422495748
