,time,value
0,1650896409.1715336,0.1550530762339589
1,1650902228.486662,0.1550530762339589
