,time,value
0,1650677532.2353046,0.0641094855261485
