,time,value
0,1650896409.1414597,0.1553713092773898
1,1650902228.4386048,0.1553713092773898
2,1650907991.800578,2.3484445862387835
3,1650913715.3183148,0.5103974122698413
4,1650919437.3449605,-0.2593240074254346
