,time,value
0,1650677532.2438002,0.06689988238883098
