,time,value
0,1650677532.2620847,0.0473657014132373
