,time,value
0,1650677532.267728,0.0613145664985398
