,time,value
0,1650657648.6703928,0.0
1,1650677534.2925842,0.0585220846056623
