,time,value
0,1650896409.16099,0.1550530762339589
1,1650902228.4699576,0.1550530762339589
