,time,value
0,1650896408.9387,-0.14544747190105428
1,1650902227.9858649,-0.14544747190105428
2,1650907967.2882922,2.4261017740580777
3,1650913667.6845016,0.7363570730961736
4,1650919406.4546192,0.10604947097264568
