,time,value
0,1650657648.614912,0.0
1,1650677534.2451754,0.07527838652314948
