,time,value
0,1650657648.5586085,0.0
1,1650677534.2073333,0.061314566498539856
