,time,value
0,1650657648.5875611,0.0
1,1650677534.223934,0.06410948552614852
