,time,value
0,1650896408.9736652,0.15636332725951319
1,1650902228.014741,0.15636332725951319
