,time,value
0,1651086959.6521654,-0.483204514332291
1,1651087289.0772643,-0.28277997619807965
2,1651087549.863596,-0.5024283826374285
3,1651087807.8862872,2.086626787436779
4,1651088149.564754,-0.07527838652314948
5,1651088537.3465695,0.15388820821989085
