,time,value
0,1650657648.6744943,0.0
1,1650677534.2985892,0.061314566498539856
