,time,value
0,1650677532.2981791,0.0668998823888309
