,time,value
0,1650677532.2628202,0.0473657014132373
