,time,value
0,1651156671.3617585,0.15388820821989085
1,1651159069.1895125,1.8339146358159142
2,1651161499.3723524,-1.1373290207822013
3,1651163856.6730962,-0.13416631078986113
4,1651166268.159452,-0.13416631078986113
5,1651168682.7353277,-1.9697436992405253
6,1651171051.176351,2.4802588713350757
7,1651173443.1155677,0.3445267440973417
8,1651175857.0937128,-0.10972923234737238
9,1651178243.3031032,0.661030735248786
