,time,value
0,1650896409.1090665,-0.145962482727922
1,1650902228.3954031,-0.145962482727922
2,1650907951.8119986,2.4261017740580777
3,1650913654.9868054,0.4501346316948835
4,1650919392.7229729,-0.2940824954919551
