,time,value
0,1650677532.2979054,0.0613145664985398
