,time,value
0,1650677532.1952572,0.061314566498539856
