,time,value
0,1651084827.9709675,-0.3322263734348991
1,1651085986.718744,-2.1342259557893617
2,1651086929.6117983,-0.6147728391486587
3,1651087248.0672092,-0.0222829841150867
4,1651087520.5203445,-0.459254958949101
5,1651087785.7355,2.4261017740580777
6,1651088116.4884772,-0.1764483145231476
7,1651088450.6592555,-2.1556486441957885
8,1651108731.7742033,0.0613145664985398
