,time,value
0,1650896408.9599843,0.1556634105026511
1,1650902228.0032227,0.1556634105026511
2,1650908001.2999494,1.797267838008797
3,1650913733.0787585,0.6466022923654471
4,1650919449.6438737,0.050156098275919644
