,time,value
0,1651084786.6991649,-0.7243644455701128
1,1651085964.05188,-1.5346154282146434
2,1651086905.3780785,-1.8772378009705526
3,1651087218.1515226,-0.09764581386833063
4,1651087495.2054262,-0.8482400927849586
5,1651087767.106221,1.5066613070542303
6,1651088091.2828531,-0.3682899504064384
7,1651088420.2555072,-1.5180880315661165
8,1651088697.8935683,1.1841150812977823
