,time,value
0,1650896408.9141102,-2.1883603585473606
1,1650902227.9626195,0.1556634105026511
2,1650907942.1397483,1.951492736388351
3,1650913644.6149542,0.35016503655715187
4,1650919370.1553411,0.31175295643056805
