,time,value
0,1650896408.9369776,0.1553713092773898
1,1650902227.984582,-0.13408756399198804
2,1650907967.2859395,1.797267838008797
