,time,value
0,1651502015.7940595,0.1475860011494594
1,1651504337.8635423,-0.1460173118997454
2,1651506783.5505664,-1.2071479068304225
3,1651509199.8716412,2.655286632563371
4,1651511597.529284,-0.6134660589759089
5,1651514002.6887016,-0.1323730541064985
6,1651516362.5431516,-0.1052148315257451
7,1651518749.8379028,0.1475860011494594
8,1651521148.011868,0.1475860011494594
9,1651523595.1369398,2.208714399772658
