,time,value
0,1650677532.1956255,0.061314566498539856
