,time,value
0,1650657648.6140735,0.0
1,1650677534.2444658,0.0641094855261485
