,time,value
0,1650677532.2678237,0.07807924502201828
