,time,value
0,1650657648.6063547,0.0
1,1650677534.2370915,0.07528884815933573
