,time,value
0,1650896409.1159956,0.1538882082198908
1,1650902228.4011412,0.1538882082198908
