,time,value
0,1650896408.903158,0.15505307623395898
1,1650902227.950781,0.15505307623395898
2,1650907932.8288329,1.951492736388351
3,1650913632.0247433,1.0116055585053947
4,1650919351.538693,-0.022282984115086793
