,time,value
0,1650896409.1024318,0.1565458146101102
1,1650902228.3904636,0.1565458146101102
2,1650907942.147222,1.5328242417999614
