,time,value
0,1650657648.5651314,0.0
1,1650677534.210058,0.0696975927977846
