,time,value
0,1650896408.9454045,0.5308553680481509
1,1650902227.9912157,0.5308553680481509
2,1650907980.109817,2.4726197149737787
3,1650913682.7843826,0.6435997435844845
