,time,value
0,1650657648.5903964,0.0
1,1650677534.22592,0.0696902792515131
