,time,value
0,1651847667.6976836,1.9003085388439476
1,1651850093.0921202,0.6453785375383844
2,1651852501.2169957,-1.111692814001871
3,1651854938.7411914,2.051184193696083
4,1651857320.574855,-0.048047066699555
5,1651859673.743668,-1.7024835749677592
6,1651862116.994531,-0.4354732824260087
7,1651864507.9897025,-1.5350616834282769
8,1651866865.9344144,2.4747396492194813
9,1651869310.5882378,-0.7425110195522766
10,1651871689.429809,0.063512105099732
11,1651874051.3434043,0.0748959050242583
