,time,value
0,1651084756.4382567,-0.6792786337616549
1,1651085948.9460769,0.1631061967997485
2,1651086891.2754755,-1.8443157624859232
3,1651087198.503148,-0.5138696063897618
4,1651087476.7069876,-0.9453038329170173
5,1651087752.614979,2.3949668979635588
