,time,value
0,1651084771.9749465,-0.7967928095032346
1,1651085956.297392,-1.7719901163236365
2,1651086898.3469677,-1.0355665728174868
3,1651087208.2732673,-0.39453653224136287
4,1651087487.4043992,-0.2822748833976412
5,1651087760.0143793,1.624558854901618
6,1651088080.9373972,0.06968575708658707
7,1651088412.9272583,0.16434818215064362
8,1651088688.6709461,1.0165535701145918
