,time,value
0,1650896408.987157,0.1553713092773898
1,1650902228.0254648,0.1553713092773898
