,time,value
0,1651156648.3737323,-1.82399066320239
1,1651159051.5209658,-0.1341144653317957
2,1651161477.0961626,-1.7974650497146287
