,time,value
0,1650657648.5725622,0.0
1,1650677534.212933,0.0613145664985398
