,time,value
0,1650677532.2591896,0.0669020847872046
