,time,value
0,1650896409.138934,0.15654581461011022
1,1650902228.4347296,0.15654581461011022
2,1650907991.7988188,1.6132185913490393
3,1650913715.3077698,1.4869778520190362
4,1650919437.342122,-0.2304707111894558
