,time,value
0,1650657648.605147,0.0
1,1650677534.2361355,0.0641094855261485
