,time,value
0,1650896408.919232,0.1550530762339589
1,1650902227.9665694,0.1550530762339589
2,1650907942.1439352,2.8447632422993725
