,time,value
0,1650657648.6610441,0.0
1,1650677534.2841492,0.061314566498539856
