,time,value
0,1650677532.2579775,0.0585220846056623
