,time,value
0,1650896408.9154882,0.1565458146101102
1,1650902227.9640243,0.1565458146101102
