,time,value
0,1650896409.0931034,-1.6605953755434204
1,1650902228.3829226,0.1556634105026511
2,1650907932.8410685,2.752257344029406
3,1650913632.0354424,0.3859998472439512
4,1650919351.5643342,-0.0111408005664496
