,time,value
0,1651156671.3517,-0.3454403182788592
1,1651159069.174282,-0.13411446533179575
2,1651161499.3645816,-0.5605190597753118
3,1651163856.6650693,-0.13411446533179575
4,1651166268.1454003,-0.13411446533179575
5,1651168682.718159,0.14536659188032963
6,1651171051.1665769,1.1118160984999752
7,1651173443.106834,-0.13411446533179575
8,1651175857.080387,0.15615847838128863
9,1651178243.295478,1.4654474752511815
10,1651195140.8703265,0.050156098275919644
