,time,value
0,1650657648.644926,0.0
1,1650677534.2717745,0.052944760385833824
