,time,value
0,1650657648.6459734,0.0
1,1650677534.272266,0.0669071959351023
