,time,value
0,1650896408.8911953,-0.7433875470221089
1,1650902227.940119,0.15654581461011022
2,1650907918.5645206,1.5973522018981774
3,1650913603.8325717,-0.3616770117609371
4,1650919332.5965354,-0.011140800566449697
