,time,value
0,1650896408.9587452,0.1546934773295407
1,1650902228.0021374,0.1546934773295407
