,time,value
0,1650896409.16941,0.1550530762339589
1,1650902228.483425,0.1550530762339589
