,time,value
0,1650896408.933905,0.1640469606443422
1,1650902227.9822454,0.1565458146101102
2,1650907967.2818897,1.4740738022149438
3,1650913667.678977,-0.4651707538818407
