,time,value
0,1650677532.280754,0.0613145664985398
