,time,value
0,1651084814.2036827,-0.6526890146224253
1,1651085978.5589445,-2.053748910631822
