,time,value
0,1650657648.671316,0.0
1,1650677534.2943432,0.0529447603858338
