,time,value
0,1650677532.2444234,0.061314566498539856
