,time,value
0,1650896408.9621468,0.15615847838128863
1,1650902228.0057034,0.15615847838128863
2,1650908001.302829,1.6795174236055948
3,1650913733.08051,0.26792747661224336
4,1650919449.6477175,0.03064169715146296
