,time,value
0,1650677532.293402,0.0641094855261485
