,time,value
0,1650657648.6429806,0.0
1,1650677534.2706127,0.07527838652314948
