,time,value
0,1650896408.924951,0.1559303886383702
1,1650902227.9725883,0.1559303886383702
2,1650907951.8057263,2.567245547489453
