,time,value
0,1650896409.1040058,0.1559303886383702
1,1650902228.39155,0.1004337205114699
