,time,value
0,1651761231.1455767,-0.1455430385328343
1,1651763589.321838,-1.3615709340755842
2,1651766080.7192776,-0.29057349352044914
3,1651768516.9744036,-0.4917024096505914
4,1651770803.4037716,2.4539603231106786
5,1651773269.292644,-0.179571357397992
6,1651775634.7127736,-2.0979101284400374
7,1651778053.5851898,-0.1006273546697678
8,1651780449.9982054,2.2738979161940196
9,1651782790.4286532,0.43626629996579047
