,time,value
0,1650896408.9814024,0.1559303886383702
1,1650902228.0214434,0.1559303886383702
