,time,value
0,1651084786.6911242,-0.4600379834218175
1,1651085964.043451,-2.1342259557893617
2,1651086905.370811,-1.224308488371537
3,1651087218.144966,-0.0976458138683306
4,1651087495.1981747,-0.4476364878635057
5,1651087767.0591602,2.567245547489453
6,1651088091.2741983,0.0278564979121458
7,1651088420.2486904,0.1550530762339589
8,1651088697.8864255,0.6725714603566355
9,1651108697.7601323,0.0641094855261485
