,time,value
0,1650896408.9780686,0.1550530762339589
1,1650902228.0193791,0.1550530762339589
