,time,value
0,1650677532.2628202,0.04736570141323737
