,time,value
0,1650896408.8988016,0.1550530762339589
