,time,value
0,1651084827.9709675,-0.33222637343489914
1,1651085986.718744,-2.1342259557893617
2,1651086929.6117983,-0.6147728391486587
3,1651087248.0672092,-0.022282984115086793
4,1651087520.5203445,-0.45925495894910107
5,1651087785.7354999,2.4261017740580777
6,1651088116.4884772,-0.1764483145231476
7,1651088450.6592555,-2.1556486441957885
8,1651108731.7742033,0.061314566498539856
