,time,value
0,1651084800.7075331,-0.5374197961490623
1,1651085971.130553,-2.053748910631822
2,1651086912.2189243,-1.8135990258221584
3,1651087228.2380166,-0.3866212484928566
4,1651087505.0739455,-0.6634302012804626
5,1651087773.1392715,2.4276917247423557
6,1651088100.603172,0.1651750194490736
7,1651088427.3102736,-0.1453773142534294
8,1651108697.7847085,0.2840358138541938
