,time,value
0,1650896409.1159065,0.1538882082198908
1,1650902228.4010754,0.1538882082198908
