,time,value
0,1651084756.43182,-0.3769591975490496
1,1651085948.9375954,-2.2515024935487093
2,1651086891.270087,-1.3557092646752862
3,1651087198.4848175,-0.3204622870172076
4,1651087476.702121,-0.6290123952052011
5,1651087752.6094806,2.4261017740580777
6,1651088069.251022,0.1116596539438957
7,1651088404.8667984,0.1559303886383702
8,1651088676.7321332,0.4908964506228422
