,time,value
0,1650896408.9780686,0.15505307623395898
1,1650902228.0193791,0.15505307623395898
