,time,value
0,1650657648.6308677,0.0
1,1650677534.2578557,0.05852208460566235
