,time,value
0,1650896409.1159956,0.15388820821989085
1,1650902228.4011412,0.15388820821989085
