,time,value
0,1650896408.9717479,0.1546934773295407
1,1650902228.0131848,0.1546934773295407
