,time,value
0,1650677532.2444234,0.0613145664985398
