,time,value
0,1650677532.2976246,0.0473657014132373
