,time,value
0,1650896408.916567,0.1559303886383702
1,1650902227.9647188,0.1559303886383702
