,time,value
0,1650677532.2601967,0.0669020847872046
