,time,value
0,1650896408.9596891,-1.731772962574481
