,time,value
0,1650896409.1403341,0.15505307623395898
