,time,value
0,1650677532.2565343,0.05573342249574802
