,time,value
0,1651084771.9773238,-0.22754779080758286
1,1651085956.302096,-2.011654153964256
2,1651086898.349089,-1.4841174003594797
3,1651087208.2753692,-0.2018934791418509
4,1651087487.406962,-0.4491363034394247
5,1651087760.0165448,2.4747396492194813
6,1651088080.9395144,-0.05573168774297976
7,1651088412.9299664,0.15707646316086807
8,1651088688.675707,0.24759931026108395
9,1651108657.075588,0.23068623865628426
