,time,value
0,1650677532.198599,0.0362152109485223
