,time,value
0,1650657648.580135,0.0
1,1650677534.2178109,0.0641094855261485
