,time,value
0,1650896409.101205,0.15388820821989085
1,1650902228.3892915,0.15388820821989085
2,1650907942.1455483,2.8447632422993725
3,1650913644.6243358,0.7462525155448119
