,time,value
0,1651084842.3226957,-0.23906982307020858
1,1651085994.0879476,-1.947072964689681
2,1651086937.8905823,-1.1012959051125446
3,1651087258.242903,-0.26499313626157833
4,1651087528.4197018,-0.44956780251228157
5,1651087791.8928165,2.4261017740580777
6,1651088125.9793828,0.2881549366038248
7,1651088483.0302374,-2.2515024935487093
