,time,value
0,1651674799.8141606,-1.4185817882559406
1,1651677159.9277673,-0.0647087557375035
2,1651679554.6169171,1.261655585264161
3,1651681969.3379142,0.7373665260372578
4,1651684361.345719,1.1148725701179063
5,1651686752.2279704,-0.5718358523061474
6,1651689176.3998818,-1.693589094086611
7,1651691553.8003714,0.1471833061354047
8,1651693951.6289144,0.1471833061354047
9,1651696356.4609306,-0.7236483862239218
