,time,value
0,1651084771.975955,-0.6729202569807805
1,1651085956.3001285,-1.994120889166806
2,1651086898.3480096,-1.3226487442906472
3,1651087208.2743294,-0.3261910845768146
4,1651087487.4059384,-0.6043401765619002
5,1651087760.0154383,2.327927293721684
6,1651088080.9384444,0.055733422495748
7,1651088412.9283135,-2.201232841668488
8,1651088688.6736996,0.7718219158702736
