,time,value
0,1651156671.3517,-0.3454403182788592
1,1651159069.174282,-0.1341144653317957
2,1651161499.3645816,-0.5605190597753118
3,1651163856.665069,-0.1341144653317957
4,1651166268.1454003,-0.1341144653317957
5,1651168682.718159,0.1453665918803296
6,1651171051.1665769,1.1118160984999752
7,1651173443.106834,-0.1341144653317957
8,1651175857.080387,0.1561584783812886
9,1651178243.295478,1.4654474752511817
10,1651195140.8703265,0.0501560982759196
