,time,value
0,1650677532.289361,0.0641094855261485
