,time,value
0,1650896408.9332175,0.1556634105026511
1,1650902227.9816358,0.1556634105026511
