,time,value
0,1650896408.986294,-0.465031204476266
1,1650902228.024729,0.1550530762339589
