,time,value
0,1650657648.591847,0.0
1,1650677534.227007,0.0613145664985398
