,time,value
0,1650677532.2147336,0.07527838652314948
