,time,value
0,1650677532.2809215,0.04736570141323737
