,time,value
0,1650896409.0909023,0.1559303886383702
1,1650902228.3811927,0.1559303886383702
