,time,value
0,1650657648.6733742,0.0
1,1650677534.2969944,0.061314566498539856
