,time,value
0,1651084842.3193266,-0.2621253131993086
1,1651085994.08544,-2.188360358547361
2,1651086937.8880634,-1.0594122076625891
3,1651087258.240398,-0.419156514989049
4,1651087528.4172318,-0.3528398731943821
5,1651087791.8903067,1.904444811911226
6,1651088125.976637,-0.0362152109485223
7,1651088482.9121776,0.1561584783812886
8,1651108731.761014,0.055733422495748
