,time,value
0,1650896409.087755,0.1556634105026511
