,time,value
0,1650896408.9500344,0.1556634105026511
1,1650902227.9947126,0.1556634105026511
2,1650907991.7896757,2.752257344029406
