,time,value
0,1650896408.9378402,-1.904444811911226
1,1650902227.985211,0.1563633272595131
2,1650907967.2870767,1.7719901163236365
3,1650913667.683422,-0.3350483502900667
4,1650919406.453982,0.0445784252949703
