,time,value
0,1650896408.8956048,0.0485371778393202
