,time,value
0,1651084756.4394467,-0.5927824847280981
1,1651085948.9469676,-1.1555662668967563
2,1651086891.276335,-1.5547735945968528
3,1651087198.5167017,-0.293828587844694
4,1651087476.7078476,-0.670997342904572
5,1651087752.6158895,2.2865479513109825
6,1651088069.257315,0.134087563991988
7,1651088404.8785942,0.1004337205114699
8,1651088676.7384264,0.787291727668475
