,time,value
0,1650896408.915341,0.15636332725951319
1,1650902227.9638965,0.15636332725951319
2,1650907942.1410549,1.6312633922683712
3,1650913644.6163378,0.061314566498539856
4,1650919370.1564114,-0.19343476116201752
