,time,value
0,1650657648.5946467,0.0
1,1650677534.228253,0.0641094855261485
