,time,value
0,1650677532.2107592,0.06317552608372656
