,time,value
0,1650896408.9154882,0.15654581461011022
1,1650902227.9640245,0.15654581461011022
