,time,value
0,1650677532.2621737,0.06410948552614852
