,time,value
0,1650677532.213227,0.0613145664985398
