,time,value
0,1651084800.6926858,-0.531460397563316
1,1651085971.1126037,-0.7808905218132934
2,1651086912.2050102,-0.931578489206768
3,1651087228.2291095,-0.2104521138593895
4,1651087505.0641205,-0.29683581706882983
5,1651087773.1297283,1.7180206995052245
6,1651088100.5937467,0.05852208460566235
7,1651088427.296578,-2.3279272937216855
8,1651108697.7614121,0.04736570141323737
