,time,value
0,1650657648.6664495,0.0
1,1650677534.2879333,0.06410948552614852
