,time,value
0,1650896408.939471,0.1559303886383702
1,1650902227.9864397,0.1559303886383702
2,1650907967.2893832,2.567245547489453
3,1650913667.6850767,0.2076780560110657
4,1650919406.4557068,0.0752783865231494
