,time,value
0,1650896408.958928,-2.1342259557893617
1,1650902228.0022707,0.1559303886383702
2,1650907991.797779,2.473149698535204
3,1650913715.3059642,0.3589680576091478
4,1650919437.3403802,0.2334147056771286
