,time,value
0,1651502078.939189,2.8447632422993725
1,1651504372.3277016,-1.6780705182209084
2,1651506840.9799287,-1.612352324395362
3,1651509245.7741034,0.4734885929741956
4,1651511634.278952,-0.5559626629790217
5,1651514047.093835,-0.1758998663307777
6,1651516429.792757,-2.3938751029666627
7,1651518812.614586,2.8447632422993725
8,1651521226.1624565,1.725460899561607
