,time,value
0,1650657648.6084309,0.0
1,1650677534.238999,0.06410948552614852
