,time,value
0,1650896409.0837073,0.15388820821989085
