,time,value
0,1650677532.3140984,0.0641094855261485
