,time,value
0,1650657648.6153824,0.0
1,1650677534.2458885,0.0780792450220182
