,time,value
0,1650657648.5775783,0.0
1,1650677534.2156663,0.05852208460566235
