,time,value
0,1651084857.5816786,-0.1878203311563501
1,1651086002.5707269,-2.053748910631822
2,1651086946.7296326,-1.6274671281544155
3,1651087267.1375642,-0.15947646046634237
4,1651087536.6767185,-0.5138696063897618
5,1651087797.584299,2.3949668979635588
6,1651088135.1090283,-0.2105626464183553
7,1651088525.9022403,0.15505307623395898
