,time,value
0,1650896409.1081285,0.15505307623395898
1,1650902228.3944564,0.15505307623395898
2,1650907942.1571407,2.3949668979635588
3,1650913644.6361928,0.4416157826006648
4,1650919370.1738448,-0.07248067611419563
