,time,value
0,1650896408.981496,-0.1387097361280752
1,1650902228.021511,-0.14548849484647894
