,time,value
0,1650657648.5697148,0.0
1,1650677534.2118378,0.061314566498539856
