,time,value
0,1651084800.6932273,-0.3475910822174319
1,1651085971.1130912,-2.053748910631822
2,1651086912.2053263,-1.660191954933214
3,1651087228.2293048,-0.4386054299692444
4,1651087505.0643327,-0.4919124832996687
5,1651087773.1299264,2.4276917247423557
6,1651088100.5939438,0.0027852001416125
7,1651088427.296952,0.5644963282332944
8,1651108697.7616074,0.0669071959351023
