,time,value
0,1650896408.916469,0.1556634105026511
1,1650902227.96465,0.1556634105026511
2,1650907942.142028,2.8447632422993725
3,1650913644.6179044,1.0659589080951724
4,1650919370.157129,-0.1341144653317957
