,time,value
0,1650896409.1417477,0.1550530762339589
1,1650902228.4390135,0.1550530762339589
2,1650907991.800794,2.3949668979635588
3,1650913715.3187382,0.670057683191866
4,1650919437.3453927,-0.1623222769195313
