,time,value
0,1650677532.2128742,0.0780792450220182
