,time,value
0,1651084827.96064,-0.3096124522551111
1,1651085986.7080815,-2.317420354521006
2,1651086929.5553682,-1.803119495345194
3,1651087248.0586135,-0.1754960943954388
4,1651087520.5119798,-0.4540509473083687
5,1651087785.71855,2.4726197149737787
6,1651088116.4797091,0.0631755260837265
7,1651088450.6413648,0.5311456588023704
