,time,value
0,1651156671.2941208,-0.03686232491882564
1,1651159069.1365945,1.59321881802305
2,1651161499.3481596,-0.6027625453630568
3,1651163856.6471665,-0.13408756399198804
4,1651166268.114443,-0.13408756399198804
5,1651168682.6856294,-0.6027625453630568
6,1651171051.1242661,2.4747396492194813
7,1651173443.0869823,-0.13408756399198804
8,1651175857.058564,0.15707646316086807
9,1651178243.2778738,1.041210684968526
10,1651195140.8202584,0.055731687742979895
