,time,value
0,1650677532.2353046,0.06410948552614852
