,time,value
0,1650896409.123983,0.1553713092773898
1,1650902228.4136944,0.1553713092773898
2,1650907967.3003895,1.797267838008797
3,1650913667.6902704,0.6406169531764414
4,1650919406.4609838,-0.1707735130755428
