,time,value
0,1650677532.298978,0.05573342249574802
