,time,value
0,1651156632.338081,-1.1005073910122758
1,1651159033.160156,1.635550342020009
2,1651161454.4422865,-0.8316440473892243
3,1651163829.7032728,1.1639495821532648
4,1651166229.598673,1.1639495821532648
5,1651168631.6875937,-0.8995328020276638
6,1651170979.201306,2.8447632422993725
7,1651173384.2995558,0.6740422042238805
8,1651175782.9435115,-0.0758585121901906
9,1651178199.7722192,1.2027885898714812
