,time,value
0,1650677532.196859,0.0669071959351023
