,time,value
0,1650677532.2515845,0.03900248706678928
