,time,value
0,1651156632.246059,-1.908933283798318
1,1651159033.1766374,1.8973801936193586
2,1651161454.4617627,-1.3810875885830303
3,1651163829.775276,-0.13416631078986113
4,1651166229.6264045,-0.13416631078986113
5,1651168631.7035155,-0.6428614051758322
6,1651170979.2326946,2.8447632422993725
