,time,value
0,1651084857.5776303,-0.5901111895676326
1,1651086002.5635612,-0.766454681077827
2,1651086946.725633,-1.0549722427247432
3,1651087267.134135,-0.11724975687820571
4,1651087536.673271,-0.2019342409773981
5,1651087797.5801709,1.4297218172837052
6,1651088135.1051958,0.078065639899951
7,1651088525.8988326,-2.1844715286697305
