,time,value
0,1650896409.0871737,0.1556634105026511
1,1650902228.3785462,0.1556634105026511
