,time,value
0,1651084842.326623,-0.4962287580424809
1,1651085994.0914514,-1.5973522018981774
2,1651086937.8945723,-0.855386723459766
3,1651087258.2463806,-0.22473337825262413
4,1651087528.4231615,-0.30850273374578857
5,1651087791.896795,1.5973522018981774
6,1651088125.982846,0.04736570141323737
7,1651088483.0759437,0.1678940047881054
8,1651108731.7757785,0.04736570141323737
