,time,value
0,1650896408.9198554,0.1556634105026511
1,1650902227.967016,0.1556634105026511
2,1650907942.1443813,2.5672455474894535
3,1650913644.6222477,0.5166115474465293
4,1650919370.1620498,-0.5789281394190997
