,time,value
0,1650896409.1255589,0.15505307623395898
1,1650902228.4159293,0.15505307623395898
2,1650907967.3021631,2.5672455474894535
3,1650913667.6915116,0.6909739410905251
4,1650919406.4620423,-0.21345627324002364
