,time,value
0,1650677532.252605,0.06410948552614852
