,time,value
0,1651156671.33929,-1.0614320231920689
1,1651159069.1648047,1.904444811911226
2,1651161499.3600116,-1.3226487442906467
3,1651163856.6593752,0.1605143776118619
4,1651166268.1379988,0.1605143776118619
5,1651168682.7087371,0.1566371695056786
6,1651171051.158023,1.7390680778390075
7,1651173443.1006262,0.1605143776118619
8,1651175857.0751164,-0.3289119756657221
9,1651178243.2910058,1.2037173214291048
