,time,value
0,1650677532.2112198,0.04829525544987556
