,time,value
0,1650677532.2408156,0.06410948552614852
