,time,value
0,1650677532.192035,0.07807342363296287
