,time,value
0,1650657648.6482277,0.0
1,1650677534.2731578,0.06969759279778467
