,time,value
0,1651086959.772794,-1.4118396352939824
1,1651087289.0349953,-0.36473290088032867
2,1651087549.8403761,-0.5514944391728911
3,1651087807.8620698,2.4261017740580777
4,1651088149.5415878,-0.03342793483025524
5,1651088537.322941,0.15615847838128863
