,time,value
0,1650896408.9470026,0.1556634105026511
1,1650902227.992412,0.5894557978497786
2,1650907980.1120555,1.495523248961527
