,time,value
0,1650896408.9271574,0.1546934773295407
1,1650902227.973946,0.1546934773295407
2,1650907951.807883,2.3484445862387835
3,1650913654.984563,0.7437396679293375
