,time,value
0,1650896409.083707,0.1538882082198908
