,time,value
0,1650657648.6744945,0.0
1,1650677534.2985892,0.0613145664985398
