,time,value
0,1650896409.0827768,0.1553713092773898
1,1650902228.3751574,0.1553713092773898
