,time,value
0,1651156671.3647366,-2.1342259557893617
1,1651159069.1938136,0.8479268980595706
2,1651161499.3745463,-0.3260810662847931
3,1651163856.6756985,0.1522075471934369
4,1651166268.164894,0.1522075471934369
