,time,value
0,1650896409.1383228,0.1561584783812886
1,1650902228.43399,0.1561584783812886
