,time,value
0,1650677532.2685134,0.0641094855261485
