,time,value
0,1650677532.3191552,0.06410948552614852
