,time,value
0,1650657648.645632,0.0
1,1650677534.2720983,0.06410948552614852
