,time,value
0,1650657648.5851157,0.0
1,1650677534.2220488,0.06410948552614852
