,time,value
0,1650657648.6083395,0.0
1,1650677534.2389283,0.0613145664985398
