,time,value
0,1651084756.4339151,-0.3383223716390302
1,1651085948.9407735,-2.1556486441957885
2,1651086891.2722738,-1.3686133144793782
3,1651087198.4966435,-0.4976885789277978
4,1651087476.7037735,-0.4443356928304217
5,1651087752.61112,2.3484445862387835
6,1651088069.2532604,-0.2248772563175617
7,1651088404.8700037,0.1553713092773898
8,1651088676.7343488,0.7302773240595273
9,1651108657.0485003,0.0613145664985398
