,time,value
0,1651084827.9554558,-0.3563614518401794
1,1651085986.7020867,-2.053748910631822
2,1651086929.5510185,-1.784765108252511
3,1651087248.0543451,-0.0724806761141956
4,1651087520.5076263,-0.734686816344092
5,1651087785.69436,2.3949668979635588
6,1651088116.4753578,0.0250692217938786
7,1651088450.633315,0.1550530762339589
