,time,value
0,1650896409.1401346,0.15505307623395898
1,1650902228.436329,0.15505307623395898
2,1650907991.7996259,2.8447632422993725
3,1650913715.3150222,1.652000211318557
4,1650919437.343264,-0.4197878685699008
