,time,value
0,1650896409.0933237,0.1556634105026511
1,1650902228.3830538,0.1556634105026511
2,1650907932.8413455,2.567245547489453
3,1650913632.0355742,0.3740016114587304
4,1650919351.5645845,-0.4410598230148906
