,time,value
0,1651084827.9570456,-0.4803677170186348
1,1651085986.7034726,-2.192019357244882
2,1651086929.5523956,-0.8550449959273306
3,1651087248.055676,-0.3021761767674724
4,1651087520.5090532,-0.5669203467129402
5,1651087785.696758,1.9237151468585687
6,1651088116.4767642,-0.1454151843306379
7,1651088450.6356025,0.2245036803125234
