,time,value
0,1650677532.2438002,0.0668998823888309
