,time,value
0,1650677532.2447133,0.05852208460566235
