,time,value
0,1650677532.2680914,0.0585220846056623
