,time,value
0,1650657648.654493,0.0
1,1650677534.2773151,0.0641094855261485
