,time,value
0,1650677532.2172036,0.0473657014132373
