,time,value
0,1651156632.352673,-2.1556486441957885
1,1651159033.173963,1.4939116380615365
2,1651161454.457202,-0.5710746419738078
3,1651163829.770572,-0.1341663107898611
4,1651166229.622507,-0.1341663107898611
5,1651168631.7008514,-0.9160855585484
6,1651170979.2262115,2.8447632422993725
7,1651173384.3285017,-0.1341663107898611
8,1651175782.9573996,0.154305577347626
9,1651178199.8101192,1.241604730501619
10,1651195070.51364,0.0641094855261485
