,time,value
0,1651156632.2457,-1.8473113564329449
1,1651159033.1745672,1.2312029038900971
2,1651161454.4581094,-0.1623222769195313
3,1651163829.771764,2.3754278232499573
4,1651166229.623113,0.9674215661017016
5,1651168631.7014618,-0.0490786084582269
6,1651170979.2275808,2.434595791654176
7,1651173384.3299732,0.3643280602087546
8,1651175782.9580045,-0.0804771556282819
