,time,value
0,1650677532.201477,0.0752783865231494
