,time,value
0,1650657648.6032064,0.0
1,1650677534.235068,0.0669071959351023
