,time,value
0,1650677532.24287,0.0696975927977846
