,time,value
0,1651084827.9667335,-0.4670596255334173
1,1651085986.7145035,-2.213174543179363
2,1651086929.5604117,-1.3653502084542504
3,1651087248.0642138,-0.1792997511014951
4,1651087520.5170665,-0.5922381054325753
5,1651087785.7296665,2.5980808469127776
6,1651088116.484752,0.0
7,1651088450.6533031,0.5310952911363659
8,1651108731.7708662,0.06317552608372656
