,time,value
0,1650896409.1445832,0.1559303886383702
1,1650902228.4441674,0.1559303886383702
2,1650907991.8040605,1.6265252779275663
3,1650913715.3276396,0.7968432112719043
4,1650919437.348708,-0.11726137094163307
