,time,value
0,1651588434.2220166,0.37331829649570913
1,1651590819.9671907,0.37331829649570913
2,1651593237.2678945,-0.6671661267245734
3,1651595605.7735827,-1.823964162287559
4,1651597999.6304493,0.28841887603884286
5,1651600425.02699,2.243158184879547
6,1651602806.2471862,-1.9123484949250753
7,1651605187.4966753,1.6896050948233545
8,1651607612.1117165,-0.8812408795194214
9,1651610003.6621873,0.28841887603884286
