,time,value
0,1651156632.3450267,-0.1064757287596216
1,1651159033.1671622,1.5575241512773994
2,1651161454.448749,-0.6446902521236308
3,1651163829.7096665,-0.1341144653317957
4,1651166229.6115277,-0.1341144653317957
5,1651168631.6940954,0.1933635635062184
