,time,value
0,1651086959.5705078,-1.684725038097355
1,1651087289.0394564,-0.1991785761956848
2,1651087549.8428667,-0.7437396679293375
3,1651087807.8648162,2.4276917247423553
4,1651088149.5440547,-0.11165965394389556
5,1651088537.325471,0.1546934773295407
