,time,value
0,1650896409.120807,0.06410948552614852
1,1650902228.40884,-1.9697436992405253
2,1650907967.29591,2.8447632422993725
3,1650913667.6878626,0.7380694009141612
