,time,value
0,1651084772.0517433,-0.3763366085086757
1,1651085956.308863,-1.777077098777975
2,1651086898.353421,-0.417014327310669
3,1651087208.279386,0.03342793483025524
4,1651087487.4106386,-0.452225651134108
5,1651087760.02084,2.4747396492194813
6,1651088080.94381,-0.03342793483025524
7,1651088412.9340816,0.15707646316086807
8,1651088688.6827173,0.24759931026108395
