,time,value
0,1651156632.3371668,-0.6751218532411073
1,1651159033.159547,-0.13411446533179575
2,1651161454.441652,2.8447632422993725
3,1651163829.702669,-0.13411446533179575
4,1651166229.5974934,1.3902781030993898
5,1651168631.6869879,-0.2086318998079471
6,1651170979.198382,2.29559444870575
7,1651173384.29844,0.3357475338347737
