,time,value
0,1651084857.5778959,-0.5689085198619199
1,1651086002.5639641,0.1633873508503961
2,1651086946.725837,-1.7665511013450323
3,1651087267.134337,-0.506956622011848
4,1651087536.6734738,-0.7707205615907584
5,1651087797.5803704,2.5672455474894535
6,1651088135.105404,0.3771270889729933
7,1651088525.8990443,0.1556634105026511
