,time,value
0,1650896409.1244981,0.15388820821989085
1,1650902228.4142995,0.15388820821989085
2,1650907967.3008323,2.4276917247423553
