,time,value
0,1651156632.3617287,-1.7665511013450323
1,1651159033.1796522,-0.13411446533179575
2,1651161454.4672692,-1.7377171837753844
3,1651163829.7810903,-0.13411446533179575
4,1651166229.6325095,-0.13411446533179575
5,1651168631.706932,-0.3771270889729936
6,1651170979.238624,1.8657326624989505
7,1651173384.3366876,-0.13411446533179575
8,1651175782.9632754,0.1556634105026511
