,time,value
0,1650896409.1333058,0.15707646316086807
