,time,value
0,1650677532.2619958,0.0362152109485223
