,time,value
0,1651084842.325536,-0.4716984961228074
1,1651085994.0903435,-1.8657326624989505
2,1651086937.8934371,-1.1882321989610298
3,1651087258.2452476,-0.17077351307554284
4,1651087528.4220462,-0.31445559301068937
5,1651087791.8956742,2.3279272937216837
6,1651088125.9817624,-0.1200622294405019
7,1651088483.0737174,0.15615847838128863
