,time,value
0,1650677532.3087454,0.05852208460566235
