,time,value
0,1651084756.5073805,-0.5730622826275916
1,1651085948.938522,-2.1556486441957885
2,1651086891.2711148,-1.0877203624827185
3,1651087198.4858143,-0.28841161073717553
4,1651087476.7026067,-0.6035629092965502
5,1651087752.6099744,2.3694919645725676
6,1651088069.251508,0.38343615479809595
7,1651088404.8677394,-0.14579966810206274
8,1651088676.7331874,0.9119113733637851
9,1651108657.0428648,0.26243057588949165
