,time,value
0,1650896408.9813046,0.1550530762339589
1,1650902228.0213742,0.1550530762339589
