,time,value
0,1650896409.1045735,-1.951492736388352
1,1650902228.3918314,0.1561584783812886
2,1650907942.1513422,2.3949668979635588
