,time,value
0,1650677532.2902904,0.052944760385833824
