,time,value
0,1650677532.2055922,0.0613145664985398
