,time,value
0,1651156632.2457,-1.8473113564329449
1,1651159033.1745672,1.2312029038900973
2,1651161454.4581094,-0.16232227691953133
3,1651163829.771764,2.3754278232499573
4,1651166229.623113,0.9674215661017016
5,1651168631.7014618,-0.04907860845822699
6,1651170979.2275808,2.434595791654176
7,1651173384.3299732,0.36432806020875463
8,1651175782.9580045,-0.08047715562828196
