,time,value
0,1650657648.561671,0.0
1,1650677534.2091975,0.0724879896604672
