,time,value
0,1650896409.160428,0.1546934773295407
1,1650902228.4690845,0.1546934773295407
