,time,value
0,1651084800.6967194,-0.6488948409394115
1,1651085971.1157663,-2.0417200575193895
2,1651086912.207422,-1.3806813037136776
3,1651087228.2308517,-0.36473290088032867
4,1651087505.0659664,-0.6627756411446488
5,1651087773.1314874,2.3279272937216837
6,1651088100.5955467,-0.0362152109485223
7,1651088427.2995389,0.15615847838128863
8,1651108697.7627435,0.061314566498539856
