,time,value
0,1650657648.5658257,0.0
1,1650677534.2103288,0.06410948552614852
