,time,value
0,1651084800.6926858,-0.531460397563316
1,1651085971.1126037,-0.7808905218132934
2,1651086912.2050102,-0.931578489206768
3,1651087228.2291095,-0.2104521138593895
4,1651087505.0641203,-0.2968358170688298
5,1651087773.1297283,1.7180206995052243
6,1651088100.593747,0.0585220846056623
7,1651088427.296578,-2.327927293721685
8,1651108697.761412,0.0473657014132373
