,time,value
0,1650657648.567944,0.0
1,1650677534.2111678,0.06410948552614852
