,time,value
0,1650896409.1215734,0.1550530762339589
1,1650902228.4099867,0.1550530762339589
2,1650907967.2969542,2.369491964572568
3,1650913667.6884055,0.8430783852956005
4,1650919406.459156,-0.4758934359905891
