,time,value
0,1650896409.1102045,0.152932795524143
1,1650902228.3963609,0.152932795524143
2,1650907951.815147,2.330399785319448
3,1650913654.988235,1.500075835207398
