,time,value
0,1650677532.2303278,0.061314566498539856
