,time,value
0,1650677532.2379036,0.06317552608372656
