,time,value
0,1650657648.5684938,0.0
1,1650677534.2113636,0.0641094855261485
