,time,value
0,1651156671.3640132,0.1546934773295407
1,1651159069.1931393,0.4827448159414936
2,1651161499.3741999,-0.5116452685235503
3,1651163856.6749907,-0.13416631078986113
4,1651166268.1640313,-0.13416631078986113
5,1651168682.8554986,0.6217738544669369
6,1651171051.1787646,2.3949668979635588
