,time,value
0,1650896408.903158,0.1550530762339589
1,1650902227.950781,0.1550530762339589
2,1650907932.8288329,1.951492736388351
3,1650913632.0247433,1.011605558505395
4,1650919351.538693,-0.0222829841150867
