,time,value
0,1652106910.9589748,-1.6542248043864598
1,1652109281.145497,1.096186141729827
2,1652111659.426023,1.693527671161629
3,1652114062.222233,-0.6052943876956522
4,1652116467.1520286,-1.060562243531426
5,1652118866.1355126,0.3945143142103393
6,1652121258.0581892,-1.880064165071094
7,1652123668.1485248,0.5775961594634863
8,1652126046.896562,2.8447632422993725
9,1652128401.2264938,1.59321881802305
