,time,value
0,1651084827.9694362,-0.3989717046848793
1,1651085986.7172236,-2.1556486441957885
2,1651086929.6105037,-1.784765108252511
3,1651087248.0659378,-0.28277997619807965
4,1651087520.519069,-0.8153903460906039
5,1651087785.733043,2.4276917247423553
