,time,value
0,1650677532.2577035,0.0669071959351023
