,time,value
0,1650896409.1342912,0.1566914830233663
1,1650902228.4287925,0.1566914830233663
2,1650907980.128173,1.4622262068797691
