,time,value
0,1650896408.903069,-0.14567487231965404
1,1650902227.9506438,-0.14567487231965404
2,1650907932.8287654,2.3949668979635588
3,1650913632.02462,0.8210618159143025
4,1650919351.5385659,-0.3326555167433766
