,time,value
0,1651156648.3471262,-2.304826626343305
1,1651159051.4317803,1.2364399732045384
2,1651161477.0675595,-1.1605325280411272
3,1651163842.6396637,0.15741484436361505
4,1651166248.1529083,0.15741484436361505
5,1651168657.4247093,-0.4746803254572846
