,time,value
0,1651084800.7072666,-0.6488948409394115
1,1651085971.1299887,-2.0417200575193895
2,1651086912.2186494,-1.3806813037136776
3,1651087228.2377555,-0.36473290088032867
4,1651087505.0736845,-0.6627756411446488
5,1651087773.1390073,2.3279272937216837
6,1651088100.6029098,-0.0362152109485223
7,1651088427.310011,0.15615847838128863
8,1651108697.7843947,0.1426938108928469
