,time,value
0,1650677532.2515843,0.0390024870667892
