,time,value
0,1650657648.567944,0.0
1,1650677534.2111678,0.0641094855261485
