,time,value
0,1650657648.591521,0.0
1,1650677534.226808,0.05852208460566235
