,time,value
0,1651502053.868506,0.6381180010203954
1,1651504358.6163485,-0.1462699939500586
2,1651506810.5484152,-1.711565877592642
3,1651509220.886386,0.4958204090862817
4,1651511613.3838308,-0.8048608824195013
5,1651514023.821885,-0.1371773368180799
6,1651516406.4815648,-2.3380828757026424
7,1651518777.0277286,0.1463857501623921
8,1651521202.6767092,0.1463857501623921
9,1651523614.5179937,0.4958204090862817
