,time,value
0,1651084756.4380777,-0.3057462624240499
1,1651085948.9459202,-1.994120889166806
2,1651086891.275345,-1.1429912084234166
3,1651087198.5028489,-0.3528398731943821
4,1651087476.7068574,-0.5222436676267586
5,1651087752.614851,2.4261017740580777
6,1651088069.256302,-0.1200622294405019
7,1651088404.8766294,0.1561584783812886
8,1651088676.7374303,0.509485696471925
9,1651108657.0702288,0.0585220846056623
