,time,value
0,1650677532.193921,0.0482952554498755
