,time,value
0,1651084800.7062232,-0.6230048258563164
1,1651085971.128545,-2.2515024935487093
2,1651086912.2178874,-1.7377171837753844
3,1651087228.237,-0.33832237163903023
4,1651087505.072175,-0.5625589617038059
5,1651087773.1382387,2.4261017740580777
