,time,value
0,1650896408.9813046,0.15505307623395898
1,1650902228.0213742,0.15505307623395898
