,time,value
0,1650677532.2589002,0.04736570141323737
