,time,value
0,1651086959.6415565,-1.684725038097355
1,1651087289.0632772,-0.17648633133989258
2,1651087549.8545144,-0.6171166805432963
3,1651087807.8771424,2.3949668979635588
4,1651088149.5557053,-0.16517501944907337
5,1651088537.3373218,0.15505307623395898
