,time,value
0,1650896409.142106,-2.1342259557893617
1,1650902228.4396682,0.15615847838128863
2,1650907991.801073,2.5672455474894535
3,1650913715.3192832,0.9887713292748407
