,time,value
0,1650677532.3149269,0.06410948552614852
