,time,value
0,1650677532.2534568,0.055733422495748
