,time,value
0,1650677532.2154443,0.0641094855261485
