,time,value
0,1650896409.133441,0.15707646316086807
1,1650902228.4273837,0.15707646316086807
2,1650907980.125587,2.4747396492194813
