,time,value
0,1650657648.6071155,0.0
1,1650677534.2377143,0.061314566498539856
