,time,value
0,1651084786.6965823,-0.7426038558170304
1,1651085964.0492463,-2.188360358547361
2,1651086905.3757074,-1.4796568595106665
3,1651087218.149196,-0.3204622870172076
4,1651087495.2030315,-0.7133309761530098
5,1651087767.103859,2.327927293721684
6,1651088091.2803404,0.1341144653317957
7,1651088420.2531571,0.1559303886383702
8,1651088697.891195,0.8594293967319212
9,1651108697.7772293,0.0613145664985398
