,time,value
0,1650896409.1333058,0.157076463160868
