,time,value
0,1650896408.909968,-1.994120889166806
