,time,value
0,1651084857.5870535,-0.38421939393768595
1,1651086002.5811439,-2.1556486441957885
2,1651086946.7342057,-1.6838192142580972
3,1651087267.1426983,-0.15673760176218487
4,1651087536.6820192,-0.7029801521329635
5,1651087797.5893362,2.8447632422993725
6,1651088135.114411,-0.08367609299974951
7,1651088525.9067822,0.15342649872206354
