,time,value
0,1650677532.3131716,0.06410948552614852
