,time,value
0,1651084842.3251302,-0.43530463493616073
1,1651085994.0899951,-2.1556486441957885
2,1651086937.89307,-1.8443157624859232
3,1651087258.2448964,-0.1878203311563501
4,1651087528.4216957,-0.590123316448149
5,1651087791.8953068,2.8447632422993725
6,1651088125.9814126,0.25074378022101207
7,1651088483.0729058,0.15505307623395898
