,time,value
0,1651084786.6994283,-0.46003798342181756
1,1651085964.0523553,-2.1342259557893617
