,time,value
0,1650677532.24287,0.06969759279778467
