,time,value
0,1650896408.949855,-0.14571148363501968
1,1650902227.994578,-0.14571148363501968
2,1650907991.7895405,2.752257344029406
