,time,value
0,1650896408.9038937,0.1559303886383702
1,1650902227.951748,0.1559303886383702
2,1650907932.8296776,2.327927293721684
3,1650913632.025737,0.2824587514722747
4,1650919351.53969,0.0976458138683305
