,time,value
0,1650896408.9322162,-2.0439986346583243
1,1650902227.9801407,0.1550530762339589
2,1650907967.2795663,2.8447632422993725
3,1650913667.6763074,0.9949846446952952
4,1650919406.4499028,-0.2709629524958114
