,time,value
0,1650896408.9415948,0.1546934773295407
1,1650902227.988204,0.1546934773295407
