,time,value
0,1650896408.938134,0.1559303886383702
1,1650902227.98546,0.1559303886383702
2,1650907967.287519,1.7338262745662345
3,1650913667.683779,0.6745290534593954
4,1650919406.4542184,-0.1792703734412102
