,time,value
0,1650896409.1449394,-0.1459803274308839
1,1650902228.444787,-0.1459803274308839
2,1650907991.8043635,2.8447632422993725
3,1650913715.3281453,0.7017669344836148
4,1650919437.3489728,-0.1032665227170339
