,time,value
0,1651156632.2468865,0.1550530762339589
1,1651159033.1791153,0.7302773240595273
2,1651161454.4662273,0.1004540501547377
3,1651163829.780035,-0.1341144653317957
