,time,value
0,1651084842.4000595,-0.6505193382756929
1,1651085994.090146,-1.8585918746722674
2,1651086937.8932347,-1.2029831111153826
3,1651087258.2450504,-0.4691583106760355
4,1651087528.421849,-0.5959682408288942
5,1651087791.8954718,2.113046669377897
6,1651088125.981565,-0.08035556477067281
7,1651088483.073215,-0.34069482708779536
