,time,value
0,1650677532.2955558,0.0641094855261485
