,time,value
0,1650657648.5867836,0.0
1,1650677534.223355,0.06410948552614852
