,time,value
0,1650677532.2033339,0.06410948552614852
