,time,value
0,1650896409.1504045,0.1559303886383702
1,1650902228.4536283,0.1559303886383702
2,1650908001.3306215,2.5672455474894535
3,1650913733.091919,0.588547692169792
4,1650919449.6643069,0.0
