,time,value
0,1650657648.633423,0.0
1,1650677534.262282,0.0641094855261485
