,time,value
0,1651084800.706605,-0.6171166805432963
1,1651085971.1290796,-2.053748910631822
2,1651086912.2181697,-1.684725038097355
3,1651087228.237279,-0.11165965394389556
4,1651087505.0732057,-0.8320101124172764
5,1651087773.1385221,2.3949668979635588
