,time,value
0,1651084771.9837677,-0.47930402568350056
1,1651085956.3101974,-2.053748910631822
2,1651086898.3547661,-1.8039877199656091
3,1651087208.2807539,-0.20495679342464296
4,1651087487.4119732,-0.5116452685235503
5,1651087760.0221763,2.3949668979635588
6,1651088080.9451559,0.06410948552614852
7,1651088412.935671,0.1546934773295407
8,1651088688.685316,0.25664707916684953
9,1651108657.1411145,0.0669071959351023
