,time,value
0,1650896408.9648986,0.1546934773295407
1,1650902228.0078547,0.1546934773295407
2,1650908001.3068557,1.7665511013450323
3,1650913733.0834637,0.08926105678550483
4,1650919449.6518638,-0.0585259043886257
