,time,value
0,1650657648.6050534,0.0
1,1650677534.236063,0.04736570141323737
