,time,value
0,1650896408.949249,0.1550530762339589
1,1650902227.9941354,0.1550530762339589
2,1650907980.1153607,2.752257344029406
