,time,value
0,1650657648.6206827,0.0
1,1650677534.2503319,0.05201578460011865
