,time,value
0,1650677532.213425,0.0641094855261485
