,time,value
0,1650677532.2480574,0.052944760385833824
