,time,value
0,1650896408.8966606,0.15505307623395898
1,1650902227.9451935,-2.8447632422993725
2,1650907918.670444,2.4276917247423553
3,1650913603.849463,0.6445858476176562
4,1650919332.6015532,-0.11165965394389556
