,time,value
0,1650657648.6235147,0.0
1,1650677534.2522085,0.07063236533247667
