,time,value
0,1650896409.1015894,0.3651644728921754
1,1650902228.3896277,0.1553713092773898
2,1650907942.1459265,1.346867047551758
