,time,value
0,1650677532.2395198,0.07807924502201828
