,time,value
0,1650677532.2630875,0.08180790163145442
