,time,value
0,1650896408.9539196,0.15342649872206354
1,1650902227.998029,0.15342649872206354
2,1650907991.792924,2.8447632422993725
3,1650913715.289024,1.4201797678361465
