,time,value
0,1650896408.949249,0.15505307623395898
1,1650902227.9941354,0.15505307623395898
2,1650907980.1153607,2.752257344029406
