,time,value
0,1650657648.6283326,0.0
1,1650677534.255674,0.06969759279778467
