,time,value
0,1650657648.5923991,0.0
1,1650677534.2272706,0.0613145664985398
