,time,value
0,1651156632.3623912,-0.0780632027652199
1,1651159033.180477,0.6223988877745033
2,1651161454.4681542,-1.1252908067341634
3,1651163829.7819817,0.157414844363615
4,1651166229.633182,0.157414844363615
5,1651168631.707302,-1.0202879884321518
6,1651170979.2392812,2.129043117924774
7,1651173384.3373125,0.3208719237179001
8,1651175782.9636216,-0.0894846665683373
9,1651178200.0632646,1.5928151883844333
