,time,value
0,1650677532.308361,0.0696902792515131
