,time,value
0,1650896408.918843,0.15615847838128863
