,time,value
0,1650896408.9312797,0.154305577347626
1,1650902227.9790604,0.154305577347626
2,1650907967.277429,2.752257344029406
