,time,value
0,1650896408.9732435,-0.145964205917806
1,1650902228.01447,-0.145964205917806
