,time,value
0,1650896409.142306,-0.1456456618949313
1,1650902228.4399586,-0.1456456618949313
2,1650907991.8012052,1.737717183775385
