,time,value
0,1651084800.7007122,-0.5598794649447582
1,1651085971.1196947,-2.188360358547361
2,1651086912.2117455,-1.19862485172348
3,1651087228.2328813,-0.3413946669344041
4,1651087505.0679934,-0.734686816344092
5,1651087773.1335611,2.3949668979635588
6,1651088100.5975957,-0.0668998823888308
7,1651088427.303263,0.1550530762339589
