,time,value
0,1651502015.908905,0.1475921336701052
1,1651504337.8814638,-0.1464689676719037
2,1651506783.5595863,-1.9008650778518288
3,1651509199.9420362,2.5421160484515464
4,1651511597.5375104,-0.7571068803768937
5,1651514002.7045624,-0.1418535492766199
6,1651516362.561658,-1.8868163183505808
7,1651518749.84632,0.1475921336701052
8,1651521148.039534,0.1475921336701052
9,1651523595.1462789,2.625962281048704
