,time,value
0,1651156648.3650465,0.1550530762339589
1,1651159051.485371,1.5138951997347545
2,1651161477.081695,-1.333896044317638
3,1651163842.6511362,-0.1341375169362545
4,1651166248.1688454,-0.1341375169362545
5,1651168657.4451642,-0.0445784252949703
6,1651171033.455671,2.4261017740580777
7,1651173426.370824,-0.1341375169362545
8,1651175832.0849376,0.1550530762339589
