,time,value
0,1650657648.6308675,0.0
1,1650677534.2578557,0.0585220846056623
