,time,value
0,1650657648.6426148,0.0
1,1650677534.270386,0.061314566498539856
