,time,value
0,1650896408.904734,0.250743780221012
1,1650902227.9528642,-1.6274671281544155
2,1650907932.8304334,2.8447632422993725
3,1650913632.0269248,0.6725714603566355
4,1650919351.5410657,0.749589445937242
