,time,value
0,1650657648.595649,0.0
1,1650677534.2289195,0.0668998823888309
