,time,value
0,1650677532.2070618,0.06410948552614852
