,time,value
0,1650896408.8973312,-0.5794543295907575
1,1650902227.9457035,0.1553713092773898
2,1650907918.6715207,2.8447632422993725
3,1650913603.8504636,0.7045291466195681
4,1650919332.6020672,0.0167118923407681
