,time,value
0,1650896409.1405132,0.1550530762339589
1,1650902228.437161,0.1550530762339589
2,1650907991.799894,2.8447632422993725
