,time,value
0,1651156671.3496974,-1.904444811911226
1,1651159069.1716452,-0.1341144653317957
2,1651161499.3633966,-0.5355923945110677
3,1651163856.6629477,-0.1341144653317957
4,1651166268.143571,-0.1341144653317957
5,1651168682.715852,0.1397309379046102
6,1651171051.1644094,1.4654474752511817
7,1651173443.1054225,-0.1341144653317957
