,time,value
0,1650657648.5705874,0.0
1,1650677534.212184,0.0752783865231494
