,time,value
0,1651084771.9712,-0.7288504928035004
1,1651085956.2910614,-1.8973801936193573
2,1651086898.3437395,-1.7105105307719444
3,1651087208.270063,-0.2277903063812375
4,1651087487.4011948,-0.5338087370447099
5,1651087760.0107603,2.3949668979635588
6,1651088080.93419,-0.0390038730584364
7,1651088412.924011,0.1550530762339589
8,1651088688.663266,0.4667731087363713
9,1651108657.01499,0.0641094855261485
