,time,value
0,1650896408.9338157,0.1559303886383702
1,1650902227.982163,0.1559303886383702
2,1650907967.2817628,1.580944816429641
