,time,value
0,1650896408.9420483,0.5310952911363659
1,1650902227.9889367,0.5310952911363659
2,1650907980.1052976,2.4726197149737787
3,1650913682.7372067,0.5266986516204016
4,1650919421.0839653,-0.19063867586273878
