,time,value
0,1650677532.236502,0.0529447603858338
