,time,value
0,1650896408.9070456,0.157076463160868
1,1650902227.9550104,-2.8447632422993725
2,1650907932.832928,2.2865479513109825
