,time,value
0,1650657648.667105,0.0
1,1650677534.288692,0.06410948552614852
