,time,value
0,1650657648.6220467,0.0
1,1650677534.2513094,0.06317552608372656
