,time,value
0,1650896408.9397438,0.1553713092773898
1,1650902227.9866664,0.1553713092773898
2,1650907967.289767,2.5672455474894535
3,1650913667.685299,0.6684914551363867
4,1650919406.4559112,-0.17362625560508502
