,time,value
0,1650657648.6378946,0.0
1,1650677534.265602,0.0473657014132373
