,time,value
0,1650677532.197826,0.0613145664985398
