,time,value
0,1650677532.2695558,0.0613145664985398
