,time,value
0,1650677532.2678237,0.0780792450220182
