,time,value
0,1650896409.133441,0.157076463160868
1,1650902228.4273837,0.157076463160868
2,1650907980.125587,2.4747396492194813
