,time,value
0,1650896408.8913045,0.15707646316086807
1,1650902227.94037,0.15707646316086807
2,1650907918.5749767,2.4747396492194813
