,time,value
0,1650657648.5843706,0.0
1,1650677534.2214339,0.0669071959351023
