,time,value
0,1651084814.1886294,-0.39230891306905363
1,1651085978.539027,0.15505307623395898
2,1651086919.653767,-0.5232243108458613
3,1651087235.8503768,-0.43530463493616073
4,1651087513.3610961,-0.6767110569485053
5,1651087779.2970428,2.3484445862387835
6,1651088109.0771368,0.12570136707723492
7,1651088435.5059917,0.15505307623395898
8,1651108697.7743814,0.07527838652314948
