,time,value
0,1650896409.137302,0.1550530762339589
1,1650902228.4324737,0.1550530762339589
2,1650907980.1315737,2.752257344029406
3,1650913683.0444148,0.6909739410905248
4,1650919421.100052,-0.3413946669344041
