,time,value
0,1650677532.2788892,0.05852208460566235
