,time,value
0,1650896409.1233394,-1.267244074887387
