,time,value
0,1650657648.5889835,0.0
1,1650677534.2248633,0.061314566498539856
