,time,value
0,1650896408.893283,0.1556634105026511
