,time,value
0,1650677532.2963564,0.0613145664985398
