,time,value
0,1651084857.5909498,-0.25346621053385343
1,1651086002.5855455,-2.0417200575193895
2,1651086946.737251,-1.4318231969672008
3,1651087267.1454806,-0.08365583220178242
4,1651087536.6848361,-0.5445814547949771
5,1651087797.593094,2.4261017740580777
