,time,value
0,1650896409.0806375,0.15430557734762607
1,1650902228.3733065,0.15430557734762607
2,1650907875.194122,2.4276917247423553
3,1650913556.6895967,0.9706751436809884
4,1650919317.3521066,-0.32087389086136314
