,time,value
0,1650677532.289243,0.06410948552614852
