,time,value
0,1650657648.6669223,0.0
1,1650677534.288544,0.0585220846056623
