,time,value
0,1651086959.6461258,-1.660191954933214
1,1651087289.0704827,-0.21635938343557015
2,1651087549.8585448,-0.8478706602025238
3,1651087807.8812175,2.3694919645725676
4,1651088149.5595396,0.15388485923264272
5,1651088537.341505,-1.1639495821532648
