,time,value
0,1651244218.2897694,1.1648590880029497
1,1651244529.7668643,1.2187831223382344
2,1651244820.7392032,-1.179212718232157
3,1651245125.3860047,0.1948114536292399
4,1651245425.342898,-0.0836642088077736
5,1651245727.8205128,0.4793040256835005
6,1651246021.5152988,0.9041764294372124
7,1651246329.5184672,0.174749432345378
8,1651246616.910952,2.4645462201179296
9,1651247520.0865436,0.2020631666029747
10,1651247824.0263383,-0.1566973317949389
11,1651248152.827912,-1.83339145462612
