,time,value
0,1650677532.317815,0.0724879896604672
