,time,value
0,1650896409.1724527,-1.4447272467712922
1,1650902228.4881806,0.0932850010313993
