,time,value
0,1651084771.9776988,-1.150466449966311
1,1651085956.3042548,0.1636301685340499
2,1651086898.3494382,-0.33980957637543474
3,1651087208.2757003,-0.6705601590181803
4,1651087487.4072876,-0.9055710249075044
5,1651087760.0168817,2.4261017740580777
6,1651088080.9398408,0.29706538195904475
7,1651088412.9302964,0.1559303886383702
8,1651088688.6763515,1.0977695666097116
9,1651108657.0762408,0.061314566498539856
