,time,value
0,1650677532.235508,0.061314566498539856
