,time,value
0,1650677532.2620847,0.04736570141323737
