,time,value
0,1650677532.2838173,0.0641094855261485
