,time,value
0,1650896409.1416578,0.1538882082198908
1,1650902228.4388783,0.1538882082198908
2,1650907991.800709,2.8447632422993725
3,1650913715.3185785,1.087625378714199
