,time,value
0,1650677532.288756,0.0501560982759196
