,time,value
0,1650677532.2178488,0.061314566498539856
