,time,value
0,1650677532.192035,0.0780734236329628
