,time,value
0,1650896408.918843,0.1561584783812886
