,time,value
0,1650677532.1972246,0.061314566498539856
