,time,value
0,1651084771.973554,-0.5783785522705149
1,1651085956.2947032,0.5366289993594802
2,1651086898.345671,-0.28744751878661334
3,1651087208.2719417,-0.290873140186253
4,1651087487.4030964,-0.8049081746206848
5,1651087760.013064,2.4747396492194813
6,1651088080.936068,0.19838047122659805
7,1651088412.92594,0.5308553680481509
8,1651088688.668408,0.4952478491815326
