,time,value
0,1651084842.3321774,-0.3740016114587304
1,1651085994.0970845,-2.2769774269397023
2,1651086937.8988028,-1.6777857039931463
3,1651087258.251166,-0.0362152109485223
4,1651087528.4276707,-0.6927768363002963
5,1651087791.900983,2.5672455474894535
6,1651088125.987484,0.1228793081591722
7,1651088483.2566159,0.1559303886383702
