,time,value
0,1650896409.1251495,0.1553713092773898
1,1650902228.4153244,0.1553713092773898
2,1650907967.3016703,2.5672455474894535
3,1650913667.6912305,0.2191348551613514
