,time,value
0,1650896409.1423059,-0.14564566189493136
1,1650902228.4399586,-0.14564566189493136
2,1650907991.8012052,1.737717183775385
