,time,value
0,1650896409.1508512,0.1556634105026511
1,1650902228.4543102,0.1556634105026511
2,1650908001.3312786,2.4261017740580777
3,1650913733.0923283,0.6290123952052011
4,1650919449.6659858,-0.22766577902839327
