,time,value
0,1651156648.3729355,-0.15908222831834698
1,1651159051.5190277,1.3009870692307217
2,1651161477.0947967,-0.593890170326224
3,1651163842.6610067,-0.13416631078986113
4,1651166248.1821668,-0.13416631078986113
5,1651168657.461077,-0.49191248329966875
6,1651171033.544217,2.4261017740580777
7,1651173426.3811307,-0.13416631078986113
8,1651175832.0953522,0.1546934773295407
9,1651178225.3672028,1.2448981728144342
10,1651195109.8550668,0.06410948552614852
