,time,value
0,1650896408.8899999,0.15430557734762607
1,1650902227.9386222,0.15430557734762607
2,1650907875.0939164,2.752257344029406
