,time,value
0,1650896409.1460893,0.1563633272595131
1,1650902228.4464798,0.1563633272595131
2,1650907991.8053155,1.3572447931210032
3,1650913715.3302462,0.7384017317825392
4,1650919437.3498306,0.1694270180650217
