,time,value
0,1650896408.9234755,0.1550530762339589
1,1650902227.97072,0.1550530762339589
2,1650907951.8035476,2.752257344029406
