,time,value
0,1650677532.2650125,0.0613145664985398
