,time,value
0,1650677532.1956255,0.0613145664985398
