,time,value
0,1651086959.6360111,-1.2363423088509613
1,1651087289.0553718,-0.21619592889305708
2,1651087549.8491426,-0.4842161770420129
3,1651087807.8726919,2.4261017740580777
4,1651088149.5509958,0.041791149176703464
5,1651088537.3317597,0.15615847838128863
