,time,value
0,1651588379.417591,0.6336500299917913
1,1651590752.8858993,0.55293832157227
2,1651593188.613563,1.0672331391256054
3,1651595559.4399362,-0.100561093661788
