,time,value
0,1650896408.984355,0.1546934773295407
