,time,value
0,1650677532.198319,0.06969759279778467
