,time,value
0,1650657648.6147313,0.0
1,1650677534.2449613,0.06410948552614852
