,time,value
0,1650657648.5869834,0.0
1,1650677534.2235067,0.0641094855261485
