,time,value
0,1650896409.1083074,0.1559303886383702
