,time,value
0,1650677532.1975505,0.061314566498539856
