,time,value
0,1650896409.1228707,0.1553713092773898
1,1650902228.4119785,0.1553713092773898
2,1650907967.2987814,2.3694919645725676
3,1650913667.6894472,0.9179076802958795
4,1650919406.4601564,-0.4012188314624872
