,time,value
0,1650677532.250823,0.061314566498539856
