,time,value
0,1650677532.250823,0.0613145664985398
