,time,value
0,1650657648.583771,0.0
1,1650677534.2209485,0.0669071959351023
