,time,value
0,1651084800.7086914,-0.7156181199624322
1,1651085971.132133,-1.9127805869760768
2,1651086912.219759,-1.6274671281544155
3,1651087228.2394755,-0.2363277557408045
4,1651087505.0747669,-0.6651647682580671
5,1651087773.1401515,2.567245547489453
6,1651088100.6040225,-0.0362152109485223
7,1651088427.3111005,0.1553713092773898
