,time,value
0,1650896408.941959,0.157076463160868
1,1650902227.9888697,0.157076463160868
