,time,value
0,1650677532.203786,0.061314566498539856
