,time,value
0,1650896409.0806377,0.154305577347626
1,1650902228.3733065,0.154305577347626
2,1650907875.194122,2.4276917247423557
3,1650913556.689597,0.9706751436809884
4,1650919317.3521066,-0.3208738908613631
