,time,value
0,1650677532.2074986,0.0613145664985398
