,time,value
0,1650677532.3115358,0.0696975927977846
