,time,value
0,1651084827.9660106,-0.4658316237977159
1,1651085986.7139444,-1.951492736388352
2,1651086929.5598729,-1.2815058033419657
3,1651087248.0636585,-0.06689536022390459
4,1651087520.5165274,-0.1462084285843384
5,1651087785.7286031,2.5672455474894535
6,1651088116.4841835,-0.061314566498539856
7,1651088450.6516688,-1.8112538180282742
8,1651108731.7700937,0.061314566498539856
