,time,value
0,1651084800.7003963,-0.3091371212769664
1,1651085971.1193202,-2.053748910631822
2,1651086912.2113702,-0.7335959952966095
3,1651087228.232684,0.0139263464536089
4,1651087505.0677967,-0.5578662095186124
5,1651087773.1333663,2.330399785319448
6,1651088100.597402,0.1088813118446583
7,1651088427.3028986,0.154305577347626
8,1651108697.7656305,0.0724879896604672
