,time,value
0,1650677532.1952572,0.0613145664985398
