,time,value
0,1650677532.2112198,0.0482952554498755
