,time,value
0,1650896409.1304624,-2.0439986346583243
