,time,value
0,1650677532.226016,0.05852208460566235
