,time,value
0,1650657648.5707555,0.0
1,1650677534.212254,0.0641094855261485
