,time,value
0,1650657648.6544044,0.0
1,1650677534.2772155,0.0641094855261485
