,time,value
0,1650677532.2603965,0.04736570141323737
