,time,value
0,1650896409.147788,0.1556634105026511
1,1650902228.4492772,0.1556634105026511
2,1650908001.3259854,1.797267838008797
3,1650913733.0887353,0.6466022923654471
4,1650919449.6606362,0.050156098275919644
