,time,value
0,1650677532.3131716,0.0641094855261485
