,time,value
0,1650677532.2748032,0.06410948552614852
