,time,value
0,1650896408.9665954,-1.0781746520753113
1,1650902228.0091426,0.1553713092773898
2,1650908001.309235,2.4276917247423557
3,1650913733.085677,0.5011293691857905
4,1650919449.654322,0.0362152109485223
