,time,value
0,1651084857.5910382,-0.695241735047566
1,1651086002.5859156,0.1624675107011992
2,1651086946.737447,-0.5140958998831693
3,1651087267.1456757,-0.29140795211227327
4,1651087536.6850312,-0.7334172971553584
5,1651087797.5932884,2.4276917247423553
6,1651088135.1179218,0.08926105678550483
7,1651088525.9143293,0.1546934773295407
