,time,value
0,1651084786.6911242,-0.46003798342181756
1,1651085964.043451,-2.1342259557893617
2,1651086905.370811,-1.224308488371537
3,1651087218.1449661,-0.09764581386833063
4,1651087495.1981747,-0.4476364878635057
5,1651087767.0591602,2.5672455474894535
6,1651088091.2741983,0.02785649791214581
7,1651088420.2486904,0.15505307623395898
8,1651088697.8864255,0.6725714603566355
9,1651108697.7601323,0.06410948552614852
