,time,value
0,1651156671.1519582,-0.146096845081622
1,1651159069.1631243,1.556145804982498
2,1651161499.3593278,-0.9696465297284318
3,1651163856.6587074,0.159686505646985
4,1651166268.137153,0.159686505646985
5,1651168682.7073712,-0.5369342145589734
6,1651171051.157223,2.8447632422993725
7,1651173443.099842,0.159686505646985
8,1651175857.074443,-0.146096845081622
9,1651178243.2903,1.2762354240914553
