,time,value
0,1650896409.115079,0.1553713092773898
1,1650902228.4004643,0.1553713092773898
