,time,value
0,1650896408.94225,0.15505307623395898
1,1650902227.9890738,0.15505307623395898
2,1650907980.105562,2.3949668979635588
