,time,value
0,1650896408.9693124,-1.8443157624859232
1,1650902228.011065,0.15505307623395898
2,1650908001.3247375,2.8447632422993725
