,time,value
0,1650657648.6113575,0.0
1,1650677534.2423286,0.061314566498539856
