,time,value
0,1651156671.3496974,-1.904444811911226
1,1651159069.1716452,-0.13411446533179575
2,1651161499.3633966,-0.5355923945110677
3,1651163856.6629477,-0.13411446533179575
4,1651166268.1435707,-0.13411446533179575
5,1651168682.715852,0.13973093790461025
6,1651171051.1644094,1.4654474752511815
7,1651173443.1054225,-0.13411446533179575
