,time,value
0,1650896409.1690874,0.1559303886383702
1,1650902228.4830203,0.1559303886383702
