,time,value
0,1650896408.8950481,0.15505307623395898
1,1650902227.9440455,0.15505307623395898
2,1650907918.6313386,1.7105105307719453
3,1650913603.8456955,0.8701323061798296
