,time,value
0,1650896408.9237597,0.1559303886383702
1,1650902227.971008,0.1559303886383702
2,1650907951.804067,2.567245547489453
3,1650913654.9826283,1.1077694966497549
4,1650919392.706051,-0.0976458138683306
