,time,value
0,1650896408.939471,0.1559303886383702
1,1650902227.9864395,0.1559303886383702
2,1650907967.2893832,2.5672455474894535
3,1650913667.6850767,0.20767805601106576
4,1650919406.4557068,0.07527838652314948
