,time,value
0,1650896409.097194,-1.59321881802305
1,1650902228.386088,0.157076463160868
2,1650907932.8485107,2.4747396492194813
