,time,value
0,1650896409.1100256,0.15505307623395898
1,1650902228.3962123,0.15505307623395898
2,1650907951.8146758,2.5672455474894535
3,1650913654.9880025,0.3743802646237064
4,1650919392.7325475,-0.14539151553238278
