,time,value
0,1650677532.3090177,0.0501560982759196
