,time,value
0,1651084756.425291,-1.2149393122037968
1,1651085948.9269695,0.154305577347626
2,1651086891.2650378,-1.519386571452528
3,1651087198.4538295,-0.6217738544669369
4,1651087476.6966226,-0.7265961177695358
5,1651087752.6043262,2.3484445862387835
6,1651088069.2460158,-0.0641094855261483
7,1651088404.8552244,0.154305577347626
8,1651088676.7270503,0.3626315307161921
