,time,value
0,1651156671.1556342,-0.6458457973472711
1,1651159069.1720288,-0.13408756399198804
2,1651161499.3635943,-0.5203040988005927
3,1651163856.6631408,-0.13408756399198804
4,1651166268.143837,-0.13408756399198804
5,1651168682.7162218,-0.4491363034394247
6,1651171051.1648014,1.2324587197131787
