,time,value
0,1651086959.5722506,-1.8135990258221584
1,1651087289.0413628,-0.3987005243473785
2,1651087549.8437736,-0.7141326764913785
3,1651087807.8657308,2.4276917247423553
4,1651088149.5449805,0.12570136707723492
5,1651088537.32638,0.1546934773295407
