,time,value
0,1651084786.6965823,-0.7426038558170304
1,1651085964.0492463,-2.1883603585473606
2,1651086905.3757074,-1.4796568595106663
3,1651087218.1491961,-0.32046228701720764
4,1651087495.2030315,-0.7133309761530098
5,1651087767.103859,2.3279272937216837
6,1651088091.2803404,0.13411446533179575
7,1651088420.2531571,0.1559303886383702
8,1651088697.891195,0.8594293967319212
9,1651108697.7772293,0.061314566498539856
