,time,value
0,1650896408.9354184,0.1556634105026511
1,1650902227.983267,0.1556634105026511
2,1650907967.2836406,2.5672455474894535
3,1650913667.6803286,0.6094291684823012
4,1650919406.4521525,-0.2478094398703467
