,time,value
0,1650677532.2677279,0.061314566498539856
