,time,value
0,1651156632.3212595,-1.3339439627690652
1,1651159033.156037,1.1478363382809489
2,1651161454.438283,-0.6461372749913635
3,1651163829.700557,2.398712992607383
