,time,value
0,1650896409.1407814,-2.2515024935487093
1,1650902228.437602,-2.8447632422993725
2,1650907991.8000922,1.1370643090790775
