,time,value
0,1650677532.3115358,0.06969759279778467
