,time,value
0,1650677532.2480574,0.0529447603858338
