,time,value
0,1650896409.095987,0.157076463160868
