,time,value
0,1650657648.6726632,0.0
1,1650677534.2961977,0.061314566498539856
