,time,value
0,1650677532.2929924,0.0445770393033232
