,time,value
0,1651084827.9636104,-0.5507261461863485
1,1651085986.711901,-1.3000141879264495
2,1651086929.5578723,-0.8637898166033989
3,1651087248.0610988,-0.1990741652425904
4,1651087520.514503,-0.2822748833976412
5,1651087785.723517,1.7622806070748294
6,1651088116.4821992,0.0972847749257176
7,1651088450.6466477,-2.327927293721685
