,time,value
0,1650896409.1588392,0.15615847838128863
1,1650902228.4664526,0.15615847838128863
