,time,value
0,1650657648.582199,0.0
1,1650677534.219297,0.055731687742979895
