,time,value
0,1650896408.9668,0.1553713092773898
1,1650902228.0092995,0.1553713092773898
2,1650908001.3215823,2.4261017740580777
3,1650913733.0859075,-0.12287930815917233
