,time,value
0,1650677532.206014,0.0641094855261485
