,time,value
0,1650677532.203786,0.0613145664985398
