,time,value
0,1651588409.3877425,0.48688195224036845
1,1651590771.0415332,0.48241731726007675
2,1651593212.4301562,0.2830876500650906
3,1651595580.2012987,-0.09611899956361983
4,1651597975.365317,2.5318771362302903
5,1651600399.780385,1.4459302412575086
6,1651602791.5086834,-1.2089900535709213
7,1651605168.7751124,2.2041515561865332
8,1651607588.4221528,-0.6511843759278858
9,1651609985.0795496,1.6341744669080696
