,time,value
0,1650896408.9691002,-2.1183595663385004
1,1650902228.0109067,0.1556634105026511
2,1650908001.3244717,2.752257344029406
3,1650913733.0879388,0.8336092364900475
