,time,value
0,1651502078.9564364,0.6224689366389984
1,1651504372.34125,-1.7254608995616074
2,1651506841.014629,-1.4694698471102967
