,time,value
0,1650896408.988137,0.15636332725951319
1,1650902228.0261521,0.15636332725951319
