,time,value
0,1651156671.1539989,0.1553713092773898
