,time,value
0,1650896409.1346648,1.4318231969672008
