,time,value
0,1650677532.2450166,0.06410948552614852
