,time,value
0,1651086959.6418412,-1.6019921947634246
1,1651087289.063612,-0.565723426167159
2,1651087549.8547065,-0.39824885866467585
3,1651087807.877337,2.4261017740580777
4,1651088149.5559056,-0.011140800566449697
5,1651088537.3375177,0.1553713092773898
