,time,value
0,1650677532.3203838,0.055733422495748
