,time,value
0,1650896409.16941,0.15505307623395898
1,1650902228.4834247,0.15505307623395898
