,time,value
0,1650657648.6544933,0.0
1,1650677534.2773151,0.06410948552614852
