,time,value
0,1650896409.1206248,0.1556634105026511
1,1650902228.4085634,-0.6161768921730953
2,1650907967.2956243,2.3949668979635588
3,1650913667.6877315,1.1217258079261636
4,1650919406.4584248,-0.08645669070065116
