,time,value
0,1651084827.9660106,-0.4658316237977159
1,1651085986.7139444,-1.951492736388352
2,1651086929.5598729,-1.2815058033419655
3,1651087248.0636585,-0.0668953602239045
4,1651087520.5165274,-0.1462084285843384
5,1651087785.7286031,2.567245547489453
6,1651088116.4841835,-0.0613145664985398
7,1651088450.6516688,-1.8112538180282745
8,1651108731.7700937,0.0613145664985398
