,time,value
0,1650896408.964805,0.1556634105026511
1,1650902228.0077877,0.1556634105026511
2,1650908001.3067312,1.8301898764934272
3,1650913733.0833623,-0.4534105015104142
4,1650919449.651739,-0.4534105015104142
