,time,value
0,1650896408.890181,0.15707646316086807
1,1650902227.9387662,0.15707646316086807
2,1650907875.0942144,1.5184980572589315
3,1650913556.6523721,0.2304078665423904
4,1650919317.3185782,-0.2246877150727753
