,time,value
0,1650896409.1073909,0.5311456588023704
1,1650902228.3939092,0.5311456588023704
2,1650907942.1557853,2.385353510230316
3,1650913644.63516,0.910690358760282
4,1650919370.1726086,-0.13410500226952438
