,time,value
0,1650677532.2591896,0.06690208478720465
