,time,value
0,1651156671.3306625,-1.576819829981981
1,1651159069.1517675,1.2909212354732664
2,1651161499.3546479,-1.2616723582736795
3,1651163856.6546085,0.1505223888216537
4,1651166268.1282945,0.1505223888216537
5,1651168682.6985726,-0.6445858476176567
6,1651171051.1374874,2.0535112469375254
7,1651173443.0952275,0.1505223888216537
8,1651175857.0681286,-2.4747396492194844
9,1651178243.2856765,1.137710390698291
