,time,value
0,1651156648.3673,-0.8201781452736822
1,1651159051.4891567,-0.1354022015278506
2,1651161477.0847096,-1.7752719689825482
3,1651163842.653586,-0.1354022015278506
4,1651166248.172766,-0.1354022015278506
5,1651168657.449798,-0.9508368632941536
6,1651171033.460487,2.151007042771381
7,1651173426.3737214,-0.1354022015278506
8,1651175832.0874012,0.2199640685317163
9,1651178225.35311,1.7890031200659684
10,1651195109.8444612,0.1677493357261429
