,time,value
0,1650677532.198319,0.0696975927977846
