,time,value
0,1650896409.143047,-2.1342259557893617
1,1650902228.441599,0.1553713092773898
2,1650907991.802425,2.8447632422993725
