,time,value
0,1650896408.9378402,-1.904444811911226
1,1650902227.9852107,0.15636332725951319
2,1650907967.2870767,1.7719901163236365
3,1650913667.6834219,-0.33504835029006674
4,1650919406.4539819,0.04457842529497035
