,time,value
0,1650657648.6483912,0.0
1,1650677534.2732246,0.06410948552614852
