,time,value
0,1651244235.7405803,0.8660389914927535
1,1651244544.9499495,1.2663983350945864
2,1651244837.9333222,-0.9915730443261044
3,1651245147.2186527,0.1229204819370151
4,1651245445.1055682,-0.2135411660510725
5,1651245746.6093717,0.290511743010281
6,1651246037.7324245,1.5108875094619636
7,1651246349.7170985,-0.2788870328881093
8,1651246631.2235036,2.3683759808782487
