,time,value
0,1650896409.0937767,0.1559303886383702
1,1650902228.3835328,0.1559303886383702
2,1650907932.8420148,2.3949668979635588
