,time,value
0,1650677532.3133764,0.052944760385833824
