,time,value
0,1650657648.5916216,0.0
1,1650677534.226875,0.07248798966046721
