,time,value
0,1650896409.0803676,-0.1456199119770745
1,1650902228.3729715,-0.1456199119770745
2,1650907875.1877236,1.399992039958808
