,time,value
0,1650677532.25439,0.0613145664985398
