,time,value
0,1650677532.260105,0.061314566498539856
