,time,value
0,1650896409.0821304,0.1559303886383702
1,1650902228.3744853,0.1559303886383702
2,1650907918.8187723,2.3279272937216837
3,1650913603.8581247,0.33222637343489925
4,1650919332.6052818,0.0976458138683305
