,time,value
0,1650896409.1075704,-0.14540864317478885
1,1650902228.3940408,-0.14540864317478885
