,time,value
0,1650896408.9237595,0.1559303886383702
1,1650902227.971008,0.1559303886383702
2,1650907951.8040667,2.5672455474894535
3,1650913654.9826283,1.1077694966497547
4,1650919392.7060513,-0.09764581386833063
