,time,value
0,1650677532.2596557,0.0669071959351023
