,time,value
0,1650677532.2074015,0.0641094855261485
