,time,value
0,1650657648.6573813,0.0
1,1650677534.279959,0.0696975927977846
