,time,value
0,1650657648.5846431,0.0
1,1650677534.2216485,0.0641094855261485
