,time,value
0,1650657648.643992,0.0
1,1650677534.2711897,0.0613145664985398
