,time,value
0,1650896408.9164693,0.1556634105026511
1,1650902227.96465,0.1556634105026511
2,1650907942.1420279,2.8447632422993725
3,1650913644.6179044,1.0659589080951724
4,1650919370.157129,-0.13411446533179575
