,time,value
0,1650677532.2091892,0.06410948552614852
