,time,value
0,1650677532.30495,0.0613145664985398
