,time,value
0,1651761230.9652038,0.13416631078986113
1,1651763589.3044193,0.13416631078986113
2,1651766080.691406,0.10611074132615843
3,1651768516.9446845,0.6666278844347782
4,1651770803.3901253,1.3339439627690655
5,1651773269.2699428,-0.41734130099392225
6,1651775634.6855366,0.17641763091166812
7,1651778053.5698862,-2.064482226802971
8,1651780449.9692688,2.4301146882655797
9,1651782790.3442066,0.4485385431547291
