,time,value
0,1650677532.2509136,0.0473657014132373
