,time,value
0,1651084800.7018714,-0.5035460323189365
1,1651085971.1212032,-1.994120889166806
2,1651086912.2131715,-1.2454111931854417
3,1651087228.233651,-0.2305115954815822
4,1651087505.068817,-0.3558957623137737
5,1651087773.134357,2.1273686719806597
6,1651088100.59883,-0.0836558322017824
7,1651088427.305226,0.0639683720749036
8,1651108697.767433,0.1721452675769494
