,time,value
0,1650657648.6096125,0.0
1,1650677534.2399693,0.0501560982759196
