,time,value
0,1650896409.1636288,0.1559303886383702
1,1650902228.4741886,0.1559303886383702
