,time,value
0,1650657648.6339617,0.0
1,1650677534.2626631,0.06410948552614852
