,time,value
0,1651156648.2967243,0.1559303886383702
1,1651159051.5039372,2.2515024935487093
2,1651161477.0896306,-1.2981703863501612
3,1651163842.6574,-0.13411446533179575
4,1651166248.177616,-0.13411446533179575
5,1651168657.4553874,-0.474999291155891
6,1651171033.46791,2.4276917247423553
7,1651173426.3773613,-0.13411446533179575
8,1651175832.091084,0.1559303886383702
9,1651178225.3602319,1.1812688557010869
