,time,value
0,1651084771.9849024,-0.4353046349361607
1,1651085956.3114758,-2.1556486441957885
2,1651086898.355579,-1.7377171837753844
3,1651087208.281578,-0.1764863313398925
4,1651087487.4130118,-0.6203685529687322
5,1651087760.0229988,2.3949668979635588
6,1651088080.9459672,0.1764863313398925
7,1651088412.9367883,0.1550530762339589
8,1651088688.687172,0.5499408300536012
9,1651108657.142693,0.0641094855261485
