,time,value
0,1650896408.891573,0.1553713092773898
1,1650902227.9407494,0.1553713092773898
2,1650907918.583131,2.3949668979635588
3,1650913603.833247,1.1519373638162642
4,1650919332.596893,-0.416559102142081
