,time,value
0,1651156632.3134706,0.15388820821989085
1,1651159033.1492999,1.000908169337378
2,1651161454.433839,-0.5616408378885596
3,1651163829.6950834,-0.13416631078986113
4,1651166229.577806,-0.13416631078986113
5,1651168631.6794944,-0.28277997619807965
6,1651170979.187131,2.752257344029406
7,1651173384.28324,0.3243242327919853
8,1651175782.9345868,-1.777077098777975
9,1651178199.7579772,1.269649817953701
