,time,value
0,1651156648.36653,0.1556634105026511
1,1651159051.4877248,-0.13411446533179575
2,1651161477.0833387,-2.1883603585473606
3,1651163842.652504,-0.13411446533179575
4,1651166248.1710901,-0.13411446533179575
5,1651168657.447783,-0.44736062905708573
6,1651171033.458364,2.4276917247423553
7,1651173426.372636,-0.13411446533179575
8,1651175832.0863092,0.1556634105026511
9,1651178225.3510282,1.6777857039931463
