,time,value
0,1651084827.9596648,-0.5869330865087552
1,1651085986.7068937,-2.047522973617104
2,1651086929.5545993,-1.2821324071884872
3,1651087248.0578473,-0.209557313619825
4,1651087520.5112092,-0.224809532686512
5,1651087785.7170389,2.4726197149737787
6,1651088116.478912,-0.1754960943954388
7,1651088450.6397989,0.5311456588023704
8,1651108731.755795,0.0594522168932229
