,time,value
0,1650657648.5584264,0.0
1,1650677534.207266,0.0613145664985398
