,time,value
0,1650677532.2907057,0.0613145664985398
