,time,value
0,1650677532.2955558,0.06410948552614852
