,time,value
0,1650896409.1257381,0.15430557734762607
1,1650902228.4161992,0.15430557734762607
2,1650907967.3023903,2.752257344029406
