,time,value
0,1650657648.567218,0.0
1,1650677534.2108884,0.061314566498539856
