,time,value
0,1650896409.124498,0.1538882082198908
1,1650902228.4142995,0.1538882082198908
2,1650907967.3008325,2.4276917247423557
