,time,value
0,1650657648.561991,0.0
1,1650677534.209446,0.061314566498539856
