,time,value
0,1650896409.1008277,0.1546934773295407
