,time,value
0,1650896409.163158,0.734686816344092
1,1650902228.4733303,0.1553713092773898
