,time,value
0,1650657648.66665,0.0
1,1650677534.2881937,0.0724879896604672
