,time,value
0,1650677532.2395198,0.0780792450220182
