,time,value
0,1650677532.3140984,0.06410948552614852
