,time,value
0,1651084827.96064,-0.30961245225511114
1,1651085986.7080815,-2.317420354521006
2,1651086929.5553682,-1.8031194953451941
3,1651087248.0586135,-0.17549609439543884
4,1651087520.5119798,-0.45405094730836876
5,1651087785.71855,2.4726197149737787
6,1651088116.4797091,0.06317552608372656
7,1651088450.6413648,0.5311456588023704
