,time,value
0,1650677532.2223897,0.0613145664985398
