,time,value
0,1650896409.1028824,-0.35325438425183514
1,1650902228.3908055,0.1553713092773898
2,1650907942.1475806,2.8447632422993725
3,1650913644.6287377,0.32348722324387164
4,1650919370.1668327,0.050156098275919644
