,time,value
0,1650677532.2276034,0.0669071959351023
