,time,value
0,1650657648.6508698,0.0
1,1650677534.2746856,0.0613145664985398
