,time,value
0,1650677532.26516,0.0613145664985398
