,time,value
0,1651086959.6396382,-1.7105105307719444
1,1651087289.0607872,-0.06689988238883085
2,1651087549.8530858,-0.7693229307258005
3,1651087807.87567,2.3484445862387835
4,1651088149.5540154,0.13694188302110813
5,1651088537.3358302,0.15505307623395898
