,time,value
0,1650677532.252605,0.0641094855261485
