,time,value
0,1650896408.9028025,0.1556634105026511
1,1650902227.950358,0.1556634105026511
2,1650907932.8285544,2.5672455474894535
3,1650913632.0242422,0.3740016114587304
4,1650919351.5366168,-0.44105982301489066
