,time,value
0,1650896409.0830643,0.1546934773295407
1,1650902228.375356,0.1546934773295407
2,1650907918.8369844,2.427691724742356
