,time,value
0,1650677532.2759807,0.0613145664985398
