,time,value
0,1650677532.3147454,0.06689988238883098
