,time,value
0,1650657648.5934727,0.0
1,1650677534.227689,0.05852208460566235
