,time,value
0,1650677532.258719,0.06410948552614852
