,time,value
0,1650677532.255276,0.0501560982759196
