,time,value
0,1650896409.1308808,0.1546934773295407
1,1650902228.4240766,0.1546934773295407
2,1650907980.12153,2.4261017740580777
3,1650913682.9977665,0.7141326764913788
