,time,value
0,1650896409.1451385,0.1550530762339589
