,time,value
0,1651156648.3666658,-0.4981641869942358
1,1651159051.4879396,1.5816207383734897
2,1651161477.0835783,-0.7243644455701128
3,1651163842.6527238,-0.13413751693625456
4,1651166248.1714113,-0.13413751693625456
5,1651168657.4481664,-1.2880830194266304
6,1651171033.4587753,2.476537188328035
7,1651173426.3728514,0.35177666025219106
8,1651175832.0865335,-0.093875506695737
9,1651178225.3514342,1.0074034344709037
