,time,value
0,1650677532.2579775,0.05852208460566235
