,time,value
0,1650896409.140602,0.15505307623395898
1,1650902228.4373221,0.15505307623395898
2,1650907991.7999616,2.5201976230123315
3,1650913715.315991,0.6445858476176562
4,1650919437.343775,-0.4014339523594368
