,time,value
0,1650677532.198881,0.0501560982759196
