,time,value
0,1650677532.223449,0.06317552608372656
