,time,value
0,1651084771.9773238,-0.2275477908075828
1,1651085956.302096,-2.011654153964256
2,1651086898.349089,-1.4841174003594797
3,1651087208.2753692,-0.2018934791418509
4,1651087487.406962,-0.4491363034394247
5,1651087760.0165448,2.4747396492194813
6,1651088080.9395144,-0.0557316877429797
7,1651088412.9299664,0.157076463160868
8,1651088688.675707,0.2475993102610839
9,1651108657.075588,0.2306862386562842
