,time,value
0,1650677532.317815,0.07248798966046721
