,time,value
0,1651502015.7743728,1.59160878307776
1,1651504337.8586416,-0.146139230316048
2,1651506783.5475442,-1.0668007875794394
3,1651509199.8697283,2.8447632422993725
4,1651511597.5273433,-0.6305728473028467
5,1651514002.6843123,-0.2466672975885854
6,1651516362.5395448,-2.152596993455661
7,1651518749.8360033,2.8447632422993725
8,1651521148.0085166,0.1480473445129011
9,1651523595.1348476,2.8447632422993725
