,time,value
0,1650896408.9311898,0.1556634105026511
1,1650902227.9789875,0.6991721637759272
