,time,value
0,1651244235.7405803,0.8660389914927535
1,1651244544.9499495,1.2663983350945864
2,1651244837.9333222,-0.9915730443261045
3,1651245147.2186527,0.12292048193701517
4,1651245445.1055682,-0.21354116605107257
5,1651245746.6093717,0.29051174301028104
6,1651246037.7324243,1.5108875094619636
7,1651246349.7170985,-0.27888703288810934
8,1651246631.2235036,2.3683759808782487
