,time,value
0,1651156648.3607388,0.15342649872206354
1,1651159051.4780247,0.8373493042409064
2,1651161477.077661,-0.9611008577091879
3,1651163842.6472769,-0.13420123566567146
4,1651166248.1638849,-0.13420123566567146
5,1651168657.438329,-0.6598077530823501
6,1651171033.448522,2.8447632422993725
7,1651173426.3666432,-0.13420123566567146
8,1651175832.0809233,0.15342649872206354
9,1651178225.341677,1.2122732386167963
