,time,value
0,1650677532.2248704,0.07248798966046721
