,time,value
0,1651086959.6340814,-1.8772378009705528
1,1651087289.051108,-0.5011293691857905
2,1651087549.847616,-1.0074034344709035
3,1651087807.8700497,2.3949668979635588
4,1651088149.5494964,0.0613145664985398
5,1651088537.3302145,0.1550530762339589
