,time,value
0,1650896408.9026225,-1.6605953755434204
1,1650902227.9502254,-0.14583240106894932
2,1650907932.8284204,2.752257344029406
3,1650913632.0239892,0.38599984724395126
4,1650919351.5362737,0.08837213447255783
