,time,value
0,1650896409.169177,0.1546934773295407
