,time,value
0,1650896409.148968,0.15430557734762607
1,1650902228.450873,0.15430557734762607
2,1650908001.3285213,2.4747396492194813
3,1650913733.0903554,1.0090681797778767
4,1650919449.6621916,-0.04457842529497035
