,time,value
0,1650677532.319958,0.0501560982759196
