,time,value
0,1651244186.372692,1.3397951802391317
1,1651244495.6525986,1.3260306269341755
2,1651244781.240769,-0.6467104501803236
3,1651245086.6832323,-0.0697776653794438
4,1651245392.6333008,-0.0669020847872046
5,1651245699.5118608,0.2264970072133354
6,1651245990.7555494,1.067870526453247
7,1651246298.6066236,0.0994568660849167
8,1651246585.7135649,2.1567122996230643
9,1651247478.779412,-0.1397870196385645
10,1651247788.3165083,0.246054140635573
11,1651248100.6908877,-1.5994644532271327
