,time,value
0,1650657648.5903964,0.0
1,1650677534.22592,0.06969027925151319
