,time,value
0,1650896409.140334,0.1550530762339589
