,time,value
0,1650896408.91389,0.1559303886383702
1,1650902227.9623575,0.1559303886383702
2,1650907942.1395116,2.4261017740580777
3,1650913644.614704,0.7618250220728061
4,1650919370.1552022,-0.410167490863756
