,time,value
0,1650896408.8941352,0.1550530762339589
1,1650902227.943371,0.1550530762339589
2,1650907918.6299863,1.6274671281544149
