,time,value
0,1650896409.106568,-2.0439986346583243
1,1650902228.3932896,0.1550530762339589
