,time,value
0,1651084786.689951,-0.416559102142081
1,1651085964.0407505,-2.1342259557893617
2,1651086905.3698485,-0.6419017914448139
3,1651087218.143401,-0.2105626464183553
4,1651087495.197209,-0.6585113945014279
5,1651087767.0576415,2.369491964572568
6,1651088091.272961,0.0111408005664498
7,1651088420.246896,0.1553713092773898
8,1651088697.8854396,0.4353046349361607
9,1651108697.7584305,0.0641094855261485
