,time,value
0,1650896408.8988016,0.15505307623395898
