,time,value
0,1650677532.2027757,0.0613124814683446
