,time,value
0,1650896408.95476,0.15615847838128863
1,1650902227.998667,0.15615847838128863
