,time,value
0,1650896408.988137,0.1563633272595131
1,1650902228.026152,0.1563633272595131
