,time,value
0,1650896408.8956048,0.04853717783932023
