,time,value
0,1650896409.1025224,0.5310952911363659
1,1650902228.390537,0.5310952911363659
2,1650907942.1473112,2.1940791568277067
3,1650913644.628204,0.2020022204505979
4,1650919370.1663313,0.011140800566449836
