,time,value
0,1651156632.3623912,-0.07806320276521998
1,1651159033.1804767,0.6223988877745033
2,1651161454.4681542,-1.1252908067341634
3,1651163829.7819815,0.15741484436361505
4,1651166229.633182,0.15741484436361505
5,1651168631.7073019,-1.0202879884321518
6,1651170979.2392812,2.1290431179247746
7,1651173384.3373125,0.32087192371790013
8,1651175782.9636216,-0.08948466656833737
9,1651178200.0632646,1.5928151883844333
