,time,value
0,1650896408.9130554,0.15707646316086807
1,1650902227.9616938,0.15707646316086807
2,1650907942.13845,2.4747396492194813
3,1650913644.6136,0.8656781844563757
4,1650919370.154169,-0.2361280180120055
