,time,value
0,1650677532.258719,0.0641094855261485
