,time,value
0,1650896409.144851,-2.1556486441957885
1,1650902228.4446518,-0.5116601379289974
2,1650907991.8042629,2.427691724742356
