,time,value
0,1651084842.3325715,-0.6466022923654474
1,1651085994.0974138,-2.2515024935487093
2,1651086937.8990839,-0.49205548732686005
3,1651087258.2514417,-0.19060734347270503
4,1651087528.4279478,-0.5848982600021341
5,1651087791.9014735,2.5672455474894535
6,1651088125.9877646,0.33526648251963853
7,1651088483.257216,0.1559303886383702
8,1651108731.7807908,0.061314566498539856
