,time,value
0,1650896409.1100256,0.1550530762339589
1,1650902228.3962123,0.1550530762339589
2,1650907951.8146758,2.567245547489453
3,1650913654.9880023,0.3743802646237064
4,1650919392.7325475,-0.1453915155323827
