,time,value
0,1651156671.3614755,0.15615847838128863
1,1651159069.1889887,-0.13411446533179575
2,1651161499.3720894,-1.7338262745662345
3,1651163856.672835,-0.13411446533179575
4,1651166268.1587808,-0.13411446533179575
5,1651168682.7347832,-0.3027633759569603
6,1651171051.176091,1.562900015510308
7,1651173443.1153054,-0.13411446533179575
8,1651175857.0932903,0.15615847838128863
9,1651178243.3028448,2.4261017740580777
10,1651195140.879573,0.050156098275919644
