,time,value
0,1650657648.609882,0.0
1,1650677534.240257,0.061314566498539856
