,time,value
0,1651156671.3325577,0.15388820821989085
1,1651159069.1556895,0.9223168074306319
2,1651161499.3558083,-1.0575531659719806
3,1651163856.655714,-0.13416631078986113
4,1651166268.1319973,-0.13416631078986113
5,1651168682.7008476,-0.7888894316093957
6,1651171051.139546,2.8447632422993725
7,1651173443.0963843,-0.13416631078986113
8,1651175857.07005,0.15388820821989085
9,1651178243.287061,1.1752246573354386
10,1651195140.8475528,0.07248798966046721
