,time,value
0,1650896408.902516,0.1550530762339589
1,1650902227.950158,0.1550530762339589
2,1650907932.828351,2.4261017740580777
3,1650913632.0238686,0.2163593834355703
4,1650919351.5310154,-0.2565495688113379
