,time,value
0,1650896409.1064787,-1.8973801936193575
1,1650902228.3931856,0.1524057322673803
2,1650907942.1544666,2.8447632422993725
