,time,value
0,1650896409.162599,-0.5263815987823607
1,1650902228.4724562,0.08336664507422284
