,time,value
0,1650896409.1222208,0.1546934773295407
