,time,value
0,1650677532.1975503,0.0613145664985398
