,time,value
0,1650677532.276611,0.0669071959351023
