,time,value
0,1650657648.6396039,0.0
1,1650677534.2669144,0.04736570141323737
