,time,value
0,1650896408.9006631,0.1556634105026511
1,1650902227.9483562,0.1556634105026511
2,1650907932.8258193,2.8447632422993725
3,1650913632.0203335,1.2815058033419657
