,time,value
0,1650677532.2838173,0.06410948552614852
