,time,value
0,1650677532.206014,0.06410948552614852
