,time,value
0,1650677532.2425122,0.061314566498539856
