,time,value
0,1650657648.5749474,0.0
1,1650677534.2133834,0.0706226139374478
