,time,value
0,1651086959.631923,-1.4196423331124288
1,1651087289.0459235,-0.35016503655715187
2,1651087549.8460016,-0.5103974122698408
3,1651087807.8681567,2.5672455474894535
4,1651088149.5471585,-0.0362152109485223
5,1651088537.3286188,-1.9552051681084726
