,time,value
0,1650896409.164279,0.15388820821989085
1,1650902228.4753315,0.15388820821989085
