,time,value
0,1650896408.916915,-1.8973801936193575
1,1650902227.9649208,0.1524057322673803
2,1650907942.1422966,2.8447632422993725
3,1650913644.6184068,2.8447632422993725
4,1650919370.1574783,-0.872759771629093
