,time,value
0,1650896408.9209683,0.1559303886383702
1,1650902227.9679449,0.1559303886383702
2,1650907951.7994666,1.904444811911226
3,1650913654.9800906,0.4012188314624872
4,1650919392.686386,0.0752783865231494
