,time,value
0,1650677532.3126042,0.06969759279778467
