,time,value
0,1651156648.3673,-0.8201781452736822
1,1651159051.4891567,-0.13540220152785068
2,1651161477.0847096,-1.7752719689825482
3,1651163842.653586,-0.13540220152785068
4,1651166248.172766,-0.13540220152785068
5,1651168657.449798,-0.9508368632941536
6,1651171033.4604867,2.1510070427713814
7,1651173426.3737214,-0.13540220152785068
8,1651175832.0874012,0.2199640685317163
9,1651178225.35311,1.7890031200659684
10,1651195109.8444612,0.16774933572614295
