,time,value
0,1651084842.3218277,-0.3802716903347428
1,1651085994.0873585,-2.053748910631822
2,1651086937.8899949,-1.5785715296111813
3,1651087258.2423232,-0.1991785761956848
4,1651087528.4191206,-0.6268722978196029
5,1651087791.8922172,2.158996595278737
6,1651088125.9787338,0.1623222769195313
7,1651088482.9940906,0.0164099092602716
