,time,value
0,1650677532.235508,0.0613145664985398
