,time,value
0,1651156632.3412266,0.15707646316086807
1,1651159033.162489,1.777077098777975
2,1651161454.444575,-0.6815119195824697
3,1651163829.7056406,-0.13408756399198804
4,1651166229.6035607,-0.13408756399198804
5,1651168631.6899025,-0.49900228007558534
6,1651170979.2058196,2.8447632422993725
7,1651173384.3039265,-0.13408756399198804
8,1651175782.9459345,0.15707646316086807
9,1651178199.7771354,1.3902781030993898
