,time,value
0,1650677532.2788892,0.0585220846056623
