,time,value
0,1650896408.8941352,0.15505307623395898
1,1650902227.943371,0.15505307623395898
2,1650907918.6299863,1.6274671281544149
