,time,value
0,1650677532.2091892,0.0641094855261485
