,time,value
0,1650677532.3137417,0.06410948552614852
