,time,value
0,1650657648.5847335,0.0
1,1650677534.221714,0.0613145664985398
