,time,value
0,1651084814.1974807,-0.5263162866690575
1,1651085978.5531292,-2.1883603585473606
2,1651086919.6616218,-1.7487950648451853
3,1651087235.8579526,-0.35016503655715187
4,1651087513.3690045,-0.6785522152439152
5,1651087779.3047218,2.5672455474894535
6,1651088109.0843058,0.1116596539438957
7,1651088435.5419898,0.1556634105026511
8,1651108697.7919424,0.061314566498539856
