,time,value
0,1650896408.9205585,0.1559303886383702
