,time,value
0,1650657648.6272042,0.0
1,1650677534.2545972,0.0613145664985398
