,time,value
0,1650657648.591423,0.0
1,1650677534.226741,0.0706226139374478
