,time,value
0,1651156632.3453703,0.1538882082198908
1,1651159033.1679523,1.000908169337378
2,1651161454.4499474,-0.5616408378885596
3,1651163829.710137,-0.1341663107898611
4,1651166229.6122277,-0.1341663107898611
5,1651168631.6945708,-0.2827799761980796
6,1651170979.2150302,2.752257344029406
7,1651173384.3127806,-0.1341663107898611
