,time,value
0,1650677532.298088,0.06410948552614852
