,time,value
0,1650657648.579356,0.0
1,1650677534.2172346,0.055731687742979895
