,time,value
0,1651086959.6464071,-1.4389530693575592
1,1651087289.0707865,-0.1425583555939223
2,1651087549.8587573,-0.6785522152439152
3,1651087807.8814294,1.994120889166806
4,1651088149.5597522,0.03342897326973
5,1651088537.3417213,0.1559303886383702
