,time,value
0,1650896408.9310987,0.1561584783812886
1,1650902227.978915,0.1561584783812886
2,1650907967.2771606,2.4261017740580777
3,1650913667.675012,1.3050472446839538
