,time,value
0,1651156671.3612342,-2.327927293721685
1,1651159069.1888611,-0.1341144653317957
2,1651161499.372017,-0.3816331107089495
3,1651163856.6727695,-0.1341144653317957
4,1651166268.158615,-0.1341144653317957
