,time,value
0,1651156671.3392901,-1.0614320231920689
1,1651159069.1648047,1.904444811911226
2,1651161499.3600116,-1.3226487442906467
3,1651163856.6593752,0.16051437761186196
4,1651166268.1379988,0.16051437761186196
5,1651168682.7087371,0.1566371695056786
6,1651171051.158023,1.7390680778390077
7,1651173443.1006262,0.16051437761186196
8,1651175857.0751164,-0.32891197566572217
9,1651178243.2910058,1.2037173214291048
