,time,value
0,1650896408.9645948,-0.5920491067813731
1,1650902228.0076532,0.15681643796043418
2,1650908001.3064797,1.0492669858730603
3,1650913733.0832307,-1.3407881884731836
4,1650919449.6514947,0.04736570141323737
