,time,value
0,1650657648.658676,0.0
1,1650677534.2809646,0.055733422495748
