,time,value
0,1650896409.1571503,0.15505307623395898
1,1650902228.46384,0.15505307623395898
