,time,value
0,1650677532.2058706,0.05573342249574802
