,time,value
0,1650677532.2379036,0.0631755260837265
