,time,value
0,1650677532.2128742,0.07807924502201828
