,time,value
0,1650896408.9687693,0.15654581461011022
1,1650902228.01069,0.15654581461011022
2,1650908001.324041,1.3130374384340973
3,1650913733.0877116,-1.8595275215391052
4,1650919449.658745,-0.27362111217577173
