,time,value
0,1650896409.1534023,0.15505307623395898
1,1650902228.4582703,0.15505307623395898
2,1650908001.3470125,2.4261017740580777
3,1650913733.0948489,0.9883234574708895
4,1650919449.6697862,0.13133315085140074
