,time,value
0,1650896408.986101,0.15636332725951319
1,1650902228.024528,0.15636332725951319
