,time,value
0,1650657648.5586083,0.0
1,1650677534.207333,0.0613145664985398
