,time,value
0,1650677532.3126981,0.07807924502201828
