,time,value
0,1650896408.9736652,0.1563633272595131
1,1650902228.014741,0.1563633272595131
