,time,value
0,1650896409.1297061,0.15707646316086807
