,time,value
0,1650896409.1213903,0.1553713092773898
1,1650902228.4097168,0.1553713092773898
2,1650907967.2966986,1.4196423331124288
3,1650913667.6882746,0.2162955642006877
4,1650919406.458967,0.1510390427794537
