,time,value
0,1651084814.1886294,-0.3923089130690536
1,1651085978.539027,0.1550530762339589
2,1651086919.653767,-0.5232243108458613
3,1651087235.8503768,-0.4353046349361607
4,1651087513.361096,-0.6767110569485053
5,1651087779.2970428,2.3484445862387835
6,1651088109.0771368,0.1257013670772349
7,1651088435.5059917,0.1550530762339589
8,1651108697.7743814,0.0752783865231494
