,time,value
0,1651502053.8848248,2.8447632422993725
1,1651504358.6676054,-0.1455152122929978
2,1651506810.6558506,-1.0904364699269553
3,1651509220.9168026,2.5374199788677045
4,1651511613.4476082,-1.1813543738671366
5,1651514023.8332152,-0.127499804476792
6,1651516406.4965105,-1.837236034481185
7,1651518777.1285114,0.6560303935651539
8,1651521202.738955,0.1456874466586364
9,1651523614.5368357,2.61142469748368
