,time,value
0,1650896409.1003807,0.15388820821989085
1,1650902228.388588,0.15388820821989085
2,1650907942.1448314,2.8447632422993725
3,1650913644.6230326,1.1752246573354392
4,1650919370.1629112,-0.26546001416655796
