,time,value
0,1651084842.325536,-0.4716984961228074
1,1651085994.0903437,-1.8657326624989503
2,1651086937.8934371,-1.1882321989610298
3,1651087258.2452476,-0.1707735130755428
4,1651087528.4220462,-0.3144555930106893
5,1651087791.8956742,2.327927293721684
6,1651088125.9817624,-0.1200622294405019
7,1651088483.0737174,0.1561584783812886
