,time,value
0,1651674799.6960282,-1.02061602477555
1,1651677159.9203062,-0.0178141644608453
2,1651679554.6036477,0.672112628610193
3,1651681969.3073957,1.2778263298194064
4,1651684361.3361568,0.5043605479019084
5,1651686752.2139213,-0.3533798351823931
6,1651689176.3857455,-0.7179830497216156
7,1651691553.7433228,-0.653024625923493
