,time,value
0,1651084842.3226955,-0.2390698230702085
1,1651085994.0879476,-1.947072964689681
2,1651086937.8905823,-1.1012959051125446
3,1651087258.242903,-0.2649931362615783
4,1651087528.4197018,-0.4495678025122815
5,1651087791.8928163,2.4261017740580777
6,1651088125.9793828,0.2881549366038248
7,1651088483.0302374,-2.2515024935487093
