,time,value
0,1651084771.969525,-0.590123316448149
1,1651085956.2875235,-2.1556486441957885
2,1651086898.3422391,-1.7105105307719444
3,1651087208.2685654,-0.1510390427794537
4,1651087487.3997216,-0.7288504928035004
5,1651087760.0085087,2.484926166830722
6,1651088080.9327345,-0.1144767326625659
7,1651088412.9224868,-2.319200186612599
8,1651088688.6596649,0.2307137629221533
