,time,value
0,1650677532.2809217,0.0473657014132373
