,time,value
0,1651156671.3506908,-1.833007835720153
1,1651159069.1732373,-0.13410064270014022
2,1651161499.3640108,-0.7433875470221089
3,1651163856.664017,-0.13410064270014022
4,1651166268.1443622,-0.13410064270014022
5,1651168682.7170699,-0.4743876397679628
