,time,value
0,1650677532.285005,0.0641094855261485
