,time,value
0,1650677532.2178488,0.0613145664985398
