,time,value
0,1651084842.3252654,-0.34467803215375586
1,1651085994.0900598,0.33561410364418176
2,1651086937.893136,-1.1649857451141838
3,1651087258.2449622,-0.4111211087962563
4,1651087528.4217613,-0.6470010017677016
5,1651087791.895377,2.4276917247423553
6,1651088125.9814785,0.5912378467895911
7,1651088483.0730402,0.33561410364418176
