,time,value
0,1650677532.269114,0.08369184739327895
