,time,value
0,1650677532.244815,0.061314566498539856
