,time,value
0,1651156671.1619132,-1.6326829695668044
1,1651159069.1821356,0.7767257837294744
2,1651161499.3687005,-1.0133486193499706
3,1651163856.6695704,0.157414844363615
4,1651166268.1515105,0.157414844363615
5,1651168682.727513,-0.5095501982336492
6,1651171051.172706,2.172283831479765
7,1651173443.111442,0.157414844363615
8,1651175857.0868323,-1.3902781030993898
9,1651178243.2995646,1.0731357003511235
10,1651195140.8749895,0.1485022039104551
