,time,value
0,1651084857.585137,-0.3563614518401794
1,1651086002.5777376,-2.086626787436779
2,1651086946.732634,-1.784765108252511
3,1651087267.1411483,-0.16232227691953133
4,1651087536.6796827,-0.7426450576974004
5,1651087797.587334,2.4276917247423553
6,1651088135.1128495,0.23925121228172036
7,1651088525.9052203,-0.14570435934081416
