,time,value
0,1650896409.1037753,0.1546934773295407
1,1650902228.391419,0.1546934773295407
2,1650907942.149945,2.4261017740580777
3,1650913644.6300578,0.6526890146224253
4,1650919370.167987,0.0390038730584364
