,time,value
0,1650677532.2976246,0.04736570141323737
