,time,value
0,1651156648.3734534,0.1534264987220635
1,1651159051.5202038,0.8373493042409064
2,1651161477.0956106,-0.961100857709188
3,1651163842.6616087,-0.1342012356656714
4,1651166248.1828766,-0.1342012356656714
5,1651168657.462028,-0.6598077530823501
6,1651171033.5454,2.8447632422993725
7,1651173426.381732,-0.1342012356656714
8,1651175832.095959,0.1534264987220635
9,1651178225.3685951,1.2122732386167965
10,1651195109.856831,0.0780792450220182
