,time,value
0,1650657648.6522818,0.0
1,1650677534.2754068,0.061314566498539856
