,time,value
0,1651084827.9613554,-0.3145488241902406
1,1651085986.709238,-2.1556486441957885
2,1651086929.5560927,-1.6523107706021543
3,1651087248.0593271,-0.1481997518187899
4,1651087520.5127463,-0.4908964506228422
5,1651087785.7199602,2.4261017740580777
6,1651088116.4804668,0.27087318946776173
7,1651088450.6427672,0.5578115712969871
