,time,value
0,1650896408.9024274,0.1553713092773898
1,1650902227.949834,0.1553713092773898
2,1650907932.828207,2.4276917247423557
3,1650913632.023615,0.9943053351647876
4,1650919351.5307782,-0.3532543842518351
