,time,value
0,1651502078.952526,2.8447632422993725
1,1651504372.3381855,-0.1453773142534294
2,1651506841.008422,-1.3125428964842487
3,1651509245.7845497,2.5726340739113933
4,1651511634.4889052,-1.01570921599664
5,1651514047.1040142,-0.1408488521512114
6,1651516429.802579,-2.2170255246084256
7,1651518812.624078,2.8447632422993725
8,1651521226.4657145,1.5184980572589315
9,1651523640.5100486,2.559846407693691
