,time,value
0,1651086959.6340814,-1.8772378009705526
1,1651087289.0511081,-0.5011293691857905
2,1651087549.847616,-1.0074034344709037
3,1651087807.8700495,2.3949668979635588
4,1651088149.5494964,0.061314566498539856
5,1651088537.3302143,0.15505307623395898
