,time,value
0,1651086959.6449327,-0.46503120447626606
1,1651087289.0685387,0.08366420880777346
2,1651087549.8574784,-0.49768857892779783
3,1651087807.8803203,1.8301898764934272
4,1651088149.5586736,-0.0362152109485223
5,1651088537.3406339,-2.1556486441957885
