,time,value
0,1650896408.895048,0.1550530762339589
1,1650902227.9440455,0.1550530762339589
2,1650907918.6313386,1.7105105307719453
3,1650913603.8456955,0.8701323061798296
