,time,value
0,1651502078.9412773,0.6448333643324522
1,1651504372.329221,-0.145964205917806
2,1651506840.9827857,-1.555934691968873
3,1651509245.7756128,2.264598353641627
4,1651511634.284946,-0.3804728853160659
5,1651514047.095372,-0.1324076891499491
6,1651516429.7942817,-2.102396175673425
7,1651518812.6160693,2.8447632422993725
8,1651521226.2056484,1.6780705182209088
9,1651523640.4144843,2.481141957499378
