,time,value
0,1650677532.246915,0.0641094855261485
