,time,value
0,1650657648.6659002,0.0
1,1650677534.2870874,0.0641094855261485
