,time,value
0,1650896408.8946724,-0.37998257247147926
1,1650902227.9437654,0.15707646316086807
2,1650907918.6307333,2.8447632422993725
3,1650913603.8392758,0.8219588218226999
4,1650919332.5996768,0.15942782803391747
