,time,value
0,1650677532.2921534,0.0501560982759196
