,time,value
0,1650896408.971562,0.1559303886383702
1,1650902228.0130367,0.1559303886383702
