,time,value
0,1650677532.293402,0.06410948552614852
