,time,value
0,1650657648.6055171,0.0
1,1650677534.236423,0.061314566498539856
