,time,value
0,1651084857.5794585,-0.5693728583348171
1,1651086002.5668194,-2.1883603585473606
2,1651086946.727213,-1.1744116096961839
3,1651087267.1357126,-0.262269720280953
4,1651087536.6748514,-0.7011185569266567
5,1651087797.5822818,2.3694919645725676
6,1651088135.107077,-0.1849525080940804
7,1651088525.9004114,0.1553713092773898
