,time,value
0,1650677532.2031355,0.0613145664985398
