,time,value
0,1650896409.098603,0.1550530762339589
