,time,value
0,1651502078.9661288,2.8447632422993725
1,1651504372.3918846,-0.14574097065617975
