,time,value
0,1650677532.2420454,0.0669071959351023
