,time,value
0,1650677532.20964,0.06317552608372656
