,time,value
0,1651156648.3734534,0.15342649872206354
1,1651159051.5202038,0.8373493042409064
2,1651161477.0956106,-0.9611008577091879
3,1651163842.6616087,-0.13420123566567146
4,1651166248.1828766,-0.13420123566567146
5,1651168657.462028,-0.6598077530823501
6,1651171033.5454,2.8447632422993725
7,1651173426.381732,-0.13420123566567146
8,1651175832.095959,0.15342649872206354
9,1651178225.3685951,1.2122732386167963
10,1651195109.856831,0.07807924502201828
