,time,value
0,1650657648.584462,0.0
1,1650677534.221499,0.0641094855261485
