,time,value
0,1650677532.2408156,0.0641094855261485
