,time,value
0,1651156632.3438165,0.1559303886383702
1,1651159033.165241,2.18836035854736
2,1651161454.447419,-0.4378079505894551
3,1651163829.7083683,-0.1341144653317957
4,1651166229.6096184,-0.1341144653317957
5,1651168631.6928,-0.2563896670747693
6,1651170979.210883,2.327927293721684
7,1651173384.3089013,0.3085491715753639
8,1651175782.948998,-1.777077098777975
