,time,value
0,1650896408.9109807,0.1553713092773898
1,1650902227.9595459,0.1553713092773898
2,1650907942.134012,2.3949668979635588
3,1650913644.610173,0.5266956680474267
4,1650919370.1517508,0.050156098275919644
