,time,value
0,1650657648.61271,0.0
1,1650677534.243446,0.0669071959351023
