,time,value
0,1650677532.306578,0.061314566498539856
