,time,value
0,1650896409.1050513,0.1559303886383702
1,1650902228.3921793,0.1559303886383702
2,1650907942.1521497,2.4261017740580777
3,1650913644.631527,-0.7922764069200455
4,1650919370.169409,-0.1707735130755428
