,time,value
0,1650657648.6107273,0.0
1,1650677534.24175,0.0752783865231494
