,time,value
0,1651244235.7458148,0.9513457954926402
1,1651244544.9550924,1.3510118148726846
2,1651244837.9386048,-0.5305063091667072
3,1651245147.2264442,-0.30006172333414255
4,1651245445.1109345,0.1738969093395962
5,1651245746.614517,0.23925121228172036
6,1651246037.7375596,1.4009485864657316
7,1651246349.7230582,-0.25074378022101207
8,1651246631.2286417,1.7634278787334148
