,time,value
0,1650677532.211071,0.0613145664985398
