,time,value
0,1650896409.090163,0.5310280575258792
1,1650902228.3805127,0.5310280575258792
2,1650907918.9120207,2.412009083249977
3,1650913603.933633,0.5230899832611403
4,1650919332.6112893,0.0
