,time,value
0,1650657648.624605,0.0
1,1650677534.2529607,0.0631755260837265
