,time,value
0,1650677532.2950814,0.0641094855261485
