,time,value
0,1650896408.8908346,0.05006544093813322
1,1650902227.9394917,0.15505307623395898
2,1650907875.0952296,2.3694919645725676
3,1650913556.6533284,0.4230397409953365
4,1650919317.3194811,-0.011140800566449697
