,time,value
0,1650677532.256335,0.050156098275919644
