,time,value
0,1650896408.9036255,0.1556634105026511
1,1650902227.951347,0.1556634105026511
2,1650907932.8291907,2.3949668979635588
3,1650913632.0253785,0.1991785761956848
4,1650919351.539318,-0.4534105015104142
