,time,value
0,1650896408.9457736,0.15707646316086807
1,1650902227.9914906,0.15707646316086807
2,1650907980.1103227,2.8447632422993725
3,1650913682.7848454,0.8819982053373722
4,1650919421.0864465,0.08924287887565444
