,time,value
0,1650896409.1409798,0.1553713092773898
1,1650902228.4378712,0.1553713092773898
