,time,value
0,1650657648.613271,0.0
1,1650677534.2438953,0.06410948552614852
