,time,value
0,1650896408.920655,0.1556634105026511
1,1650902227.9676075,0.1556634105026511
2,1650907951.798943,2.4261017740580777
3,1650913654.979775,0.1764483145231476
4,1650919392.6858861,-0.5589479025994536
