,time,value
0,1650657648.6097026,0.0
1,1650677534.240076,0.04736570141323737
