,time,value
0,1650896408.9824793,0.1553713092773898
1,1650902228.0225296,0.1553713092773898
