,time,value
0,1650896408.984076,-1.8443157624859232
1,1650902228.0231476,0.15505307623395898
