,time,value
0,1650657648.570923,0.0
1,1650677534.2123208,0.0641094855261485
