,time,value
0,1650657648.670775,0.0
1,1650677534.2935796,0.0696975927977846
