,time,value
0,1651084857.5768967,-0.5103974122698408
1,1651086002.5624886,-2.1342259557893617
2,1651086946.7248724,-1.3405216184907587
3,1651087267.1334152,-0.22197414612201524
4,1651087536.672558,-0.6826322204641645
5,1651087797.5794606,2.5672455474894535
6,1651088135.104392,-0.04736570141323737
7,1651088525.898152,0.1553713092773898
