,time,value
0,1650677532.2270489,0.0641094855261485
