,time,value
0,1650896408.938224,-0.3204622870172074
1,1650902227.985527,0.1559303886383702
2,1650907967.287659,2.08877151283819
3,1650913667.6839068,0.7886653478156939
4,1650919406.454286,0.37089454387038606
