,time,value
0,1650896409.0921917,0.1546934773295407
1,1650902228.3821626,0.1546934773295407
2,1650907932.8394983,2.8447632422993725
3,1650913632.0346477,0.8927163091440867
4,1650919351.5629056,-0.19640833122435
