,time,value
0,1650677532.308361,0.06969027925151319
