,time,value
0,1650677532.2147336,0.0752783865231494
