,time,value
0,1650896409.1181386,0.15505307623395898
1,1650902228.4046607,0.3268348933816139
2,1650907967.29097,2.3694919645725676
3,1650913667.6859398,0.5499408300536012
4,1650919406.4565914,-0.47589343599058914
