,time,value
0,1651084814.2018397,-0.489721868954047
1,1651085978.5572367,-1.9695593972966896
2,1651086919.6644182,-1.7575584552490702
3,1651087235.860992,-0.23071376292215331
4,1651087513.3717794,-0.4800024897595069
5,1651087779.3074973,2.169748438768273
6,1651088109.0878952,-0.24513126548790407
7,1651088435.552706,-0.04830907200304127
