,time,value
0,1650896409.0961874,0.5309504174381525
1,1650902228.385172,0.5309504174381525
