,time,value
0,1650896408.924258,0.1553713092773898
1,1650902227.9715476,0.1553713092773898
2,1650907951.8046978,2.3949668979635588
3,1650913654.9829583,0.6759250470591452
4,1650919392.7066848,-0.3000617233341425
