,time,value
0,1650896409.098603,0.15505307623395898
