,time,value
0,1650657648.5873632,0.0
1,1650677534.2237864,0.0669071959351023
