,time,value
0,1651084786.6994283,-0.4600379834218175
1,1651085964.0523553,-2.1342259557893617
