,time,value
0,1650896409.0869045,0.1556634105026511
1,1650902228.3783367,0.1556634105026511
2,1650907918.8758802,2.3949668979635588
3,1650913603.896163,1.8301898764934272
4,1650919332.6088572,-0.26513754334322265
