,time,value
0,1650677532.197826,0.061314566498539856
