,time,value
0,1650896409.1243143,0.5309504174381525
1,1650902228.4140103,-0.8025718880593095
2,1650907967.3006184,2.72142204460608
3,1650913667.6904008,0.4263172580114036
