,time,value
0,1651086959.6521654,-0.483204514332291
1,1651087289.0772643,-0.2827799761980796
2,1651087549.863596,-0.5024283826374285
3,1651087807.8862872,2.086626787436779
4,1651088149.564754,-0.0752783865231494
5,1651088537.3465695,0.1538882082198908
