,time,value
0,1650896409.0942435,0.15388820821989085
