,time,value
0,1650677532.2686205,0.0613145664985398
