,time,value
0,1650677532.2921534,0.050156098275919644
