,time,value
0,1650677532.3087454,0.0585220846056623
