,time,value
0,1650896408.9458668,-0.1458255802278226
1,1650902227.991578,-0.1458255802278226
2,1650907980.1104472,2.4747396492194813
3,1650913682.7849627,-0.10043372051146975
4,1650919421.0865135,0.2703724832274481
