,time,value
0,1650896408.9106205,0.1546934773295407
1,1650902227.9590285,0.1546934773295407
2,1650907942.1333737,2.8447632422993725
3,1650913644.60954,1.2827989764903147
