,time,value
0,1651084842.3288836,-0.5693728583348171
1,1651085994.0926878,-2.053748910631822
2,1651086937.8958015,-1.6274671281544155
3,1651087258.248189,-0.311752956430568
4,1651087528.424386,-0.6969164328921655
5,1651087791.8980134,2.567245547489453
6,1651088125.9840937,0.0641094855261485
7,1651088483.1723604,0.1553713092773898
8,1651108731.7770174,0.0641094855261485
