,time,value
0,1651084827.9588697,-0.7541562502890997
1,1651085986.705775,-2.2429148489392507
2,1651086929.5539415,-1.8135990258221584
3,1651087248.057194,-0.6413099778021256
4,1651087520.510558,-0.6171166805432963
5,1651087785.6996624,2.3484445862387835
6,1651088116.4782636,-0.0390038730584364
7,1651088450.6384742,0.1550530762339589
