,time,value
0,1650677532.3191552,0.0641094855261485
