,time,value
0,1650896408.9585583,0.1546934773295407
1,1650902228.0019994,0.1546934773295407
2,1650907991.7974682,2.109457831591186
3,1650913715.303239,1.3118166639498687
4,1650919437.3400676,-0.15950980435723514
