,time,value
0,1650896409.1474288,0.1559303886383702
1,1650902228.4486709,0.1559303886383702
2,1650908001.3254216,2.4261017740580777
3,1650913733.0884395,0.9887713292748407
4,1650919449.6600792,0.011140800566449836
