,time,value
0,1650657648.5851157,0.0
1,1650677534.2220488,0.0641094855261485
