,time,value
0,1651156632.3574166,-1.4855407829717624
1,1651159033.177092,0.7663293509905619
2,1651161454.4626417,-0.05573168774297976
3,1651163829.776183,0.16051437761186196
4,1651166229.627311,0.16051437761186196
5,1651168631.7040195,-0.5631491384553191
6,1651170979.2335713,2.448946230730774
7,1651173384.3331015,0.36432806020875486
8,1651175782.9603152,-0.1027768731353388
9,1651178199.8181095,0.8985565917048498
