,time,value
0,1651086959.6488829,-0.6939045752290709
1,1651087289.0734036,-0.07248067611419563
2,1651087549.860836,-0.38599984724395126
3,1651087807.8834953,2.4261017740580777
4,1651088149.561822,0.02506922179387868
5,1651088537.3438003,0.1556634105026511
