,time,value
0,1651084771.9822845,-0.5501416487535772
1,1651085956.3091426,-2.053748910631822
2,1651086898.3536978,-1.4201790692709682
3,1651087208.279663,-0.3644050626403171
4,1651087487.4109147,-0.8495855373182969
5,1651087760.0211208,2.2865479513109825
6,1651088080.944087,0.20189347914185077
7,1651088412.9343643,0.15707646316086807
8,1651088688.6832547,0.5372265830422973
