,time,value
0,1650657648.6415553,0.0
1,1650677534.2699294,0.0613145664985398
