,time,value
0,1650896409.1062784,0.1559303886383702
1,1650902228.3930538,0.1559303886383702
2,1650907942.1542094,2.4261017740580777
3,1650913644.6332316,1.150466449966311
4,1650919370.1710951,-0.190607343472705
