,time,value
0,1650896409.0809252,0.1556634105026511
1,1650902228.3735325,0.1556634105026511
2,1650907875.1947513,1.8657326624989505
3,1650913556.6900215,0.2854287242700859
4,1650919317.3525007,-0.19630258422428692
