,time,value
0,1650896408.9589279,-2.1342259557893617
1,1650902228.0022707,0.1559303886383702
2,1650907991.797779,2.4731496985352037
3,1650913715.3059642,0.35896805760914785
4,1650919437.3403802,0.23341470567712863
