,time,value
0,1651084800.6967194,-0.6488948409394115
1,1651085971.1157663,-2.041720057519389
2,1651086912.207422,-1.3806813037136776
3,1651087228.2308517,-0.3647329008803286
4,1651087505.0659664,-0.6627756411446488
5,1651087773.1314874,2.327927293721684
6,1651088100.5955467,-0.0362152109485223
7,1651088427.2995389,0.1561584783812886
8,1651108697.7627437,0.0613145664985398
