,time,value
0,1650896408.9248557,0.1550530762339589
1,1650902227.9724586,0.1550530762339589
2,1650907951.8055997,2.752257344029406
3,1650913654.983412,1.2036049357960965
