,time,value
0,1650657648.5818965,0.0
1,1650677534.219091,0.055731687742979895
