,time,value
0,1650896408.919232,0.15505307623395898
1,1650902227.9665694,0.15505307623395898
2,1650907942.1439352,2.8447632422993725
