,time,value
0,1650657648.5755198,0.0
1,1650677534.2137341,0.06410948552614852
