,time,value
0,1650677532.2107592,0.0631755260837265
