,time,value
0,1651156632.3458912,0.15636332725951319
1,1651159033.1682284,1.904444811911226
2,1651161454.4505534,-1.2692512839378773
3,1651163829.7104151,-0.13411446533179575
4,1651166229.6128054,-0.13411446533179575
5,1651168631.6948504,0.25346621053385343
6,1651170979.2155573,-0.13411446533179575
7,1651173384.3177123,-0.13411446533179575
8,1651175782.9515462,0.15636332725951319
9,1651178199.7860227,0.8738340031764723
10,1651195070.5035365,0.09980045601511707
