,time,value
0,1651086959.644011,-0.3942195910405949
1,1651087289.0674984,-0.3091371212769664
2,1651087549.856812,-0.6995785683706821
3,1651087807.8796372,2.4276917247423557
4,1651088149.558009,-0.0362152109485223
5,1651088537.339634,0.1546934773295407
