,time,value
0,1650677532.204435,0.0613145664985398
