,time,value
0,1650896408.968038,0.1553713092773898
