,time,value
0,1651084756.4355364,-0.3954940067638142
1,1651085948.9427059,-2.1556486441957885
2,1651086891.2731862,-1.6040464630021731
3,1651087198.498438,-0.3474074711700034
4,1651087476.704708,-0.5431851695874997
5,1651087752.6126642,2.148763434801497
6,1651088069.254137,0.18056975504696487
7,1651088404.8716807,-2.267879077485105
8,1651088676.7352505,0.6284609084349696
9,1651108657.0502348,0.11002832975071544
