,time,value
0,1650657648.6088688,0.0
1,1650677534.2392132,0.0631755260837265
