,time,value
0,1650677532.2656991,0.0613145664985398
