,time,value
0,1650657648.6405408,0.0
1,1650677534.267459,0.0613145664985398
