,time,value
0,1650657648.6217477,0.0
1,1650677534.2511084,0.0669071959351023
