,time,value
0,1650677532.203334,0.0641094855261485
