,time,value
0,1651084771.9739945,-0.6045841173237964
1,1651085956.2956743,-2.317420354521006
2,1651086898.3461878,-0.9545331204060775
3,1651087208.272464,-0.4009106966173895
4,1651087487.4036055,-0.9401084318687674
5,1651087760.0135896,2.5656555968051777
6,1651088080.936623,0.2209634121434589
7,1651088412.9264574,0.2705060463684939
8,1651088688.6694243,0.5912084432868405
9,1651108657.0295653,0.13110012817701014
