,time,value
0,1650896409.1366987,0.15654581461011022
1,1650902228.431745,0.15654581461011022
2,1650907980.1309447,1.0935058440762822
3,1650913683.0437891,-0.9193384735460205
4,1650919421.0997038,0.03342793483025524
