,time,value
0,1650657648.582848,0.0
1,1650677534.2197826,0.06969759279778467
