,time,value
0,1650657648.6206827,0.0
1,1650677534.250332,0.0520157846001186
