,time,value
0,1650677532.2925158,0.06410948552614852
