,time,value
0,1650677532.2589002,0.0473657014132373
