,time,value
0,1650896409.1638994,0.1556634105026511
1,1650902228.4747498,0.1556634105026511
