,time,value
0,1651156632.2468863,0.15505307623395898
1,1651159033.1791153,0.7302773240595273
2,1651161454.4662273,0.10045405015473777
3,1651163829.780035,-0.13411446533179575
