,time,value
0,1650896409.1715336,0.15505307623395898
1,1650902228.4866621,0.15505307623395898
