,time,value
0,1650677532.2447133,0.0585220846056623
