,time,value
0,1650677532.315544,0.0641094855261485
