,time,value
0,1650677532.2027755,0.06131248146834462
