,time,value
0,1650677532.2566247,0.04736570141323737
