,time,value
0,1650677532.236502,0.052944760385833824
