,time,value
0,1650896408.927782,0.1563633272595131
