,time,value
0,1650896409.101679,0.1566914830233663
1,1650902228.3896935,0.1566914830233663
2,1650907942.1462884,1.2097021176706488
