,time,value
0,1651156632.3400724,-1.777077098777975
1,1651159033.1618137,-0.13408756399198804
