,time,value
0,1651084756.4393585,-0.5762526177174435
1,1651085948.9469028,-1.6780705182209084
2,1651086891.2762709,-1.1005073910122758
3,1651087198.5165708,-0.1792036755453547
4,1651087476.707783,-0.4124631294414045
5,1651087752.6158216,2.4276917247423557
6,1651088069.25725,-0.0501543635231514
7,1651088404.8784697,-2.2865479513109794
8,1651088676.7383597,0.6536677761668961
