,time,value
0,1650896409.1417475,0.15505307623395898
1,1650902228.4390135,0.15505307623395898
2,1650907991.8007941,2.3949668979635588
3,1650913715.3187382,0.670057683191866
4,1650919437.3453927,-0.16232227691953133
