,time,value
0,1650896409.1024318,0.15654581461011022
1,1650902228.3904636,0.15654581461011022
2,1650907942.147222,1.5328242417999614
