,time,value
0,1651156632.3496733,-2.1556486441957885
1,1651159033.1725638,-0.13411446533179575
2,1651161454.4553077,-1.8301898764934257
3,1651163829.714975,-0.13411446533179575
4,1651166229.6211493,1.2815515655446008
5,1651168631.6991627,-0.8605486309550952
6,1651170979.2236242,1.7750080296744148
7,1651173384.3269444,0.2614598427742883
