,time,value
0,1650677532.193921,0.04829525544987556
