,time,value
0,1650657648.602241,0.0
1,1650677534.2345994,0.07248798966046721
