,time,value
0,1650896408.966414,0.15342649872206354
1,1650902228.0089886,0.15342649872206354
2,1650908001.308981,2.8447632422993725
3,1650913733.0854392,1.6143455651522869
4,1650919449.6540687,-0.5194076871722635
