,time,value
0,1650896409.1155481,0.1559303886383702
1,1650902228.4008126,0.1559303886383702
2,1650907951.8232358,1.7083513411752425
