,time,value
0,1650896409.0850005,0.2824587514722747
1,1650902228.3769991,0.1559303886383702
2,1650907918.8663156,-0.1341144653317957
