,time,value
0,1650677532.1970434,0.0641094855261485
