,time,value
0,1650896409.1162822,0.15636332725951319
1,1650902228.4014876,-0.12285461884635916
2,1650907951.8244848,1.6312633922683712
3,1650913654.9944065,0.9417872092454569
