,time,value
0,1650677532.2469153,0.06410948552614852
