,time,value
0,1650657648.5908935,0.0
1,1650677534.2263913,0.06690208478720465
