,time,value
0,1651084842.323228,-0.3087426037991478
1,1651085994.0883992,-2.188360358547361
2,1651086937.891031,-1.343861669340112
3,1651087258.2433438,-0.2419729332657548
4,1651087528.420144,-0.6116790330223331
5,1651087791.893731,2.4261017740580777
6,1651088125.9798362,-0.094841447783477
7,1651088483.0313206,0.1559303886383702
8,1651108731.7652287,0.0613145664985398
