,time,value
0,1650677532.2902904,0.0529447603858338
