,time,value
0,1651084814.1922762,-0.489721868954047
1,1651085978.5455763,-1.9695593972966896
2,1651086919.656874,-1.7575584552490702
3,1651087235.853868,-0.23071376292215331
4,1651087513.3641777,-0.5060026053095052
5,1651087779.3006203,2.4747396492194813
