,time,value
0,1650896408.927782,0.15636332725951319
