,time,value
0,1651156648.3757038,-2.3754278232499537
1,1651159051.5306785,0.8791325139613491
2,1651161477.099037,-0.0779831565553946
3,1651163842.6643236,1.9290050816230795
4,1651166248.186105,0.15741484436361505
5,1651168657.4662993,-0.4241876114981064
6,1651171033.5503297,2.586765312758865
7,1651173426.384282,0.15741484436361505
8,1651175832.098544,-1.2324587197131793
9,1651178225.3718095,1.382822698738863
