,time,value
0,1650677532.3122246,0.0641094855261485
