,time,value
0,1650896408.9448092,-0.3493078239762402
