,time,value
0,1651084814.1903226,-0.2881549366038248
1,1651085978.5418954,-2.0958544602773874
2,1651086919.6552794,-1.3130374384340977
3,1651087235.8522778,-0.16508840566169
4,1651087513.3626192,-0.5188621290147147
5,1651087779.2985482,2.2354213954517133
6,1651088109.0786424,0.1200622294405019
7,1651088435.5220108,0.1565458146101102
