,time,value
0,1651156632.3400724,-1.777077098777975
1,1651159033.1618135,-0.134087563991988
