,time,value
0,1650657648.6394348,0.0
1,1650677534.2667875,0.0613145664985398
