,time,value
0,1650896408.9002855,0.1561584783812886
