,time,value
0,1650896409.163448,-2.053748910631822
1,1650902228.4738758,0.15505307623395898
