,time,value
0,1650677532.260105,0.0613145664985398
