,time,value
0,1650657648.599729,0.0
1,1650677534.231959,0.061314566498539856
