,time,value
0,1650896408.939247,0.1546934773295407
1,1650902227.9862921,0.1546934773295407
