,time,value
0,1651084814.188808,-0.419156514989049
1,1651085978.5392754,-1.8657326624989503
2,1651086919.6538985,-1.150466449966311
3,1651087235.8505075,-0.1566371695056786
4,1651087513.3612278,-0.3828743697296879
5,1651087779.2971804,2.327927293721684
6,1651088109.0772674,0.0724806761141955
7,1651088435.5062966,0.1638497453530097
8,1651108697.774532,0.0585220846056623
