,time,value
0,1650677532.27802,0.0641094855261485
