,time,value
0,1650896408.922582,-0.2908020564731017
1,1650902227.96979,0.15430557734762607
2,1650907951.8022146,2.086626787436779
