,time,value
0,1650896409.0821304,0.1559303886383702
1,1650902228.3744853,0.1559303886383702
2,1650907918.8187723,2.327927293721684
3,1650913603.8581247,0.3322263734348992
4,1650919332.6052818,0.0976458138683305
