,time,value
0,1651086959.6452234,-1.6040464630021731
1,1651087289.0689163,-0.16232227691953133
2,1651087549.8576725,-0.6725714603566355
3,1651087807.8805404,2.3484445862387835
4,1651088149.558867,0.08087172691489593
5,1651088537.3408334,0.1553713092773898
