,time,value
0,1650896409.138934,0.1565458146101102
1,1650902228.4347296,0.1565458146101102
2,1650907991.7988188,1.613218591349039
3,1650913715.3077698,1.4869778520190362
4,1650919437.342122,-0.2304707111894558
