,time,value
0,1650896409.171983,0.1553713092773898
1,1650902228.487507,0.1553713092773898
