,time,value
0,1650657648.6244712,0.0
1,1650677534.2528946,0.07527838652314948
