,time,value
0,1651084786.6960096,-0.3657959951795448
1,1651085964.048768,-2.19928174656752
2,1651086905.3752303,-1.519386571452528
3,1651087218.14872,-0.4486672421621178
4,1651087495.2025578,-0.7476496149275441
5,1651087767.1033766,2.3949668979635588
6,1651088091.2798684,0.1454601503734211
7,1651088420.2526803,0.1538882082198908
8,1651088697.8907058,1.0449467938685075
