,time,value
0,1651588379.1750207,0.6090775270806101
1,1651590752.821468,0.4690247865652803
2,1651593188.587073,1.0603494373014797
3,1651595559.42038,-0.098332933548498
4,1651597955.9972255,0.4690247865652803
5,1651600369.7920208,1.5728567021131348
6,1651602769.2079203,-2.358211579650743
7,1651605152.0167987,2.3279272937216837
8,1651607567.8651423,-0.6234590900711704
9,1651609958.8157642,0.4690247865652803
