,time,value
0,1650677532.20964,0.0631755260837265
