,time,value
0,1650896408.9305048,0.1559303886383702
1,1650902227.978094,0.1559303886383702
2,1650907967.2764404,2.3949668979635588
3,1650913667.6745229,0.8235118844120057
