,time,value
0,1651084857.5897574,-0.44365399284162754
1,1651086002.5837333,0.15615847838128863
2,1651086946.7358217,-1.3510135442387707
3,1651087267.144316,-0.8142929763013443
4,1651087536.6836555,-0.509485696471925
5,1651087797.5919259,2.4261017740580777
6,1651088135.1163108,-0.022282984115086793
7,1651088525.9114995,0.15615847838128863
