,time,value
0,1650896409.107769,0.1550530762339589
1,1650902228.394173,-0.1366332638026885
2,1650907942.1563413,2.4276917247423557
3,1650913644.6356895,0.5767934069939192
4,1650919370.1733816,0.3326555167433763
