,time,value
0,1650657648.6187212,0.0
1,1650677534.2485943,0.06410948552614852
