,time,value
0,1650896408.9452815,-2.1556486441957885
1,1650902227.9911494,0.1556634105026511
2,1650907980.1096902,2.3949668979635588
3,1650913682.7842484,-0.2076780560110654
4,1650919421.086115,-0.055733422495748
