,time,value
0,1650657648.6525571,0.0
1,1650677534.2756393,0.061314566498539856
