,time,value
0,1650896409.0832415,-0.14556274936979624
