,time,value
0,1651084771.981725,-0.5501416487535772
1,1651085956.3085146,-2.1556486441957885
2,1651086898.3530684,-1.634174466908069
3,1651087208.2787209,-0.15660576911585486
4,1651087487.4102962,-0.5795534127505273
5,1651087760.0204873,2.8447632422993725
6,1651088080.9434655,-0.002785200141612432
7,1651088412.9337249,0.15707646316086807
8,1651088688.6820624,0.3377491142322769
9,1651108657.1309474,0.06131248146834462
