,time,value
0,1650896408.8908346,0.0500654409381332
1,1650902227.9394915,0.1550530762339589
2,1650907875.0952296,2.369491964572568
3,1650913556.6533284,0.4230397409953365
4,1650919317.3194811,-0.0111408005664496
