,time,value
0,1651156648.346998,-0.4750851472872883
1,1651159051.431684,-0.1341144653317957
2,1651161477.067468,-0.4537034861580112
3,1651163842.6395988,-0.1341144653317957
