,time,value
0,1651156671.3505647,0.5310280575258792
1,1651159069.172974,2.213174543179363
2,1651161499.3638816,-0.8955589403641137
3,1651163856.6636622,-0.6446644190201967
4,1651166268.144195,-0.6446644190201967
5,1651168682.7168045,-0.5669203467129402
6,1651171051.1653278,1.6186055083484359
