,time,value
0,1650657648.5797246,0.0
1,1650677534.217529,0.07807924502201828
