,time,value
0,1650657648.5709233,0.0
1,1650677534.2123208,0.06410948552614852
