,time,value
0,1651084756.4373288,-0.5204815328707384
1,1651085948.9449103,-2.086626787436779
2,1651086891.2748103,-0.40249328825181774
3,1651087198.5016365,-0.011140800566449697
4,1651087476.7063196,-0.5266956680474267
5,1651087752.614319,2.5672455474894535
6,1651088069.2557662,-0.016711892340768197
7,1651088404.8755927,0.15505307623395898
8,1651088676.7368906,0.5730622826275916
9,1651108657.0692008,0.06410948552614852
