,time,value
0,1650896409.0875516,0.154305577347626
1,1650902228.3788283,0.154305577347626
2,1650907918.8767052,2.8447632422993725
3,1650913603.9057283,1.2567457681496084
