,time,value
0,1651084800.6963606,-0.5138696063897618
1,1651085971.1153884,-2.1883603585473606
2,1651086912.2072072,-1.5785715296111813
3,1651087228.2306576,-0.33832237163903023
4,1651087505.0657678,-0.41655910214208103
5,1651087773.1312885,2.3694919645725676
6,1651088100.595334,-0.061314566498539856
7,1651088427.299168,0.1553713092773898
8,1651108697.7625194,0.06410948552614852
