,time,value
0,1650657648.6710455,0.0
1,1650677534.2939632,0.05573342249574802
