,time,value
0,1651084814.1899657,-0.08926105678550483
1,1651085978.5412738,-2.0439986346583243
2,1651086919.6549473,-1.6274671281544155
3,1651087235.8519506,-0.1481997518187899
4,1651087513.3622885,-0.848240092784959
5,1651087779.2982237,2.4276917247423553
6,1651088109.0783126,0.03900387305843642
7,1651088435.5213656,0.15505307623395898
8,1651108697.7757933,0.06410948552614852
