,time,value
0,1650896408.9178953,0.1546934773295407
