,time,value
0,1650657648.6544044,0.0
1,1650677534.2772157,0.06410948552614852
