,time,value
0,1651156648.36653,0.1556634105026511
1,1651159051.4877248,-0.1341144653317957
2,1651161477.0833387,-2.188360358547361
3,1651163842.652504,-0.1341144653317957
4,1651166248.17109,-0.1341144653317957
5,1651168657.447783,-0.4473606290570857
6,1651171033.458364,2.427691724742356
7,1651173426.372636,-0.1341144653317957
8,1651175832.0863092,0.1556634105026511
9,1651178225.3510282,1.6777857039931463
