,time,value
0,1651674826.1061969,-0.9791405360125188
