,time,value
0,1651084827.9601042,-0.5231908091547941
1,1651085986.7073123,-2.2515024935487093
2,1651086929.5549257,-0.9074418039333503
3,1651087248.0581734,-0.2105626464183553
4,1651087520.5115337,-0.565723426167159
5,1651087785.7176685,2.4261017740580777
6,1651088116.479239,0.02506922179387868
7,1651088450.6404748,0.1556634105026511
8,1651108731.7563167,0.061314566498539856
