,time,value
0,1651084800.7000608,-0.32394618615673715
1,1651085971.1189318,-2.053748910631822
2,1651086912.210991,-1.7575584552490702
3,1651087228.2324789,-0.5553898828600331
4,1651087505.0676014,-0.8369223636995491
5,1651087773.13317,1.7568844646802624
6,1651088100.597205,0.20212937573533074
7,1651088427.3025308,-0.08850734492770464
