,time,value
0,1650657648.5584264,0.0
1,1650677534.2072659,0.061314566498539856
