,time,value
0,1651156648.3690512,-2.8447632422993725
1,1651159051.4937837,0.9091265393281085
2,1651161477.0871384,-1.196409893349077
3,1651163842.655336,1.59321881802305
4,1651166248.1750689,1.59321881802305
5,1651168657.4523978,-0.36780519617570273
6,1651171033.4638963,2.2659088866978503
7,1651173426.3754716,0.3973024260159411
8,1651175832.089202,-0.1006384127750921
9,1651178225.3564837,1.1730911613130393
