,time,value
0,1651156671.3612342,-2.3279272937216855
1,1651159069.1888611,-0.13411446533179575
2,1651161499.372017,-0.38163311070894956
3,1651163856.6727695,-0.13411446533179575
4,1651166268.158615,-0.13411446533179575
