,time,value
0,1651156632.361729,-1.7665511013450323
1,1651159033.1796522,-0.1341144653317957
2,1651161454.4672692,-1.7377171837753844
3,1651163829.7810905,-0.1341144653317957
4,1651166229.6325097,-0.1341144653317957
5,1651168631.706932,-0.3771270889729936
6,1651170979.238624,1.8657326624989503
7,1651173384.3366876,-0.1341144653317957
8,1651175782.9632754,0.1556634105026511
