,time,value
0,1650677532.253672,0.0473657014132373
