,time,value
0,1651084842.3216496,-0.49768857892779783
1,1651085994.0871613,-2.053748910631822
2,1651086937.8897984,-1.2784954449436192
3,1651087258.2421293,-0.17362625560508502
4,1651087528.4189248,-0.5895552056617659
5,1651087791.8920221,2.211254783525256
6,1651088125.9785328,-0.07527838652314948
7,1651088482.9937122,0.052412881260529814
