,time,value
0,1650677532.259011,0.06410948552614852
