,time,value
0,1651084756.4380777,-0.30574626242404995
1,1651085948.9459202,-1.994120889166806
2,1651086891.2753453,-1.1429912084234166
3,1651087198.5028489,-0.35283987319438215
4,1651087476.7068574,-0.5222436676267586
5,1651087752.614851,2.4261017740580777
6,1651088069.256302,-0.1200622294405019
7,1651088404.8766294,0.15615847838128863
8,1651088676.7374303,0.509485696471925
9,1651108657.0702288,0.05852208460566235
