,time,value
0,1651084842.3342223,-0.5391685742107899
1,1651085994.098701,-2.053748910631822
2,1651086937.9005892,-0.434167624822164
3,1651087258.2527442,-0.3451220109024169
4,1651087528.4292474,-0.6598077530823497
5,1651087791.9027433,2.4747396492194813
6,1651088125.9890742,0.02506922179387868
7,1651088483.2597704,0.15342649872206354
8,1651108731.782272,0.07807924502201828
