,time,value
0,1650896409.1075704,-0.1454086431747888
1,1650902228.3940408,-0.1454086431747888
