,time,value
0,1650896409.1052322,0.1559303886383702
1,1650902228.3923106,0.1559303886383702
2,1650907942.1524394,2.567245547489453
3,1650913644.6318097,0.8442854715243702
4,1650919370.1696918,-0.2048020640396678
