,time,value
0,1650657648.6694703,0.0
1,1650677534.2912748,0.0613145664985398
