,time,value
0,1650657648.5998197,0.0
1,1650677534.2324393,0.061314566498539856
