,time,value
0,1651084800.6951382,-0.7906621377176503
1,1651085971.11449,-2.1342259557893617
2,1651086912.206401,-1.2924798161701756
3,1651087228.230199,0.0139263464536089
4,1651087505.0653028,-0.5789281394190997
5,1651087773.1308274,1.951492736388351
6,1651088100.5948749,-0.1004540501547377
7,1651088427.2982893,-0.461661076194438
