,time,value
0,1650896409.0803676,-0.14561991197707452
1,1650902228.3729715,-0.14561991197707452
2,1650907875.1877236,1.399992039958808
