,time,value
0,1650896408.9687693,0.1565458146101102
1,1650902228.01069,0.1565458146101102
2,1650908001.324041,1.3130374384340973
3,1650913733.0877116,-1.8595275215391047
4,1650919449.658745,-0.2736211121757717
