,time,value
0,1650677532.2534568,0.05573342249574802
