,time,value
0,1650896409.1056404,-0.6103063933120807
1,1650902228.3925745,0.15654581461011022
2,1650907942.1531239,2.2354213954517133
3,1650913644.6323225,-0.5971548947854712
4,1650919370.1701925,0.17220058052773957
