,time,value
0,1650677532.2680914,0.05852208460566235
