,time,value
0,1650677532.3133764,0.0529447603858338
