,time,value
0,1650896409.1548073,-0.14548849484647894
