,time,value
0,1650896409.1518824,0.1553713092773898
1,1650902228.4558794,0.1553713092773898
2,1650908001.332692,2.8447632422993725
3,1650913733.0936596,0.6684914551363867
4,1650919449.6674333,-0.011140800566449697
