,time,value
0,1650896408.8913045,0.157076463160868
1,1650902227.94037,0.157076463160868
2,1650907918.5749767,2.4747396492194813
