,time,value
0,1650657648.6664495,0.0
1,1650677534.287933,0.0641094855261485
