,time,value
0,1650677532.244815,0.0613145664985398
