,time,value
0,1650896409.1702404,0.1559303886383702
1,1650902228.4846764,0.1559303886383702
