,time,value
0,1650677532.255276,0.050156098275919644
