,time,value
0,1651084842.3249483,-0.7097231842068139
1,1651085994.089864,-2.053748910631822
2,1651086937.8929362,-0.4269658897916729
3,1651087258.244763,-0.3714345517681877
4,1651087528.4215667,-0.5635688892375328
5,1651087791.895169,2.1342259557893626
6,1651088125.9812815,0.2641694488442787
7,1651088483.072652,-0.0686693559018088
