,time,value
0,1650896408.9621468,0.1561584783812886
1,1650902228.0057034,0.1561584783812886
2,1650908001.302829,1.6795174236055948
3,1650913733.08051,0.2679274766122433
4,1650919449.6477177,0.0306416971514629
