,time,value
0,1650657648.6311917,0.0
1,1650677534.2582796,0.061314566498539856
