,time,value
0,1650677532.2450166,0.0641094855261485
