,time,value
0,1650896408.9290588,0.1553713092773898
1,1650902227.9761648,0.1553713092773898
