,time,value
0,1650657648.623515,0.0
1,1650677534.2522085,0.0706323653324766
