,time,value
0,1650677532.1954074,0.0613145664985398
