,time,value
0,1650896409.1449394,-0.14598032743088396
1,1650902228.444787,-0.14598032743088396
2,1650907991.8043637,2.8447632422993725
3,1650913715.3281453,0.7017669344836148
4,1650919437.3489728,-0.10326652271703399
