,time,value
0,1651502078.963631,2.245636216681783
1,1651504372.3900623,-0.1456199119770745
2,1651506841.0267377,-1.8304491970225607
3,1651509245.792827,2.5374199788677045
