,time,value
0,1650896408.9457736,0.157076463160868
1,1650902227.9914906,0.157076463160868
2,1650907980.1103227,2.8447632422993725
3,1650913682.7848454,0.8819982053373722
4,1650919421.0864463,0.0892428788756544
