,time,value
0,1650896408.9645019,0.1546934773295407
1,1650902228.0075865,-0.6161768921730953
2,1650908001.3063507,2.752257344029406
