,time,value
0,1650896409.1650186,0.1556634105026511
1,1650902228.4768293,0.1556634105026511
