,time,value
0,1651156671.1491082,-1.4514066228072915
1,1651159069.150795,-0.13424619361999166
2,1651161499.354163,-0.6066732974968663
3,1651163856.6541176,1.691665220978424
4,1651166268.1275945,1.1861690261641924
5,1651168682.6976092,-0.01994695579046067
6,1651171051.1365836,1.799745777680311
7,1651173443.0945494,0.8495855373182967
8,1651175857.0657878,-1.041210684968526
9,1651178243.2851405,1.1999112229811155
10,1651195140.8432734,0.06343492285261228
