,time,value
0,1651084800.6963606,-0.5138696063897618
1,1651085971.1153884,-2.188360358547361
2,1651086912.2072072,-1.5785715296111813
3,1651087228.2306576,-0.3383223716390302
4,1651087505.0657678,-0.416559102142081
5,1651087773.1312883,2.369491964572568
6,1651088100.595334,-0.0613145664985398
7,1651088427.299168,0.1553713092773898
8,1651108697.7625194,0.0641094855261485
