,time,value
0,1651084800.711191,-0.5598794649447582
1,1651085971.1356728,-2.170315557628028
2,1651086912.2220175,-1.684725038097355
3,1651087228.2413275,-0.1736262556050848
4,1651087505.076624,-0.8320101124172764
5,1651087773.1420894,2.427691724742356
6,1651088100.6060784,0.0278564979121458
7,1651088427.3131504,0.1550530762339589
8,1651108697.7876966,0.0641094855261485
