,time,value
0,1651084771.9734657,-0.4894238880919086
1,1651085956.294567,-1.9695593972966896
2,1651086898.3456056,-1.7515942506766469
3,1651087208.271877,-0.2167979630977392
4,1651087487.403031,-0.698092227847457
5,1651087760.0129974,2.5201976230123315
6,1651088080.9360044,0.1719774976602256
7,1651088412.925875,0.2642602135728939
8,1651088688.6682825,0.6542921081757307
9,1651108657.0203004,0.1468483545709733
