,time,value
0,1651502015.908905,0.14759213367010526
1,1651504337.8814638,-0.14646896767190373
2,1651506783.5595865,-1.9008650778518292
3,1651509199.9420362,2.5421160484515464
4,1651511597.5375104,-0.7571068803768937
5,1651514002.7045624,-0.14185354927661994
6,1651516362.5616581,-1.8868163183505806
7,1651518749.84632,0.14759213367010526
8,1651521148.039534,0.14759213367010526
9,1651523595.1462789,2.6259622810487038
