,time,value
0,1651156632.3612258,-0.787291727668475
1,1651159033.1793742,1.6841223997109274
2,1651161454.4667373,-0.9276879744382583
3,1651163829.7805908,0.15543238333752746
4,1651166229.6319606,0.15543238333752746
5,1651168631.7066493,-0.44269367333449205
6,1651170979.2380946,2.1883603585473597
7,1651173384.3362734,0.15543238333752746
8,1651175782.9629781,-1.9695593972966896
9,1651178200.0620787,1.0877765400970165
10,1651195070.519457,0.12323537843461901
