,time,value
0,1651084771.9837675,-0.4793040256835005
1,1651085956.3101974,-2.053748910631822
2,1651086898.354766,-1.8039877199656087
3,1651087208.280754,-0.2049567934246429
4,1651087487.4119732,-0.5116452685235503
5,1651087760.0221765,2.3949668979635588
6,1651088080.945156,0.0641094855261485
7,1651088412.935671,0.1546934773295407
8,1651088688.685316,0.2566470791668495
9,1651108657.1411145,0.0669071959351023
