,time,value
0,1650677532.201477,0.07527838652314948
