,time,value
0,1651156671.3325577,0.1538882082198908
1,1651159069.1556897,0.922316807430632
2,1651161499.3558085,-1.0575531659719806
3,1651163856.655714,-0.1341663107898611
4,1651166268.131997,-0.1341663107898611
5,1651168682.7008476,-0.7888894316093957
6,1651171051.139546,2.8447632422993725
7,1651173443.0963843,-0.1341663107898611
8,1651175857.07005,0.1538882082198908
9,1651178243.287061,1.1752246573354386
10,1651195140.8475528,0.0724879896604672
