,time,value
0,1650896408.8969455,-0.145964205917806
1,1650902227.9454198,-0.145964205917806
2,1650907918.6709666,2.3694919645725676
3,1650913603.8499587,0.485415803922284
