,time,value
0,1650677532.2223895,0.061314566498539856
