,time,value
0,1651084814.2021775,-0.22226957903785097
1,1651085978.5576801,-1.8301898764934257
2,1651086919.6646566,-1.4118396352939824
3,1651087235.8612084,-0.019497438227927526
4,1651087513.3719933,-0.4842161770420129
5,1651087779.3079479,1.8330078357201516
6,1651088109.08811,-0.008825070282355272
7,1651088435.553118,0.014336551270779591
