,time,value
0,1650657648.6749437,0.0
1,1650677534.299275,0.06410948552614852
