,time,value
0,1650896408.926656,0.15505307623395898
1,1650902227.9736574,-0.6297030466212713
2,1650907951.8073673,1.652000211318557
3,1650913654.9843063,1.0965955246661458
4,1650919392.7104845,-0.5869382227533884
