,time,value
0,1650896409.129706,0.157076463160868
