,time,value
0,1650896408.949855,-0.1457114836350196
1,1650902227.994578,-0.1457114836350196
2,1650907991.7895403,2.752257344029406
