,time,value
0,1651084771.9687076,-0.6585113945014279
1,1651085956.286047,-2.086626787436779
2,1651086898.3415146,-1.5561458049824974
3,1651087208.2678232,-0.1594764604663423
4,1651087487.3989987,-0.529959610791022
5,1651087760.006252,1.8953564502916076
6,1651088080.9320014,-0.0501560982759197
7,1651088412.9217625,-0.0395296096844911
8,1651088688.6582727,0.4108392091686318
9,1651108656.9980652,0.1786278011807644
