,time,value
0,1651156671.3617585,0.1538882082198908
1,1651159069.1895125,1.8339146358159144
2,1651161499.3723524,-1.137329020782201
3,1651163856.6730962,-0.1341663107898611
4,1651166268.159452,-0.1341663107898611
5,1651168682.7353275,-1.9697436992405253
6,1651171051.176351,2.480258871335076
7,1651173443.1155677,0.3445267440973417
8,1651175857.0937128,-0.1097292323473723
9,1651178243.3031032,0.661030735248786
