,time,value
0,1650677532.1970434,0.06410948552614852
