,time,value
0,1650896408.9512668,0.1559303886383702
1,1650902227.9962423,0.1559303886383702
2,1650907991.7911928,2.327927293721684
3,1650913715.2857664,0.3950843942013228
4,1650919437.3345177,-0.1341144653317957
