,time,value
0,1651156671.1497304,-1.2293622784375278
1,1651159069.1546645,0.1605143776118619
2,1651161499.3552663,-1.3686133144793782
3,1651163856.6552234,0.1605143776118619
4,1651166268.131348,0.1605143776118619
5,1651168682.699839,-0.665167435768648
6,1651171051.1386726,2.5098340677063367
