,time,value
0,1651156632.246059,-1.908933283798318
1,1651159033.1766374,1.8973801936193584
2,1651161454.461763,-1.3810875885830305
3,1651163829.775276,-0.1341663107898611
4,1651166229.6264043,-0.1341663107898611
5,1651168631.7035155,-0.6428614051758322
6,1651170979.2326946,2.8447632422993725
