,time,value
0,1650657648.665806,0.0
1,1650677534.2869678,0.04736570141323737
