,time,value
0,1650896408.9223876,0.15505307623395898
1,1650902227.9696493,0.15505307623395898
2,1650907951.8019638,2.4747396492194813
3,1650913654.981583,0.7693229307258005
4,1650919392.6888537,-0.43530463493616073
