,time,value
0,1650896408.941959,0.15707646316086807
1,1650902227.9888697,0.15707646316086807
