,time,value
0,1650657648.6709552,0.0
1,1650677534.293836,0.0613145664985398
