,time,value
0,1650677532.223449,0.0631755260837265
