,time,value
0,1650896409.0832417,-0.1455627493697962
