,time,value
0,1650896409.095987,0.15707646316086807
