,time,value
0,1650677532.212474,0.0743528944827198
