,time,value
0,1651156632.2467976,-2.8447632422993725
1,1651159033.1789212,0.2464879169724379
2,1651161454.465849,-0.8994153588791372
