,time,value
0,1651086959.6321032,-1.7338262745662345
1,1651087289.0461872,-0.3264002733075474
2,1651087549.8461337,-0.7030086053790303
3,1651087807.8685067,2.4261017740580777
4,1651088149.5472872,0.10884718138159945
5,1651088537.3287473,0.1559303886383702
