,time,value
0,1650896409.1171086,-2.1556486441957885
1,1650902228.403095,0.1559303886383702
