,time,value
0,1650657648.6718798,0.0
1,1650677534.2951329,0.061314566498539856
