,time,value
0,1650896409.112107,0.15654581461011022
1,1650902228.3978891,0.15654581461011022
2,1650907951.8179812,2.4261017740580777
3,1650913654.989788,1.211762561853971
4,1650919392.74358,-0.1425391741910174
