,time,value
0,1650896409.1459985,-0.1454671493616885
1,1650902228.4463425,-0.1454671493616885
2,1650907991.805205,2.3949668979635588
3,1650913715.3300817,0.7071482019709
