,time,value
0,1650896408.9223876,0.1550530762339589
1,1650902227.9696493,0.1550530762339589
2,1650907951.8019638,2.4747396492194813
3,1650913654.981583,0.7693229307258005
4,1650919392.6888535,-0.4353046349361607
