,time,value
0,1650657648.6479928,0.0
1,1650677534.273091,0.061314566498539856
