,time,value
0,1650657648.601944,0.0
1,1650677534.2344518,0.0613145664985398
