,time,value
0,1650677532.269114,0.0836918473932789
