,time,value
0,1650896408.9845467,0.15505307623395898
