,time,value
0,1650677532.2425122,0.0613145664985398
