,time,value
0,1650677532.319248,0.06410948552614852
