,time,value
0,1650896409.155868,0.1553713092773898
1,1650902228.4617245,0.1553713092773898
2,1650908001.350176,2.4261017740580777
3,1650913733.0966804,-0.07248067611419563
4,1650919449.6727777,-0.13411446533179575
