,time,value
0,1651244235.733142,1.30432741150535
1,1651244544.9431188,1.1841150812977823
