,time,value
0,1650657648.6689131,0.0
1,1650677534.2905068,0.0585259043886257
