,time,value
0,1650677532.319958,0.050156098275919644
