,time,value
0,1651084771.9849024,-0.43530463493616073
1,1651085956.3114758,-2.1556486441957885
2,1651086898.355579,-1.7377171837753844
3,1651087208.281578,-0.17648633133989258
4,1651087487.4130118,-0.6203685529687322
5,1651087760.0229988,2.3949668979635588
6,1651088080.9459672,0.17648633133989258
7,1651088412.9367883,0.15505307623395898
8,1651088688.687172,0.5499408300536012
9,1651108657.142693,0.06410948552614852
