,time,value
0,1650657648.5755198,0.0
1,1650677534.213734,0.0641094855261485
