,time,value
0,1650896409.0865452,0.1561584783812886
1,1650902228.378053,0.1561584783812886
2,1650907918.8753586,2.567245547489453
3,1650913603.8956022,1.332887656511901
4,1650919332.6085756,-0.3917842881231215
