,time,value
0,1650896409.0942435,0.1538882082198908
