,time,value
0,1650896409.1059175,0.15342649872206354
1,1650902228.3927894,0.15342649872206354
2,1650907942.1537006,2.8447632422993725
3,1650913644.6327295,0.7029801521329636
4,1650919370.1705956,0.10608360143570433
