,time,value
0,1650896408.9002855,0.15615847838128863
