,time,value
0,1650677532.198881,0.050156098275919644
