,time,value
0,1650677532.3090177,0.050156098275919644
