,time,value
0,1650657648.5752811,0.0
1,1650677534.2136016,0.0641094855261485
