,time,value
0,1651156632.3450267,-0.10647572875962162
1,1651159033.1671622,1.5575241512773994
2,1651161454.448749,-0.6446902521236308
3,1651163829.7096665,-0.13411446533179575
4,1651166229.6115277,-0.13411446533179575
5,1651168631.6940954,0.19336356350621842
