,time,value
0,1650896408.986294,-0.46503120447626606
1,1650902228.024729,0.15505307623395898
