,time,value
0,1650896411.3976805,-1.994120889166806
1,1650902228.4418721,0.1559303886383702
2,1650907991.8026118,2.752257344029406
3,1650913715.3247423,0.8151703563604277
4,1650919437.3472157,0.11446051244276428
