,time,value
0,1650677532.303252,0.04736570141323737
