,time,value
0,1651084827.9628747,-0.3214555696387562
1,1651085986.7107894,-2.213174543179363
2,1651086929.5573318,-1.0550396693089448
3,1651087248.060542,-0.32532638323281804
4,1651087520.5139587,-0.6371983234538157
5,1651087785.722437,2.4726197149737787
6,1651088116.481655,-0.022282984115086793
7,1651088450.6456141,0.5310952911363659
8,1651108731.7590685,0.06317552608372656
