,time,value
0,1651084842.3191156,-0.5693728583348171
1,1651085994.085209,-2.188360358547361
2,1651086937.887831,-1.652000211318557
3,1651087258.2401648,-0.5073080645751574
4,1651087528.4170008,-0.565723426167159
5,1651087791.8900716,1.8687760588596551
6,1651088125.9763358,0.0864566907006513
7,1651088482.9117644,-0.0747290154792039
