,time,value
0,1650896408.9377499,-1.7665511013450323
1,1650902227.9851446,0.1553713092773898
2,1650907967.2869503,2.08593835289973
3,1650913667.683354,1.2494092824543002
4,1650919406.4539156,0.050156098275919644
