,time,value
0,1650677532.26516,0.061314566498539856
