,time,value
0,1650677532.3203838,0.05573342249574802
