,time,value
0,1651156648.3515778,-1.8973801936193573
1,1651159051.4680707,1.1510294338377745
2,1651161477.0713518,-0.9706751436809892
3,1651163842.6427035,2.1556486441957894
4,1651166248.156436,-0.1341663107898611
5,1651168657.4295511,-0.881392424034244
6,1651171033.440136,2.3782055162909947
7,1651173426.361395,0.3716266811296213
8,1651175832.0754828,-1.1005073910122758
9,1651178225.3344228,1.148234971993037
