,time,value
0,1650896409.1451383,0.15505307623395898
