,time,value
0,1650896408.9406772,0.1553713092773898
1,1650902227.9874983,0.1553713092773898
2,1650907980.1026106,2.752257344029406
3,1650913682.7319496,1.338107765068593
4,1650919421.0820527,-0.1623222769195313
