,time,value
0,1650677532.288756,0.050156098275919644
