,time,value
0,1650657648.6326544,0.0
1,1650677534.2617564,0.0641094855261485
