,time,value
0,1650896408.9413805,0.1417935491792198
1,1650902227.9879968,0.1417935491792198
2,1650907980.103647,2.334409403023595
3,1650913682.7328773,0.9056246160173068
4,1650919421.0827844,-0.4177368793295581
