,time,value
0,1650657648.6112685,0.0
1,1650677534.2422252,0.0669071959351023
