,time,value
0,1650677532.2601967,0.06690208478720465
