,time,value
0,1650896408.980198,0.15636332725951319
