,time,value
0,1651084756.5073805,-0.5730622826275916
1,1651085948.938522,-2.1556486441957885
2,1651086891.2711148,-1.0877203624827183
3,1651087198.4858143,-0.2884116107371755
4,1651087476.702607,-0.6035629092965502
5,1651087752.6099744,2.369491964572568
6,1651088069.251508,0.3834361547980959
7,1651088404.8677394,-0.1457996681020627
8,1651088676.7331874,0.9119113733637852
9,1651108657.0428648,0.2624305758894916
