,time,value
0,1650677532.285005,0.06410948552614852
