,time,value
0,1650657648.6608558,0.0
1,1650677534.2839475,0.061314566498539856
