,time,value
0,1650896409.1400454,0.1556634105026511
1,1650902228.43619,0.1556634105026511
2,1650907991.7995403,2.4261017740580777
