,time,value
0,1650896408.920871,0.15505307623395898
