,time,value
0,1651156671.1619132,-1.6326829695668044
1,1651159069.1821356,0.7767257837294744
2,1651161499.3687003,-1.0133486193499706
3,1651163856.6695704,0.15741484436361505
4,1651166268.1515105,0.15741484436361505
5,1651168682.727513,-0.5095501982336492
6,1651171051.1727061,2.1722838314797652
7,1651173443.111442,0.15741484436361505
8,1651175857.0868325,-1.3902781030993898
9,1651178243.2995646,1.0731357003511235
10,1651195140.8749897,0.14850220391045513
