,time,value
0,1650896409.1705105,0.15505307623395898
1,1650902228.4851177,0.15505307623395898
