,time,value
0,1651084800.6908867,-0.370894543870386
1,1651085971.111312,-2.188360358547361
2,1651086912.2042267,-0.5169179792777231
3,1651087228.2284255,-0.2795011653819555
4,1651087505.0634563,-0.5716676481470893
5,1651087773.1290731,2.3949668979635588
6,1651088100.5930932,0.0278564979121458
7,1651088427.2953024,0.1559303886383702
