,time,value
0,1651156671.3637176,-1.5182802291499078
1,1651159069.1928813,0.15741484436361505
2,1651161499.374069,-1.2394447766604706
3,1651163856.6748416,0.15741484436361505
4,1651166268.1636786,0.15741484436361505
5,1651168682.8552465,-0.6010883041364646
6,1651171051.178619,1.6312633922683712
7,1651173443.1172931,0.15741484436361505
8,1651175857.0969238,0.05452228239945231
9,1651178243.304956,1.2525867009296818
