,time,value
0,1650677532.2981791,0.06689988238883098
