,time,value
0,1650896408.906595,0.5311456588023704
1,1650902227.9547527,0.5311456588023704
2,1650907932.8325484,2.2620123125370206
