,time,value
0,1650677532.256335,0.0501560982759196
