,time,value
0,1650896409.1041522,0.1556634105026511
1,1650902228.3916335,0.1556634105026511
2,1650907942.150309,2.369491964572568
3,1650913644.6304846,0.4503855652837499
4,1650919370.168361,-0.0222829841150867
