,time,value
0,1651084800.7075331,-0.5374197961490623
1,1651085971.130553,-2.053748910631822
2,1651086912.2189245,-1.8135990258221584
3,1651087228.2380166,-0.3866212484928566
4,1651087505.0739455,-0.6634302012804626
5,1651087773.1392717,2.4276917247423553
6,1651088100.603172,0.16517501944907365
7,1651088427.3102736,-0.14537731425342948
8,1651108697.7847083,0.2840358138541938
