,time,value
0,1651156671.2941208,-0.0368623249188256
1,1651159069.1365943,1.59321881802305
2,1651161499.3481596,-0.6027625453630568
3,1651163856.6471665,-0.134087563991988
4,1651166268.114443,-0.134087563991988
5,1651168682.6856294,-0.6027625453630568
6,1651171051.124266,2.4747396492194813
7,1651173443.0869825,-0.134087563991988
8,1651175857.058564,0.157076463160868
9,1651178243.2778738,1.041210684968526
10,1651195140.8202584,0.0557316877429798
