,time,value
0,1650896409.16099,0.15505307623395898
1,1650902228.4699576,0.15505307623395898
