,time,value
0,1651156632.3458912,0.1563633272595131
1,1651159033.1682284,1.904444811911226
2,1651161454.4505534,-1.2692512839378771
3,1651163829.7104151,-0.1341144653317957
4,1651166229.6128054,-0.1341144653317957
5,1651168631.6948504,0.2534662105338534
6,1651170979.215557,-0.1341144653317957
7,1651173384.3177123,-0.1341144653317957
8,1651175782.9515462,0.1563633272595131
9,1651178199.786023,0.8738340031764723
10,1651195070.5035365,0.099800456015117
