,time,value
0,1650657648.639604,0.0
1,1650677534.2669144,0.0473657014132373
