,time,value
0,1651502078.9636307,2.245636216681783
1,1651504372.3900623,-0.14561991197707452
2,1651506841.0267377,-1.8304491970225614
3,1651509245.7928267,2.5374199788677045
