,time,value
0,1650896408.9601674,0.15505307623395898
1,1650902228.003468,0.15505307623395898
2,1650908001.3002043,1.951492736388351
3,1650913733.078978,0.1116596539438957
4,1650919449.6441617,0.1285057331620886
