,time,value
0,1651084800.7003965,-0.30913712127696646
1,1651085971.1193202,-2.053748910631822
2,1651086912.2113702,-0.7335959952966095
3,1651087228.2326841,0.013926346453608953
4,1651087505.0677967,-0.5578662095186124
5,1651087773.1333663,2.330399785319448
6,1651088100.597402,0.10888131184465837
7,1651088427.3028986,0.15430557734762607
8,1651108697.7656305,0.07248798966046721
