,time,value
0,1650896408.9176545,0.5310280575258792
1,1650902227.9653687,0.5310280575258792
