,time,value
0,1650896409.0848017,-0.4981641869942358
1,1650902228.3768492,0.1550530762339589
2,1650907918.8660517,2.8447632422993725
