,time,value
0,1650657648.55739,0.0
1,1650677534.206828,0.0613145664985398
