,time,value
0,1650677532.2337549,0.07248798966046721
