,time,value
0,1650896409.0931034,-1.6605953755434204
1,1650902228.3829226,0.1556634105026511
2,1650907932.8410683,2.752257344029406
3,1650913632.0354424,0.38599984724395126
4,1650919351.5643342,-0.011140800566449697
