,time,value
0,1651084800.6943045,-0.4173669514095987
1,1651085971.1138043,-1.9695593972966896
