,time,value
0,1650677532.213425,0.06410948552614852
