,time,value
0,1650896409.153495,0.15430557734762607
