,time,value
0,1650677532.3122246,0.06410948552614852
