,time,value
0,1650896409.142106,-2.1342259557893617
1,1650902228.4396682,0.1561584783812886
2,1650907991.801073,2.567245547489453
3,1650913715.3192832,0.9887713292748408
