,time,value
0,1650896408.8969457,-0.145964205917806
1,1650902227.9454198,-0.145964205917806
2,1650907918.6709666,2.369491964572568
3,1650913603.849959,0.485415803922284
