,time,value
0,1651084842.3249485,-0.7097231842068139
1,1651085994.089864,-2.053748910631822
2,1651086937.8929362,-0.42696588979167294
3,1651087258.244763,-0.37143455176818774
4,1651087528.4215667,-0.5635688892375328
5,1651087791.895169,2.1342259557893626
6,1651088125.9812815,0.26416944884427873
7,1651088483.0726519,-0.06866935590180887
