,time,value
0,1650896408.95476,0.1561584783812886
1,1650902227.998667,0.1561584783812886
