,time,value
0,1650657648.4115689,0.0557316877429798
