,time,value
0,1650677532.1476102,0.0055724753575842
