,time,value
0,1651084661.318328,1.080319340814956
1,1651085891.032899,-0.9990661680908252
2,1651086837.9395633,0.833709959553436
3,1651087117.5007887,-1.5184980572589322
4,1651087417.3087673,-1.0036329724426836
5,1651087703.9419663,0.6850167784751023
6,1651088011.9651966,2.2865479513109825
7,1651088329.5334036,-0.0222912954919016
8,1651088613.6362295,-0.7352121552169605
