,time,value
0,1650896408.83938,0.1561584783812886
1,1650902227.899712,0.1561584783812886
2,1650907806.361277,1.380681303713678
