,time,value
0,1650677531.5536873,0.011142183849176215
