,time,value
0,1650677531.609194,0.0613145664985398
