,time,value
0,1651156578.7576635,-0.1461182931627182
1,1651158990.2984476,0.1542548460160173
2,1651161392.283248,2.54874436783546
3,1651163794.900116,2.246580511929397
4,1651166186.195848,0.1542548460160173
5,1651168570.5007455,0.1542548460160173
6,1651170956.7922585,-1.3486989782190906
7,1651173360.3201892,1.90978792105927
8,1651175763.5059285,-0.0690824423285463
9,1651178168.934116,-0.5529266677962571
10,1651195037.873639,0.1126298276910639
