,time,value
0,1650657648.3940904,0.1566057691158547
