,time,value
0,1650896408.8874528,-0.13094626086628322
1,1650902227.9366355,-0.13094626086628322
2,1650907875.083896,0.32456801798035656
3,1650913556.648608,-0.670997342904572
4,1650919317.314192,0.07806320276521998
