,time,value
0,1650677531.5499375,0.09493593948518603
