,time,value
0,1650677531.550904,0.0083569837075637
