,time,value
0,1650896409.0644844,0.2078434864184168
1,1650902228.35966,-0.2056879010794362
