,time,value
0,1651156578.9029443,0.1556634105026511
1,1651158990.281112,-1.3919591054210865
2,1651161392.2551076,0.1556634105026511
3,1651163794.8706968,-0.1341144653317957
4,1651166186.1700125,1.129532696310244
5,1651168570.4931798,0.4443356928304217
6,1651170956.7883167,-0.2449566973408045
7,1651173360.3132925,-0.1341144653317957
8,1651175763.4982047,0.8542717583945822
9,1651178168.9299052,2.4261017740580777
10,1651195037.866278,0.0613145664985398
