,time,value
0,1650896408.8751829,-1.2072383682251164
1,1650902227.9288259,0.5274571988391215
2,1650907844.5222538,-0.21666791482078807
3,1650913535.763562,0.36932707458829866
