,time,value
0,1651761181.909491,1.6341744669080696
