,time,value
0,1650896408.7968428,-0.134087563991988
1,1650902227.6239457,-0.1109846456131569
2,1650907750.785679,0.7100068777200148
3,1650913433.057158,0.2880323073217303
4,1650919157.149819,-0.7836553546196272
