,time,value
0,1650896409.0150988,0.1538882082198908
1,1650902228.0600212,-1.8973801936193573
