,time,value
0,1651156558.600768,-0.146247065418683
1,1651158957.713378,1.011152191573888
2,1651161359.5304606,-2.180518313864124
3,1651163766.6500735,0.1542548460160173
4,1651166159.6812005,0.1542548460160173
5,1651168546.5772915,1.2566265700156716
6,1651170935.7846365,1.387468569419909
7,1651173338.9531603,2.4747396492194813
8,1651175742.7677753,-2.180518313864124
9,1651178143.4679587,0.1286690810785834
