,time,value
0,1650896408.875471,0.13410064270014022
1,1650902227.9290395,0.13410064270014022
2,1650907844.5224705,-1.3014153524503775
