,time,value
0,1650677531.570724,0.03900248706678928
