,time,value
0,1650896409.0097532,-2.19928174656752
1,1650902228.0532007,0.05661891469585123
2,1650907773.3880317,-0.47821584212177126
3,1650913454.2216327,0.6391235209404311
4,1650919192.2994995,0.29386896946269253
