,time,value
0,1650984554.8462775,0.1569214527234594
1,1650987280.2486622,-0.6542556076863643
