,time,value
0,1650896408.7940342,0.1559303886383702
1,1650902227.620718,0.33222637343489925
2,1650907750.7805595,-0.13411446533179575
3,1650913433.054582,1.4796568595106663
4,1650919157.1463368,1.2616555852641613
