,time,value
0,1650677532.1437757,0.0706226139374478
