,time,value
0,1650896408.8779778,-0.13409180026787695
1,1650902227.9308891,0.15699137909312547
2,1650907844.5253515,2.1883734709745877
3,1650913535.7673397,-2.0160817090214644
4,1650919305.1558294,-1.0469695958508496
