,time,value
0,1650677532.1907432,0.11234385753638773
