,time,value
0,1650896408.8162572,0.1372948555346355
1,1650902227.874996,0.1372948555346355
2,1650907773.384091,0.561321315710539
3,1650913454.2157836,-0.1345925691006995
4,1650919192.2922378,-1.1068636985914786
