,time,value
0,1651084728.620859,0.0167233187984272
1,1651085932.7468605,-1.611899267033206
2,1651086875.9562545,0.7200121539071995
3,1651087168.5387874,-0.8156578990392432
4,1651087456.7914777,1.5650374296476814
5,1651087737.9260604,0.1415936323666102
6,1651088052.187512,1.811977033345564
7,1651088381.235782,-0.8156578990392432
8,1651088660.125153,1.6972204415668934
9,1651108627.3032603,0.0167233187984272
