,time,value
0,1650657648.3650465,-0.0557316877429797
