,time,value
0,1650657648.5120733,0.1678940047881054
