,time,value
0,1650677532.191498,0.05852208460566235
