,time,value
0,1650657648.402014,0.11163715450694481
1,1650677533.735552,0.01857722924766004
