,time,value
0,1651156578.7600465,0.14032061233000676
1,1651158990.44241,-0.13492003623349527
2,1651161392.2946074,0.14032061233000676
3,1651163794.9699736,-0.13492003623349527
4,1651166186.205985,-0.13492003623349527
5,1651168570.514377,0.46739566712196046
6,1651170956.7985141,0.5631491384553193
7,1651173360.3544505,-0.13492003623349527
8,1651175763.516054,-0.7972788687293038
9,1651178168.9428189,-0.09029688922400513
10,1651195038.013617,0.10921178056448202
