,time,value
0,1650657648.3942697,0.1566057691158547
