,time,value
0,1650896409.0611176,0.0222829841150866
1,1650902228.3568883,0.8180417759124541
2,1650907832.506638,-0.948951506435612
3,1650913525.4450586,0.157076463160868
