,time,value
0,1650677531.606993,0.1005558390673761
