,time,value
0,1650896409.0249279,-0.5310952911363667
1,1650902228.0736926,0.01485486174932888
2,1650907782.1038463,1.0757939023294065
3,1650913465.3039896,-0.833709959553436
