,time,value
0,1650896408.79421,0.151219420084282
1,1650902227.6209178,0.151219420084282
2,1650907750.780943,0.055743499196406
3,1650913433.0547774,-0.1342012356656714
4,1650919157.1467457,0.151219420084282
5,1650935675.21884,0.0836918473932789
6,1650935692.9996195,0.0836918473932789
7,1650935707.93725,0.0836918473932789
8,1650935719.5295217,0.0836918473932789
9,1650935736.4098606,0.0836918473932789
10,1650935752.211736,0.0836918473932789
11,1650935781.1547627,0.0836918473932789
12,1650935804.2057638,0.0836918473932789
13,1650935827.5783465,0.0836918473932789
14,1650935847.3560886,0.0836918473932789
15,1650935866.824025,0.0836918473932789
16,1650935894.082769,0.0836918473932789
17,1650935922.9592214,0.0836918473932789
18,1650935949.264367,0.0836918473932789
19,1650935966.2870083,0.0836918473932789
20,1650935980.5072875,0.0836918473932789
21,1650936003.734275,0.0836918473932789
22,1650936017.5581944,0.0836918473932789
23,1650936040.4164388,0.0836918473932789
