,time,value
0,1650896408.8388107,0.15654581461011022
1,1650902227.898961,0.15654581461011022
2,1650907806.359557,0.42502310841995733
