,time,value
0,1650896409.018798,0.3629133311117435
1,1650902228.0644455,-1.80715287248832
