,time,value
0,1650896408.7960901,0.15615847838128863
1,1650902227.6226704,-0.9142524418544917
