,time,value
0,1650896409.013915,-0.1570764631608682
1,1650902228.059028,1.3902781030993898
2,1650907773.3913023,-0.2018934791418509
3,1650913454.224895,0.8025718880593097
4,1650919192.3069742,1.3615709340755842
