,time,value
0,1650896408.8277378,-1.5739962063099513
