,time,value
0,1650677532.1835744,0.07527838652314948
