,time,value
0,1651156493.4374423,0.6270200258650394
1,1651158902.0165844,0.6270200258650394
2,1651161316.1425579,1.777077098777975
