,time,value
0,1651084687.8707993,-0.0362152109485223
1,1651085903.891018,-1.269594195880014
2,1651086852.6280718,-1.496045875621053
3,1651087135.552585,1.0355665728174868
4,1651087433.481019,1.0355665728174868
5,1651087718.258744,0.8598727706931537
6,1651088030.0515506,-1.4512521940515593
7,1651088351.5205762,-1.269594195880014
8,1651088635.275803,0.537789326490022
9,1651108582.4517858,0.0473657014132373
