,time,value
0,1650657648.5518274,0.0
1,1650677534.2046125,0.03342793483025524
