,time,value
0,1650657648.515349,0.022282984115086658
