,time,value
0,1650677531.5870233,0.01114425982583073
