,time,value
0,1650657648.525553,-0.0222829841150867
1,1650677534.192541,0.0445770393033232
