,time,value
0,1650657648.5289185,0.0780632027652199
1,1650677534.1952057,0.0780632027652199
