,time,value
0,1650657648.3968956,0.145337454241173
1,1650677533.7323313,0.07806320276521998
