,time,value
0,1651084700.7360022,0.7782025254742833
1,1651085911.0347931,0.40836242594059824
2,1651086858.9265366,-0.7631788471055744
3,1651087143.3086152,-1.7511737433537247
4,1651087440.3634202,0.17544144162513547
5,1651087724.3622024,2.075222248634787
6,1651088037.0610046,-0.3407430046572538
7,1651088359.9884312,-0.9497835969634424
8,1651088644.4078894,1.1100381802112578
