,time,value
0,1650657648.5131238,0.0780632027652199
1,1650677533.7421672,0.0445770393033232
