,time,value
0,1650896408.816443,0.1483391339037567
1,1650902227.8751333,0.1483391339037567
