,time,value
0,1650896408.8505464,0.15707646316086807
1,1650902227.9134784,0.15707646316086807
2,1650907819.0580587,-1.3902781030993898
3,1650913515.1341007,-0.27932252024083976
4,1650919240.3382263,0.0668932751937093
