,time,value
0,1650896409.040832,-0.526667304558534
1,1650902228.3402076,-2.053748910631822
2,1650907806.4187167,2.8447632422993725
3,1650913505.4633255,0.6117427124491285
4,1650919231.5938647,2.0628429215581097
