,time,value
0,1650896408.8494716,0.134087563991988
