,time,value
0,1650657648.5180478,0.12285461884635916
