,time,value
0,1650896409.0264008,0.5312110577669787
1,1650902228.075634,-0.5802414712840313
2,1650907793.7108498,2.5980808469127776
3,1650913478.012411,0.2247176000567658
4,1650919221.4408162,0.2822546892170222
