,time,value
0,1650657648.5192344,0.0445770393033232
