,time,value
0,1650657648.4034233,0.1905363152991957
1,1650677533.7366128,0.0334279348302552
