,time,value
0,1651501902.523852,2.8447632422993725
1,1651504293.3554914,-0.1455152122929978
2,1651506724.556429,-1.1984816151630997
3,1651509140.1664538,0.2757098500778773
4,1651511539.6925457,-0.3021672421891031
5,1651513911.3412611,-0.1094521771488318
6,1651516306.6383,1.824447164305557
7,1651518698.37979,2.8447632422993725
8,1651521084.0715373,2.567245547489453
