,time,value
0,1650657648.5174885,0.145337454241173
1,1650677534.1876025,0.14964866773399413
