,time,value
0,1650896408.874917,0.5310952911363659
1,1650902227.9286263,-0.1741350785086119
