,time,value
0,1650984555.2672763,0.15654581461011022
1,1650987280.3067338,-0.06968575708658707
2,1650989894.7109709,0.15654581461011022
3,1650992655.2210062,0.9806320019749355
