,time,value
0,1650896409.047376,-0.530950417438153
1,1650902228.3454342,-1.6514786256163698
2,1650907819.0651085,-0.46079208787954073
3,1650913515.1418803,-0.7110433272229746
4,1650919240.3506358,-0.057914026801677856
