,time,value
0,1650657648.3577712,0.011140800566449836
1,1650677533.7128267,0.022310719718913748
