,time,value
0,1650657648.5270247,0.1792036755453547
