,time,value
0,1650657648.5285394,0.07806320276521998
