,time,value
0,1650677531.5895095,0.10907410641968894
