,time,value
0,1650896409.051264,0.1383182067434621
1,1650902228.349422,0.2766504122971918
2,1650907819.0679886,0.1383182067434621
