,time,value
0,1651084674.3586624,1.2545087803057111
1,1651085897.436952,-1.5928151883844333
