,time,value
0,1650677532.1409574,0.0669020847872046
