,time,value
0,1650657648.549745,0.0
1,1650677534.2037733,0.044621439437827294
