,time,value
0,1650657648.4000463,0.08924287887565444
