,time,value
0,1650677532.1641335,0.03721238483564835
