,time,value
0,1650657648.3530526,0.08924287887565444
1,1650677533.710993,0.1005207490249281
