,time,value
0,1650657648.3609543,0.0222829841150866
