,time,value
0,1650896409.0369327,-0.21092320751273164
1,1650902228.3360755,-0.7134690544642348
2,1650907806.4102666,2.053748910631822
3,1650913505.4450512,-0.21092320751273164
4,1650919231.5905292,0.8656781844563757
