,time,value
0,1651084674.3433552,1.2581608037098562
1,1651085897.4301214,0.1412833861474623
2,1651086845.8855257,0.1412833861474623
3,1651087126.5651565,0.701076513524549
4,1651087426.6985385,0.1412833861474623
5,1651087709.8350165,-0.1345056891023636
6,1651088021.4773831,0.10338899900583633
7,1651088337.3147848,0.1412833861474623
8,1651088627.986679,1.3339439627690648
