,time,value
0,1650896409.0710762,0.1561584783812886
1,1650902228.3646228,0.1561584783812886
2,1650907844.5335257,0.055733422495748
3,1650913535.7773774,-1.035122387886498
4,1650919305.1633248,-1.296095305954032
