,time,value
0,1651084687.873894,0.6481409572392149
1,1651085903.893042,-0.4857136162788105
2,1651086852.6300752,-0.1265989338949021
3,1651087135.5545492,0.1317354325278165
4,1651087433.4836657,-0.762531309054621
5,1651087718.2607431,0.8134205465977753
6,1651088030.053578,2.19928174656752
7,1651088351.5252652,-0.5863231074895897
8,1651088635.2799113,0.1490935591994002
