,time,value
0,1650984554.857159,-0.439572247310537
1,1650987280.313764,2.4261017740580777
2,1650989894.7132242,-0.1566057691158548
3,1650992655.226912,1.004543120940514
4,1650995321.4192302,-0.3616770117609371
5,1650998038.2483208,-1.1884351915021296
6,1651000753.0006678,0.2557816342297141
7,1651003454.020877,0.2534662105338534
8,1651006184.6571236,-1.1222464861164296
9,1651022422.9921424,0.2327899164306528
