,time,value
0,1650657648.396155,0.11163715450694481
1,1650677533.7317877,0.055731687742979895
