,time,value
0,1650896408.8500767,0.06690208478720465
