,time,value
0,1650896408.8012173,-1.0731126207181627
1,1650902227.8652775,-0.7342621351906695
2,1650907763.2844074,-0.1563633272595136
3,1650913444.7685888,-0.1563633272595136
4,1650919175.932532,-1.3226487442906472
5,1650936040.426937,0.0529447603858338
