,time,value
0,1650677532.1615944,0.05201578460011865
