,time,value
0,1650896409.0361953,0.1341006427001402
1,1650902228.33509,0.1341006427001402
2,1650907806.409199,-0.2247333782526241
3,1650913505.443998,1.871719985132428
4,1650919231.5899577,0.1341006427001402
