,time,value
0,1650896408.876476,2.1556486441957894
