,time,value
0,1651084674.5554361,0.4155815504875813
1,1651085897.4312348,-0.8173657011965425
2,1651086845.886639,-1.6661425061932096
3,1651087126.567532,-0.5502838867441675
4,1651087426.7000875,0.9956460097800148
5,1651087709.8361113,0.8031137134955028
6,1651088021.478483,-0.5502838867441675
7,1651088337.3187802,-1.1276280566519372
8,1651088627.9877977,0.03342793483025524
