,time,value
0,1651674740.9750865,-0.559580145046081
1,1651677126.3034122,0.19053631529919576
2,1651679520.3368773,1.0429365730237639
3,1651681933.990416,-0.787291727668475
4,1651684318.691436,0.30832681624960007
5,1651686714.0403364,0.5116601379289974
