,time,value
0,1650896409.0743396,-0.15813822368454492
1,1650902228.367055,0.14596303876844313
2,1650907875.1095395,1.1861690261641924
3,1650913556.656336,0.14596303876844313
4,1650919317.3348002,-1.0222413874778957
