,time,value
0,1650657648.2560863,-0.08924287887565444
