,time,value
0,1650677531.539797,0.0111477217941325
