,time,value
0,1651156558.6095586,-0.1413799933996608
1,1651158957.7292452,0.16323235052735208
2,1651161359.6775372,-1.5326449632310348
3,1651163766.659928,1.691665220978424
4,1651166159.7101665,0.16323235052735208
5,1651168546.5875032,1.561154839816623
6,1651170935.8047073,0.16323235052735208
7,1651173338.9628484,0.16323235052735208
8,1651175742.7789936,-2.3228896109053743
9,1651178143.47956,0.16323235052735208
10,1651194994.9749515,0.3690110872764728
