,time,value
0,1650984554.856821,0.1570428206646991
1,1650987280.312361,-0.5382712365469342
2,1650989894.7124505,1.036760875812161
3,1650992655.2238858,-1.7780668522801724
4,1650995321.4179482,-0.2916155418529231
5,1650998038.2471435,0.505351838233699
6,1651000752.9999514,0.9993269875185696
7,1651003454.0202663,-1.203783412127062
8,1651006184.6543202,-0.7933050822282658
9,1651022422.982932,0.0222829841150866
