,time,value
0,1650657648.5296528,0.13408756399198804
1,1650677534.1957655,0.04197350119702631
