,time,value
0,1651674740.9027507,0.7390289036132272
1,1651677126.290574,-0.8180417759124541
2,1651679520.2981231,-1.59321881802305
3,1651681933.9806042,2.0764050837201937
4,1651684318.682208,-1.4995700809637622
5,1651686714.0114477,-1.5189443938374012
6,1651689127.160893,-0.2791076454941959
