,time,value
0,1650984554.846588,-1.0012445578617757
1,1650987280.2502444,-2.1702113794185305
2,1650989894.6987424,0.320721111937518
3,1650992655.188768,0.6336433287069984
4,1650995321.4016817,-0.8283606802496183
5,1650998038.222211,0.5730622826275916
6,1651000752.985683,-0.1059254700771941
7,1651003454.0069456,-0.1059254700771941
8,1651006184.626553,-1.7377171837753844
