,time,value
0,1650896408.7974253,0.1563633272595131
1,1650902227.6248524,0.1563633272595131
2,1650907763.2592354,0.1563633272595131
3,1650913444.7643497,1.380681303713678
4,1650919175.926725,0.1563633272595131
5,1650936040.42178,0.0501560982759196
