,time,value
0,1650896409.034779,0.13413751693625456
1,1650902228.3331473,-1.317231461309442
2,1650907806.4012268,2.3694919645725676
3,1650913505.441983,-2.1556486441957885
4,1650919231.5888503,2.8447632422993725
