,time,value
0,1650677531.557778,0.0752783865231494
