,time,value
0,1651501981.407392,1.1247967526615212
1,1651504322.6197531,0.030645160022060098
2,1651506760.1719608,-0.07081802499302109
3,1651509182.149641,-1.6123523243953621
4,1651511579.8227654,-1.3281907221250424
5,1651513950.1208944,0.7178089080389384
6,1651516338.7013047,-1.3072992138714412
7,1651518734.982957,1.4869778520190362
8,1651521132.2217412,1.5547735945968528
9,1651523547.3349593,-0.49900228007558534
