,time,value
0,1650677532.1426234,0.0371915070259732
