,time,value
0,1650677531.5739453,0.0222829841150866
