,time,value
0,1650896411.372111,0.5311865430944966
1,1650902227.8822455,0.5311865430944966
2,1650907782.0821235,-0.729358444287553
3,1650913465.2851722,0.5311865430944966
