,time,value
0,1650896409.008602,-1.7320148089418261
1,1650902228.0517042,1.9364723728724758
2,1650907773.386571,2.0944209894455637
3,1650913454.2199163,2.5672455474894535
4,1650919192.2979035,0.08085812179282857
