,time,value
0,1650896409.0428128,-0.7659787373976747
1,1650902228.3415892,2.8447632422993725
