,time,value
0,1650677532.141457,0.0780632027652199
