,time,value
0,1650896409.0628104,0.3923357775176269
1,1650902228.3583815,0.5540790683120767
2,1650907832.5112753,1.921439928178469
