,time,value
0,1651156558.5323682,-0.727913290881644
1,1651158957.7118998,1.6780705182209088
2,1651161359.5075333,-1.59321881802305
3,1651163766.6491215,1.3072992138714417
4,1651166159.6798785,0.36419090297292067
5,1651168546.5762835,1.2815515655446008
6,1651170935.7830427,2.8447632422993725
7,1651173338.9524426,1.6780705182209088
8,1651175742.7671053,-0.727913290881644
9,1651178143.4672554,-0.4809107346780321
10,1651194994.8567703,0.20604049797927101
