,time,value
0,1650657648.5145116,0.15660576911585472
1,1650677533.7433338,0.07806320276521998
