,time,value
0,1650657648.5185854,0.2132767449546069
1,1650677534.188587,0.0334279348302552
