,time,value
0,1650657648.5277586,0.0668932751937093
1,1650677534.1943836,0.0668932751937093
