,time,value
0,1650896409.0356271,-0.1398099678353785
1,1650902228.334339,0.1524057322673803
