,time,value
0,1650657648.3078992,0.011140800566449836
