,time,value
0,1650677531.543178,0.022282984115086658
