,time,value
0,1650896409.0020628,0.1569214527234594
1,1650902228.0410628,0.1569214527234594
2,1650907763.3084722,2.0944209894455637
3,1650913444.7768774,1.1997869900828093
4,1650919175.9454145,-1.3515037604934508
5,1650936040.4531713,0.0362152109485223
