,time,value
0,1650657648.35533,0.03342793483025524
