,time,value
0,1650657648.396805,0.0668932751937093
