,time,value
0,1650657648.3948247,0.13408756399198804
1,1650677533.7308328,0.027858919934886497
