,time,value
0,1650896408.8173475,0.815386629226372
1,1650902227.8758423,-1.2168129422850074
2,1650907773.3848388,2.8447632422993725
3,1650913454.217171,-0.13609059719958738
4,1650919192.2938511,-0.13609059719958738
