,time,value
0,1650657648.403637,0.12285461884635916
