,time,value
0,1651156578.8999617,0.11529514995152099
1,1651158990.2783575,0.03065001099758324
2,1651161392.2458937,-0.13491759909876425
3,1651163794.8539107,-0.13491759909876425
4,1651166186.1658738,-0.13491759909876425
5,1651168570.4894435,-0.13491759909876425
6,1651170956.7868185,-0.13491759909876425
7,1651173360.3091207,0.11529514995152099
8,1651175763.495564,-1.59321881802305
9,1651178168.9270139,-0.13491759909876425
10,1651195037.8636403,0.13784105563968027
