,time,value
0,1652106740.5472298,-0.157708289278491
1,1652109200.6399405,-0.5372265830422973
2,1652111529.6269662,-0.2676254266864451
3,1652113938.6615517,1.6341744669080696
4,1652116327.773111,-0.9324362636709792
