,time,value
0,1651156533.7948878,-0.9153650878428141
1,1651158934.6426742,0.06420696723173834
2,1651161337.6628397,-0.45632282076881076
3,1651163743.639456,0.06420696723173834
4,1651166137.2041793,-0.16050190779708018
5,1651168527.124327,2.8447632422993725
6,1651170917.9701447,0.8128709340325826
7,1651173318.8555534,1.908933283798318
8,1651175727.9360857,-0.9153650878428141
9,1651178120.8831637,-1.3339439627690648
10,1651194949.5524771,0.14561570741930951
