,time,value
0,1650657648.4075909,-0.0668932751937094
