,time,value
0,1650896409.0783176,0.12273774149301295
1,1650902228.3707557,0.12273774149301295
2,1650907875.1591847,-0.13491759909876425
