,time,value
0,1650657648.5137713,0.0668932751937093
1,1650677533.7427833,0.061314566498539856
