,time,value
0,1650677531.5909345,0.0222829841150866
