,time,value
0,1651244162.9473917,-0.5116601379289974
1,1651244465.7697783,-1.080319340814956
