,time,value
0,1650657648.3924403,0.134087563991988
