,time,value
0,1650896408.8494716,0.13408756399198804
