,time,value
0,1651084687.8778944,-0.461493694218158
1,1651085903.896629,-0.461493694218158
2,1651086852.6327937,-0.787291727668475
3,1651087135.558069,-0.9674215661017012
4,1651087433.4864097,-1.0222413874778955
5,1651087718.2641108,0.1566057691158547
6,1651088030.056294,0.2938285878446939
7,1651088351.5304675,-1.1639495821532648
8,1651088635.2860782,0.6850167784751023
