,time,value
0,1650896409.0070632,-0.1341006427001402
