,time,value
0,1651084674.3513718,2.228045734682363
1,1651085897.434374,-0.6161768921730953
2,1651086845.8892179,0.17922716290602045
3,1651087126.5711262,0.5990985399384036
4,1651087426.7027202,-0.7890067481473083
5,1651087709.8386912,2.72142204460608
6,1651088021.4811056,0.3211622492159557
7,1651088337.3238597,-1.1498250622594122
8,1651088627.9906864,-1.3627962690168591
9,1651108542.9871266,0.1964852659499262
