,time,value
0,1650657648.513861,0.15660576911585472
