,time,value
0,1650677532.1542675,0.0139273839907886
