,time,value
0,1650677532.1753955,0.0334279348302552
