,time,value
0,1651501981.3652017,-1.111816098499975
1,1651504322.5995522,0.1363122877210935
2,1651506760.142748,0.2914183880233405
3,1651509181.931366,-0.593616048460265
4,1651511579.690477,-0.7087000032681615
5,1651513950.05213,-0.9803670812058588
6,1651516338.6832724,0.8764092037967518
