,time,value
0,1651156578.7639658,-1.1781381738623695
1,1651158990.531101,2.327927293721684
2,1651161392.3322337,1.217179058753468
3,1651163794.988541,-0.2439397870023341
4,1651166186.2136693,-0.1341144653317957
5,1651168570.5221062,-0.7532203947926489
6,1651170956.80924,-0.1341144653317957
7,1651173360.3787403,-0.1341144653317957
8,1651175763.5218685,0.1678940047881054
9,1651178168.9529831,-0.1341144653317957
10,1651195038.0289123,0.0585220846056623
