,time,value
0,1650657648.3000357,0.1792036755453547
1,1650677533.7045166,0.0473657014132373
