,time,value
0,1650657648.3887072,0.0557316877429798
1,1650677533.7261708,0.094935939485186
