,time,value
0,1650896409.03507,-1.2128296048275844
1,1650902228.3335507,-0.0279211333460849
2,1650907806.401605,-1.3072992138714412
3,1650913505.442366,0.1435944625566097
