,time,value
0,1651156578.7621198,0.4246235657803618
1,1651158990.484406,-0.01405331037525166
2,1651161392.2999084,-0.999158963768401
