,time,value
0,1651156558.616562,-0.03686232491882564
