,time,value
0,1650677531.5322332,0.0473657014132373
