,time,value
0,1650896409.0619829,0.6630182047038652
1,1650902228.3576808,-0.9022899600189336
2,1650907832.5080624,-1.5723493637196346
3,1650913525.4458325,-0.5303322383643098
4,1650919288.9830234,-1.5184980572589322
