,time,value
0,1650677532.1913908,0.06410948552614852
