,time,value
0,1650657648.285661,0.17920367554535474
