,time,value
0,1650677532.1432974,0.16167946039872055
