,time,value
0,1651588328.8155873,-0.6549985091635433
1,1651590718.115462,2.2611313114182896
