,time,value
0,1650896409.0659814,-0.134087563991988
1,1650902228.360758,-1.2815515655446008
2,1650907844.5293012,-0.461493694218158
3,1650913535.771441,0.157076463160868
4,1650919305.159295,0.713469054464235
