,time,value
0,1650984555.1636448,-0.15672373533921605
1,1650987280.2361188,-1.8973801936193575
2,1650989894.6912925,0.17882974791681916
3,1650992655.1774952,0.8656781844563757
4,1650995321.389539,-0.15672373533921605
5,1650998038.2095912,0.146828387556781
6,1651000752.979917,-0.15672373533921605
7,1651003454.0014067,-0.15672373533921605
8,1651006184.6138144,0.5894570538976536
9,1651022422.9236083,-0.07303916158844524
