,time,value
0,1650677531.5807095,0.04086067114563388
