,time,value
0,1650896409.0744345,0.15654581461011022
