,time,value
0,1650677531.5589118,0.0585220846056623
