,time,value
0,1650896408.8297346,0.13411446533179575
1,1650902227.8886325,-1.1763295813802046
2,1650907793.7042644,-0.15593038863837044
3,1650913478.0001292,-0.15593038863837044
4,1650919221.4267387,-1.6777857039931463
