,time,value
0,1650677531.576858,0.0613145664985398
