,time,value
0,1650677531.6062505,0.05573342249574802
