,time,value
0,1651156493.431226,-0.14612145724132863
1,1651158902.0082777,0.9846328290184777
2,1651161316.1283057,2.304826626343305
3,1651163717.8545892,0.14651348395574992
4,1651166093.0533469,0.14651348395574992
5,1651168500.7820132,1.777077098777975
6,1651170895.2616413,-1.1356226312022777
7,1651173296.8498144,2.8447632422993725
