,time,value
0,1650657648.3858445,0.23612801801200567
1,1650677533.7242267,0.052944760385833824
