,time,value
0,1650657648.512742,0.08924287887565444
1,1650677533.7419028,0.055731687742979895
