,time,value
0,1651156558.6135333,1.1861690261641924
1,1651158957.7474496,0.14534113916627237
2,1651161359.768631,1.8227104468464277
3,1651163766.6655116,0.14534113916627237
4,1651166159.717924,0.14534113916627237
5,1651168546.592393,0.14534113916627237
