,time,value
0,1650677532.1823733,0.03342793483025524
