,time,value
0,1650677531.5492144,0.0585220846056623
