,time,value
0,1650677532.1784043,0.04736570141323737
