,time,value
0,1650657648.395382,-0.1228546188463591
