,time,value
0,1651244142.4255788,1.210862181679603
1,1651244443.1141953,-0.022282984115086793
