,time,value
0,1650896408.8304763,0.112493092566685
