,time,value
0,1650896408.8656743,-1.634174466908069
1,1650902227.9225435,0.6653259674403729
