,time,value
0,1650896408.873234,-1.008285076201486
1,1650902227.9273763,2.2865479513109825
