,time,value
0,1651501902.4845035,0.6389590938996462
1,1651504293.3285327,-2.0154661342317834
2,1651506724.520134,-1.6521579180386328
3,1651509140.1480355,0.3708322303470288
4,1651511539.6746986,0.6527674123576953
5,1651513911.2945964,-2.174412148050727
