,time,value
0,1650657648.3801396,0.134087563991988
1,1650677533.7221508,0.0641094855261485
