,time,value
0,1650677531.6096058,0.094935939485186
