,time,value
0,1650657648.5274925,0.2246877150727753
1,1650677534.1941867,0.01857722924766004
