,time,value
0,1650657648.3937309,0.19053631529919576
1,1650677533.7300074,0.005570746028771637
