,time,value
0,1650657648.279277,0.0557316877429798
1,1650677533.6929405,0.0222829841150866
