,time,value
0,1650677531.557778,0.07527838652314948
