,time,value
0,1650896408.802421,0.1559303886383702
1,1650902227.8659055,2.2515024935487093
2,1650907763.2863655,-0.5206373971937102
3,1650913444.76922,0.1636301685340499
4,1650919175.9337063,0.1509296246155488
5,1650936040.4280877,0.0585220846056623
