,time,value
0,1650896408.9887044,0.1546934773295407
1,1650902228.0265725,-0.1341375169362545
2,1650907750.786503,2.369491964572568
3,1650913433.057618,-0.0089090398865071
4,1650919157.150257,0.4419321168475641
5,1650935675.2349362,0.1152505235434885
6,1650935693.0021238,0.1152505235434885
7,1650935707.944181,0.1152505235434885
8,1650935719.5326006,0.1152505235434885
9,1650935736.4123845,0.1152505235434885
10,1650935752.223458,0.1152505235434885
11,1650935781.1660204,0.1152505235434885
12,1650935804.2225838,0.1152505235434885
13,1650935827.580978,0.1152505235434885
14,1650935847.3608851,0.1152505235434885
15,1650935866.8288405,0.1152505235434885
16,1650935894.0919583,0.1152505235434885
17,1650935922.9643123,0.1152505235434885
18,1650935949.2668853,0.1152505235434885
19,1650935966.2896614,0.1152505235434885
20,1650935980.509834,0.1152505235434885
21,1650936003.7373888,0.0200867441022939
22,1650936017.5611663,0.0200867441022939
23,1650936040.4352732,0.0200867441022939
