,time,value
0,1650677532.1449943,0.07806320276521998
