,time,value
0,1650657648.403083,0.2246877150727753
