,time,value
0,1650657648.341018,0.13408756399198804
1,1650677533.7099652,0.12313438349501553
