,time,value
0,1650677531.5446932,0.030713654711589822
