,time,value
0,1650657648.359363,0.07806320276521998
1,1650677533.713638,0.07528884815933573
