,time,value
0,1650657648.5125604,0.07806320276521998
1,1650677533.741771,0.07806320276521998
