,time,value
0,1650896409.0126047,0.1588949630643168
1,1650902228.0575132,-1.4238898391356696
2,1650907773.3903043,-0.1365433639437741
3,1650913454.2238965,-0.1455911005495737
