,time,value
0,1650677531.6032963,0.08369184739327895
