,time,value
0,1650657648.3010054,0.1566057691158547
1,1650677533.704868,0.0222829841150866
