,time,value
0,1650657648.2921207,0.0445770393033232
1,1650677533.7016766,0.07527838652314948
