,time,value
0,1650657648.4113803,0.0445770393033232
1,1650677533.7404552,0.022282984115086658
