,time,value
0,1650657648.3869607,-0.03342793483025524
