,time,value
0,1650677532.1882515,0.08088361110687177
