,time,value
0,1651070927.0103898,0.13411446533179575
