,time,value
0,1650896408.8701167,-0.6429567216566494
1,1650902227.9250376,2.72142204460608
2,1650907832.4953108,1.9752204827808977
3,1650913525.4382706,0.9261246481799597
4,1650919288.9621005,2.8447632422993725
