,time,value
0,1650896409.0126936,-0.1570764631608683
1,1650902228.0576386,-0.1605143776118618
2,1650907773.3903704,-0.0111408005664496
3,1650913454.2239616,-0.1605143776118618
