,time,value
0,1650657648.3078992,0.0111408005664498
