,time,value
0,1650677531.569045,0.0780632027652199
