,time,value
0,1650677531.5589118,0.05852208460566235
