,time,value
0,1651501902.5284805,0.1460504721944138
1,1651504293.3586943,-1.971932171941631
2,1651506724.5770202,-1.2265148965339423
3,1651509140.1685557,0.017603895355201446
4,1651511539.6949155,-0.8656781844563758
5,1651513911.344268,-0.06964704292140453
6,1651516306.6608295,-0.9227958086627057
7,1651518698.3838432,0.6097386425015529
8,1651521084.0749075,1.837148743047694
9,1651523492.9224856,-1.3717661122748086
