,time,value
0,1650677532.187985,0.022282984115086658
