,time,value
0,1650677532.155293,0.0921434575923081
