,time,value
0,1650677531.606405,0.08088361110687177
