,time,value
0,1651156578.9107804,0.1398773917893461
1,1651158990.3533993,-1.1861690261641924
2,1651161392.287028,0.4188163182924313
3,1651163794.9482212,-0.14475632943770922
4,1651166186.199877,1.5184980572589315
5,1651168570.5062604,0.9853657550352514
