,time,value
0,1651156578.9192064,-1.7860054607769056
1,1651158990.4318337,-0.5304877071420868
2,1651161392.292585,-1.8973801936193575
3,1651163794.9565856,-0.5304877071420868
4,1651166186.2044082,-0.5304877071420868
5,1651168570.5110743,0.6608624088926728
6,1651170956.797336,-0.5304877071420868
7,1651173360.35289,-0.5304877071420868
8,1651175763.514567,-1.1884236682428888
