,time,value
0,1650896408.8299146,0.3054807880993974
1,1650902227.8888478,-0.1485030812357182
2,1650907793.704395,1.3339439627690648
3,1650913478.0003753,-0.1485030812357182
4,1650919221.426994,0.1560638781987678
