,time,value
0,1650896408.7949789,-0.1537366175005616
1,1650902227.6215894,-0.1537366175005616
2,1650907750.7819915,-2.053748910631822
3,1650913433.055304,0.1496718459413171
