,time,value
0,1651084649.1153193,-0.3113385849909785
