,time,value
0,1650657648.5270247,0.17920367554535474
