,time,value
0,1650677532.18752,0.12620781201787348
