,time,value
0,1650677532.1554098,0.0668932751937093
