,time,value
0,1650657648.386024,0.0
1,1650677533.7243779,0.019497438227927384
