,time,value
0,1650657648.4002652,0.0780632027652199
