,time,value
0,1651084674.341164,1.7254608995616054
1,1651085897.4292176,-1.3818764934389618
2,1651086845.884607,-0.3315186947778706
3,1651087126.5641963,0.5047829823791742
4,1651087426.6976345,0.9365077789789404
5,1651087709.834115,0.7221799801980687
6,1651088021.476462,-0.3315186947778706
7,1651088337.313088,0.1491255760635809
8,1651088627.985776,1.543028952089754
