,time,value
0,1650657648.3636422,-0.022282984115086793
