,time,value
0,1650657648.2968428,0.0
1,1650677533.703401,-0.131292406413733
