,time,value
0,1650896408.8159442,0.0953828510387776
1,1650902227.8747542,-0.6433454053929166
2,1650907773.3838766,0.0953828510387776
3,1650913454.215391,-1.4514066228072915
4,1650919192.29184,1.2815515655446008
