,time,value
0,1650657648.25342,0.0668932751937093
1,1650677533.6854672,0.0362152109485223
