,time,value
0,1651156533.7962723,0.13408756399198804
1,1651158934.6436114,1.248621078314512
2,1651161337.6645732,0.6717295215952133
3,1651163743.6412988,-0.6626902088349317
4,1651166137.2062876,0.12062544891046964
5,1651168527.125632,-1.7254608995616074
6,1651170917.9712486,1.960660074333763
7,1651173318.8566983,-0.47904636605748535
8,1651175727.937599,-0.8819982053373722
9,1651178120.8851428,0.23612801801200567
