,time,value
0,1651156493.26997,-2.333595875788106
1,1651158901.9676192,1.6780705182209088
2,1651161316.011941,-1.2431641880257611
3,1651163717.797937,0.1478098518714564
4,1651166092.950978,1.6780705182209088
5,1651168500.7355883,-2.188373470974588
6,1651170895.2341714,-0.3584780307139731
7,1651173296.8170269,0.1478098518714564
8,1651175705.2002535,-2.333595875788106
9,1651178095.3601012,-0.3909251390100655
10,1651194911.534937,0.0752673217017349
