,time,value
0,1650657648.513861,0.1566057691158547
