,time,value
0,1650657648.3000355,0.17920367554535474
1,1650677533.7045166,0.04736570141323737
