,time,value
0,1650657648.5500836,0.0
1,1650677534.203904,0.0669071959351023
