,time,value
0,1651156578.760414,-1.1422903927149706
1,1651158990.4442546,0.1488504411897928
2,1651161392.2964976,-0.5894557978497786
