,time,value
0,1650657648.3577712,0.0111408005664498
1,1650677533.7128267,0.0223107197189137
