,time,value
0,1651084687.8655012,-1.5547735945968528
1,1651085903.8844287,-2.1556486441957885
2,1651086852.6234095,-1.8339146358159144
3,1651087135.5477333,-1.2566265700156716
4,1651087433.476919,0.0557316877429798
5,1651087718.2540448,2.190885880683425
6,1651088030.0468302,0.2475993102610839
7,1651088351.5127325,0.134087563991988
8,1651088635.267519,-0.1820368354838148
