,time,value
0,1651674712.9197545,0.3054807880993974
1,1651677096.2463324,-0.8827833036879683
2,1651679486.4952197,0.3054807880993974
3,1651681908.6585531,2.03770405870517
4,1651684292.3088176,0.2018934791418507
5,1651686687.8389666,-1.2089900535709213
6,1651689097.246426,1.1056730927744614
7,1651691495.5390823,-0.6775888440433544
8,1651693882.761837,2.8447632422993725
9,1651696295.5126042,0.8593961791987731
