,time,value
0,1650896409.0187979,0.3629133311117435
1,1650902228.0644457,-1.8071528724883201
