,time,value
0,1650896408.850077,0.0669020847872046
