,time,value
0,1650896408.8877423,0.1553713092773898
1,1650902227.9368567,1.4196423331124288
2,1650907875.0844457,0.2938285878446939
3,1650913556.6491036,2.4261017740580777
4,1650919317.314671,-0.2738307755580812
