,time,value
0,1650657648.5439434,0.0
1,1650677534.2019615,0.0613145664985398
