,time,value
0,1650657648.4023132,0.0668932751937093
1,1650677533.7357595,0.0631755260837265
