,time,value
0,1650677532.1354063,0.06969759279778467
