,time,value
0,1650657648.2560863,-0.0892428788756544
