,time,value
0,1650657648.4101808,0.134087563991988
