,time,value
0,1650677532.1752357,0.037144302987944515
