,time,value
0,1650896408.7900603,-2.1556486441957885
1,1650902227.616036,-1.1005073910122758
