,time,value
0,1650657648.2892888,0.1004337205114699
1,1650677533.7001874,0.052944760385833824
