,time,value
0,1650896408.8751829,-1.2072383682251164
1,1650902227.928826,0.5274571988391215
2,1650907844.5222538,-0.216667914820788
3,1650913535.763562,0.3693270745882986
