,time,value
0,1651156533.7744858,0.5310952911363659
1,1651158934.6340508,-2.261294012297585
2,1651161337.649163,-0.6429567216566494
3,1651163743.6131966,-0.6429567216566494
