,time,value
0,1650657648.4030833,0.2246877150727753
