,time,value
0,1650896408.8050773,0.15654581461011022
1,1650902227.8678856,-0.13410064270014022
2,1650907763.2958999,-0.5971548947854712
3,1650913444.7714732,1.4740738022149438
4,1650919175.9374292,0.7705741160874455
5,1650936040.4322968,0.015612640553044003
