,time,value
0,1650657648.528829,0.1004337205114699
