,time,value
0,1650677532.1792448,0.0362152109485223
