,time,value
0,1650657648.4002652,0.07806320276521998
