,time,value
0,1650677532.1818335,0.1378410556396802
