,time,value
0,1651156558.6020668,0.6415661498745239
1,1651158957.716509,-0.5310952911363667
2,1651161359.5500715,-1.2536021663994503
3,1651163766.651853,0.23625654565724075
4,1651166159.6843166,-0.5310952911363667
5,1651168546.579041,0.6415661498745239
6,1651170935.7892275,0.8783818996227919
7,1651173338.9547958,-0.5310952911363667
8,1651175742.769867,0.6415661498745239
9,1651178143.4706886,1.9262499154656694
10,1651194994.8775604,0.05945221689322297
