,time,value
0,1651674712.609188,-1.2566067297460082
1,1651677096.1725469,-0.6444912100432597
2,1651679486.4871628,0.361527138630172
3,1651681908.6455617,-0.915365087842814
4,1651684292.2982736,-0.3914642369459889
5,1651686687.824004,-0.903108665313822
6,1651689097.2354374,-1.1213408123323865
7,1651691495.5260713,0.1453411391662723
8,1651693882.7531908,1.4841174003594793
9,1651696295.4990702,0.4397076226422917
