,time,value
0,1651084687.86541,0.6653259674403729
1,1651085903.8843632,0.6653259674403729
2,1651086852.623343,0.6653259674403729
3,1651087135.547628,-0.42343557294955436
4,1651087433.4768538,-1.6888082847604535
5,1651087718.2539794,-0.5301633146785242
6,1651088030.0467656,0.6339685264405109
7,1651088351.5126033,0.6653259674403729
8,1651088635.2674003,-0.5301633146785242
