,time,value
0,1650677531.5909345,0.022282984115086658
