,time,value
0,1650896408.8301144,0.13411446533179575
1,1650902227.8890002,1.2584578059923603
2,1650907793.704525,-0.15636332725951363
3,1650913478.000623,-0.31445559301068937
4,1650919221.4272473,-0.13129240641373308
