,time,value
0,1651084728.535192,0.2995102258095749
1,1651085932.7500503,-1.652000211318557
2,1651086875.959409,1.2140739419084206
3,1651087168.5485022,-0.5103974122698408
4,1651087456.795949,-0.2854287242700859
5,1651087737.928775,-0.7113503260053912
6,1651088052.2347405,-0.9045187274726564
7,1651088381.2412937,-0.1285057331620886
8,1651088660.1295807,1.6777857039931463
9,1651108627.3085258,0.1864872527341959
