,time,value
0,1650896408.8135118,0.134087563991988
1,1650902227.8730934,0.134087563991988
