,time,value
0,1650896408.847654,-0.1882045662362689
1,1650902227.9107468,0.0178485757751308
2,1650907819.0555873,0.0
3,1650913515.1316,0.1494654527359919
4,1650919240.33397,2.1556486441957894
