,time,value
0,1650657648.5326374,0.0
1,1650677534.1973495,0.0250692217938786
