,time,value
0,1650657648.3551128,0.0668932751937093
