,time,value
0,1650677532.1466286,0.0780632027652199
