,time,value
0,1650896408.8880126,0.15636332725951319
1,1650902227.9371526,-2.0417200575193895
2,1650907875.084836,0.15636332725951319
3,1650913556.6494994,-0.33504835029006674
