,time,value
0,1650677531.5689554,0.055731687742979895
