,time,value
0,1650657648.403637,0.1228546188463591
