,time,value
0,1650657648.3946457,0.0557316877429798
