,time,value
0,1650657648.3739882,0.0892428788756544
1,1650677533.719349,0.0669020847872046
