,time,value
0,1650677532.1853244,0.0613145664985398
