,time,value
0,1650896408.8542144,2.3279272937216837
1,1650902227.916204,0.11444889837933682
2,1650907819.0609794,2.8447632422993725
3,1650913515.1369298,0.15636332725951319
4,1650919240.3429947,-0.13411446533179575
