,time,value
0,1650657648.5228035,0.07806320276521998
