,time,value
0,1650657648.3930886,0.134087563991988
