,time,value
0,1651156578.9008598,-1.1211542209697096
1,1651158990.2794344,0.35946149039919023
2,1651161392.2534099,2.5176086045536827
3,1651163794.8549354,1.30113864301955
4,1651166186.1684957,0.6987525580214584
5,1651168570.4914696,-0.03342793483025524
6,1651170956.7873728,0.8517505051810755
7,1651173360.3117273,0.9827640834104229
8,1651175763.4966502,-0.09549401545641464
9,1651178168.9290733,0.7770229404183097
10,1651195037.8647134,-0.07747313052529785
