,time,value
0,1650896409.0193362,2.8447632422993725
1,1650902228.0656023,0.1227377414930129
2,1650907782.090195,0.1560638781987678
3,1650913465.295877,-1.041210684968526
4,1650919209.2384255,1.7254608995616054
