,time,value
0,1650677531.5315835,0.0613145664985398
