,time,value
0,1651156578.8966362,0.142335035915927
1,1651158990.227287,-0.13471676761936432
2,1651161392.2366374,-0.13471676761936432
3,1651163794.812533,-0.13471676761936432
4,1651166186.1607692,-0.07261714945304218
5,1651168570.421909,-1.7148182490489667
6,1651170956.7811267,0.25149072769550657
