,time,value
0,1650657648.3685446,0.0
1,1650677533.7172093,0.08180790163145442
