,time,value
0,1650657648.386114,0.2591032781466755
