,time,value
0,1650677531.5446932,0.0307136547115898
