,time,value
0,1650896408.7889593,0.11529514995152099
1,1650902227.6151626,0.11529514995152099
