,time,value
0,1650677531.5716317,0.03342793483025524
