,time,value
0,1650896409.0176854,0.157076463160868
1,1650902228.0625842,-1.2946496648507169
2,1650907782.0874238,0.3584780307139731
3,1650913465.2920363,-0.1481545329598434
