,time,value
0,1650657648.378402,0.08924287887565444
