,time,value
0,1650677531.5655985,0.0977284213780636
