,time,value
0,1650896409.055501,-1.1056690985016338
1,1650902228.3524969,0.7425110195522766
2,1650907832.4981349,1.777077098777975
3,1650913525.4400032,-1.777077098777975
4,1650919288.9664302,-0.31717461426306087
