,time,value
0,1650896409.0256615,-0.4528377239673016
1,1650902228.0744765,0.6504752461599506
