,time,value
0,1650896408.7889593,0.1152951499515209
1,1650902227.6151626,0.1152951499515209
