,time,value
0,1650657648.2574282,0.1905363152991957
1,1650677533.6885676,0.0445770393033232
