,time,value
0,1650677531.5681877,0.0724782389794647
