,time,value
0,1650896408.8036644,0.13416631078986113
1,1650902227.8668509,2.4276917247423553
2,1650907763.2903116,-0.15469347732954092
3,1650913444.7704363,-0.15469347732954092
4,1650919175.935447,2.8447632422993725
5,1650936040.4303322,0.06969759279778467
