,time,value
0,1650896409.0029845,-0.6333868637485969
1,1650902228.0423884,2.5672455474894535
2,1650907763.3098006,0.2909557638626464
3,1650913444.7775848,1.3268563916105027
4,1650919175.9477532,-0.3496052724430154
5,1650936040.4548118,0.0362152109485223
