,time,value
0,1650657648.405546,0.0111408005664498
1,1650677533.7378783,0.0780734236329628
