,time,value
0,1650657648.4114728,0.2246877150727753
1,1650677533.7405205,0.0780632027652199
