,time,value
0,1650896408.816443,0.14833913390375675
1,1650902227.8751333,0.14833913390375675
