,time,value
0,1650677532.153997,0.0111408005664498
