,time,value
0,1650896409.0366642,-0.13408756399198804
1,1650902228.3356771,-0.4077666976858127
2,1650907806.4098551,-0.6094976706776104
