,time,value
0,1650657648.3014357,0.0222829841150866
