,time,value
0,1650896409.0057716,0.4059616855454419
1,1650902228.0476887,-0.1351904322045902
2,1650907763.3142974,1.3072992138714417
3,1650913444.7798462,-0.8985565917048496
4,1650919175.9519243,2.8447632422993725
