,time,value
0,1650657648.3018632,0.23612801801200567
