,time,value
0,1650677531.53996,0.022301000832917476
