,time,value
0,1650677532.175075,0.06690208478720465
