,time,value
0,1650677531.5649073,0.14964866773399413
