,time,value
0,1650896409.0016851,0.1289794670474368
1,1650902228.0405526,-0.1346912768947592
2,1650907763.3079362,-0.1346912768947592
3,1650913444.7765915,-0.3525251714490724
