,time,value
0,1650896408.997469,0.14749507870888848
1,1650902228.0349522,0.16138019506920073
2,1650907750.8015609,0.16138019506920073
3,1650913433.0650783,0.0668932751937093
4,1650919157.158302,-0.23449360279270307
