,time,value
0,1651084649.111897,-1.3339439627690652
1,1651085882.0894172,-1.4514066228072915
2,1651086831.1241593,-0.7572687167233753
3,1651087108.7573524,0.5116601379289974
4,1651087409.6770253,0.08924287887565444
5,1651087697.2278805,2.1556486441957894
6,1651088005.0390544,0.46149369421815845
7,1651088317.1968277,-2.2865479513109794
8,1651088605.8629625,0.19053631529919576
