,time,value
0,1650677532.18752,0.1262078120178734
