,time,value
0,1650657648.5313182,0.0
1,1650677534.1964426,0.0334279348302552
