,time,value
0,1650984555.2687356,-1.1515271454670806
1,1650987280.3114395,1.6751966580422013
2,1650989894.711974,-0.5136298015660424
3,1650992655.2229729,-0.5136298015660424
4,1650995321.4170897,0.4755988746360952
5,1650998038.2462096,-0.2733003484362893
6,1651000752.9994423,-1.668467307976428
7,1651003454.0197768,-0.5136298015660424
8,1651006184.6529334,-0.5136298015660424
9,1651022422.9820318,0.0419051095890648
