,time,value
0,1650677531.5777864,0.0222829841150866
