,time,value
0,1650896408.789527,2.8447632422993725
1,1650902227.6156356,0.0920405892846083
2,1650907750.7717094,-1.2628578188979045
3,1650913433.050504,-0.7315627230493021
4,1650919157.138262,-0.7911117677661832
