,time,value
0,1650657648.281646,0.11163715450694481
1,1650677533.6944962,0.07807924502201828
