,time,value
0,1650896409.0265987,0.4895684759903375
1,1650902228.0758812,-0.7425110195522766
2,1650907793.710978,1.4201790692709686
