,time,value
0,1650657648.525553,-0.022282984115086793
1,1650677534.192541,0.0445770393033232
