,time,value
0,1650896409.0184226,-0.1550530762339594
1,1650902228.063894,0.13413751693625456
2,1650907782.0887587,-1.9695593972966896
3,1650913465.2939444,-0.1550530762339594
4,1650919209.21883,1.3510118148726846
