,time,value
0,1650896408.8575232,0.5309504174381525
1,1650902227.9184873,0.5309504174381525
2,1650907832.4830503,0.5309504174381525
3,1650913525.430866,-0.6446644190201967
4,1650919288.9494636,0.5309504174381525
