,time,value
0,1650896409.079542,-0.157414844363615
