,time,value
0,1650896409.0485559,0.13408756399198804
