,time,value
0,1650657648.3248308,0.08924287887565444
