,time,value
0,1650677532.1443286,0.0668932751937093
