,time,value
0,1650657648.3902698,0.15660576911585472
1,1650677533.72732,0.050156098275919644
