,time,value
0,1650677531.577591,0.0222829841150866
