,time,value
0,1650896409.071525,-0.13435729488660375
1,1650902228.3649724,-1.8973801936193575
2,1650907844.5338578,-0.13435729488660375
3,1650913535.7779927,-0.03572562716713006
4,1650919305.1636543,-0.13435729488660375
