,time,value
0,1651156558.6055975,2.1282939232860407
1,1651158957.72272,1.78375109426702
2,1651161359.6047788,-0.5244005127080407
3,1651163766.6556034,1.4841174003594793
4,1651166159.7010424,2.54874436783546
5,1651168546.582718,0.3054807880993974
6,1651170935.7959256,1.0299547426338291
7,1651173338.9583108,2.2934715638165044
8,1651175742.7746801,-0.08254400759926282
9,1651178143.4742043,-2.022722674269125
10,1651194994.9489524,0.02906749084823466
