,time,value
0,1651156558.6121209,0.05588610139280777
1,1651158957.7389078,2.8447632422993725
