,time,value
0,1650896408.8501678,-2.1119486708016115
