,time,value
0,1651084661.3928664,-1.4841174003594797
1,1651085891.033404,-1.5184980572589322
2,1651086837.940023,-1.1422903927149706
3,1651087117.501264,0.2938285878446939
4,1651087417.3096871,0.5244005127080407
5,1651087703.9424336,0.5778652889130343
6,1651088011.9656744,0.6515403116681457
7,1651088329.5342093,2.8447632422993725
8,1651088613.637124,0.5244005127080407
9,1651108542.9616773,-0.0066855869660511
