,time,value
0,1650896409.034779,0.1341375169362545
1,1650902228.3331473,-1.317231461309442
2,1650907806.4012268,2.369491964572568
3,1650913505.441983,-2.1556486441957885
4,1650919231.5888505,2.8447632422993725
