,time,value
0,1650896409.0050135,1.4514066228072906
1,1650902228.0461473,-1.3250623798031902
2,1650907763.3128498,0.42979628464367065
3,1650913444.779153,-1.4841174003594797
4,1650919175.9506688,-1.0216048495865941
