,time,value
0,1650657648.2951434,0.13408756399198804
1,1650677533.7032015,0.07527838652314948
