,time,value
0,1650896408.8225722,-1.065849119744299
