,time,value
0,1650657648.3859346,0.15660576911585472
1,1650677533.7243123,0.08369184739327895
