,time,value
0,1650677531.5738554,0.0752783865231494
