,time,value
0,1650657648.5291862,0.1566057691158547
