,time,value
0,1650677532.1388762,0.1033483209602537
