,time,value
0,1650657648.278641,0.0892428788756544
1,1650677533.6925695,0.0111408005664498
