,time,value
0,1650677531.5763516,0.08932139867424566
