,time,value
0,1651156578.9167826,-0.592172649785959
1,1651158990.42954,-1.8973801936193575
2,1651161392.2900956,1.9695593972966896
3,1651163794.954254,-0.13408756399198804
4,1651166186.2027516,-0.13408756399198804
5,1651168570.5088933,-0.6850167784751023
6,1651170956.795809,2.4747396492194813
7,1651173360.3386078,2.4747396492194813
8,1651175763.5119371,-0.7425110195522766
9,1651178168.9391074,-0.38832197400906654
