,time,value
0,1651084728.5331397,-0.1716638950405217
1,1651085932.748751,-2.19928174656752
2,1651086875.9580626,0.5398149485354541
3,1651087168.545761,0.1685564251397081
4,1651087456.7933605,-1.7198851848283057
5,1651087737.9274583,1.9495030992901787
6,1651088052.189017,0.0817897614686981
7,1651088381.2384727,0.5312269740035693
8,1651088660.127846,1.78276733091419
9,1651108627.3059435,0.0334279348302552
