,time,value
0,1650896409.0611176,0.022282984115086658
1,1650902228.3568883,0.8180417759124541
2,1650907832.506638,-0.9489515064356119
3,1650913525.4450586,0.15707646316086807
