,time,value
0,1650657648.3885071,1.0036329724426831
