,time,value
0,1651156533.614486,0.1353436631672308
1,1651158934.6252692,-1.0036329724426836
2,1651161337.6383789,0.1353436631672308
3,1651163743.6047482,2.8447632422993725
4,1651166137.1590595,-0.0866254442503313
5,1651168527.1110134,-0.9853657550352514
6,1651170917.9558983,2.8447632422993725
7,1651173318.8421214,0.8875176674598645
8,1651175727.922067,0.1353436631672308
9,1651178120.834079,1.6780705182209088
10,1651194949.5291457,-0.0022309296879313
