,time,value
0,1650896408.9961262,0.15681643796043418
1,1650902228.0328875,-0.7105855157734453
2,1650907750.7993886,2.8447632422993725
3,1650913433.0638819,2.622749086451432
4,1650919157.1573386,-1.8462450517414366
5,1650935675.2486577,0.14850220391045513
6,1650935693.0080028,0.14850220391045513
7,1650935707.9540992,0.14850220391045513
8,1650935719.537847,0.14850220391045513
9,1650935736.4197893,0.14850220391045513
10,1650935752.2376823,0.14850220391045513
11,1650935781.190002,0.14850220391045513
12,1650935804.2574437,0.14850220391045513
13,1650935827.589481,0.14850220391045513
14,1650935847.3717875,0.14850220391045513
15,1650935866.839946,0.14850220391045513
16,1650935894.1410744,0.14850220391045513
17,1650935923.0035372,0.14850220391045513
18,1650935949.2730227,0.14850220391045513
19,1650935966.2954526,0.14850220391045513
20,1650935980.5157979,0.14850220391045513
21,1650936003.7426276,0.14850220391045513
22,1650936017.56705,0.14850220391045513
23,1650936040.4452124,0.14850220391045513
