,time,value
0,1650657648.2808824,0.07806320276521998
1,1650677533.6939983,0.11757940657691629
