,time,value
0,1651084687.8676856,-0.491043012396631
1,1651085903.8875651,-0.4953788422972117
2,1651086852.625383,-0.847335007146217
3,1651087135.5500662,-1.0403373861225318
4,1651087433.478844,-1.1003697816571545
5,1651087718.2559762,0.1679159511769684
6,1651088030.0488093,0.3173540794432349
7,1651088351.5164306,-0.5982862722033642
8,1651088635.271245,0.7398730314228334
9,1651108582.4000745,0.0482952554498755
