,time,value
0,1650677532.1910305,0.055733422495748
