,time,value
0,1651070927.0103898,0.1341144653317957
