,time,value
0,1650896408.8542144,2.327927293721684
1,1650902227.916204,0.1144488983793368
2,1650907819.0609794,2.8447632422993725
3,1650913515.1369298,0.1563633272595131
4,1650919240.3429947,-0.1341144653317957
