,time,value
0,1650657648.352713,0.1116371545069448
