,time,value
0,1650677531.5681877,0.07247823897946473
