,time,value
0,1650657648.3513057,0.07806320276521998
