,time,value
0,1650677531.58104,0.07435289448271981
