,time,value
0,1651588353.3515728,-0.915365087842814
1,1651590734.8541305,-0.473921964571535
2,1651593160.615132,0.9559183473067084
3,1651595542.2971516,-0.0334279348302552
4,1651597937.1517885,-0.8180417759124538
5,1651600349.8225954,-1.544453275160012
6,1651602753.0417037,-1.3738351524021557
7,1651605138.0579967,-0.1453374542411728
8,1651607546.5558088,-1.8762250076848768
9,1651609937.7476308,1.0937780409465028
