,time,value
0,1650896409.075448,0.15636332725951319
1,1650902228.3679926,-1.5367352714933724
2,1650907875.1117115,0.15636332725951319
3,1650913556.680509,2.3279272937216837
