,time,value
0,1651156558.539686,0.151219420084282
1,1651158957.768773,2.3484445862387835
2,1651161359.8238263,-0.1342012356656714
3,1651163766.6705437,2.8447632422993725
4,1651166159.7230966,-0.1342012356656714
5,1651168546.597983,-2.1556486441957885
6,1651170935.8231468,1.6329563700349288
7,1651173338.97244,-0.1342012356656714
8,1651175742.7887576,-1.7997457776803123
9,1651178143.4916563,-0.1766635006248383
