,time,value
0,1650984555.2672763,0.1565458146101102
1,1650987280.3067338,-0.069685757086587
2,1650989894.7109709,0.1565458146101102
3,1650992655.2210062,0.9806320019749356
