,time,value
0,1651156578.9052725,-1.5547735945968528
1,1651158990.2927055,1.444142609481963
2,1651161392.2764683,-1.1861690261641924
3,1651163794.8959472,0.1459357343979959
4,1651166186.1784792,0.1459357343979959
5,1651168570.4963448,-0.9153650878428141
6,1651170956.790014,2.8447632422993725
7,1651173360.3163438,-1.798714805867253
8,1651175763.5021155,1.2586240997975489
9,1651178168.9316862,0.5621123670628069
