,time,value
0,1650677532.1655343,0.02599796768680953
