,time,value
0,1650677531.5960064,0.0334279348302552
