,time,value
0,1650657648.5272226,0.0445770393033232
1,1650677534.1939704,0.07806320276521998
