,time,value
0,1650657648.5130332,0.055731687742979895
