,time,value
0,1650657648.3931773,0.2132767449546069
1,1650677533.729548,0.0501560982759196
