,time,value
0,1651084674.3420217,-0.3672583714380983
1,1651085897.4296079,0.14359446255660974
2,1651086845.884997,-1.8339146358159142
3,1651087126.5646205,-0.013926346453608953
4,1651087426.6980224,0.14359446255660974
5,1651087709.8345017,-0.013926346453608953
6,1651088021.4768615,2.8447632422993725
7,1651088337.3138092,-2.053748910631822
8,1651088627.986162,-1.8339146358159142
