,time,value
0,1650984555.269626,-1.3615709340755842
1,1650987280.312604,-0.0763342203048857
2,1650989894.7126126,-1.3615709340755842
3,1650992655.2241344,0.0111442598258307
4,1650995321.418229,-1.3072992138714412
5,1650998038.2473972,-0.6003555089460944
6,1651000753.0001178,-0.6433454053929166
7,1651003454.0203977,-1.2089900535709213
8,1651006184.6560276,-1.3339439627690648
9,1651022422.9832366,0.0111442598258307
