,time,value
0,1650896408.8768528,-0.6388382198891437
