,time,value
0,1651084661.3191411,0.9674215661017016
1,1651085891.0336535,-1.7254608995616074
2,1651086837.940237,-0.1605132709856807
3,1651087117.5014815,0.518709595313248
4,1651087417.3101063,1.5184980572589315
5,1651087703.9426475,1.3339439627690648
6,1651088011.9659219,0.14914028534590834
7,1651088329.5344532,-0.1605132709856807
8,1651088613.6375353,-1.1861690261641924
9,1651108542.9618728,0.1596851503499449
