,time,value
0,1650657648.386024,0.0
1,1650677533.724378,0.0194974382279273
