,time,value
0,1650896408.9976487,0.1524057322673803
1,1650902228.035482,-0.6157714691022125
