,time,value
0,1650677531.5895095,0.1090741064196889
