,time,value
0,1650677532.1752355,0.0371443029879445
