,time,value
0,1650896409.0535524,0.5293103028897745
1,1650902228.351006,0.5293103028897745
2,1650907819.0701766,-0.4876629619432886
