,time,value
0,1650657648.389354,0.17920367554535474
1,1650677533.7266288,0.06410948552614852
