,time,value
0,1650896408.857986,-0.12287058775168762
1,1650902227.9186845,0.5310952911363659
2,1650907832.4834275,1.0573905804044668
