,time,value
0,1650896408.7965715,1.7719901163236365
1,1650902227.623566,0.1588949630643168
2,1650907750.7852838,2.158996595278737
3,1650913433.0569582,-0.6514498483106653
