,time,value
0,1651156578.92583,-0.4331167122838707
1,1651158990.5294604,2.8447632422993725
2,1651161392.3304927,0.3027633759569603
3,1651163794.9868696,-0.1341144653317957
4,1651166186.212356,-1.0594122076625891
5,1651168570.5212328,-0.6627756411446488
6,1651170956.8075292,-0.6178172181761515
