,time,value
0,1650677531.6019251,0.01114425982583073
