,time,value
0,1650896408.8180912,-0.0817007768336879
