,time,value
0,1651156533.570358,-1.5184980572589322
1,1651158934.6039228,1.2815515655446008
2,1651161337.6179922,-0.134087563991988
3,1651163743.5889,1.2815515655446008
4,1651166137.140493,-0.1172458866766519
5,1651168527.0827837,0.157076463160868
6,1651170917.939522,-1.777077098777975
7,1651173318.8312466,1.3615709340755842
8,1651175727.908681,-0.473921964571535
9,1651178120.8171136,2.4747396492194813
