,time,value
0,1650896409.0564146,0.15707646316086807
1,1650902228.3531868,2.8447632422993725
2,1650907832.5003464,-0.13408756399198804
3,1650913525.4408321,2.4747396492194813
4,1650919288.9677846,-0.592172649785959
