,time,value
0,1650677532.141457,0.07806320276521998
