,time,value
0,1651084674.331627,2.8447632422993725
1,1651085897.4258668,0.14179354917921982
2,1651086845.8813014,-0.6391283416304133
3,1651087126.5606992,-0.9324362636709791
4,1651087426.694291,0.14179354917921982
5,1651087709.8307886,0.14179354917921982
6,1651088021.4726968,-0.13535931866139203
7,1651088337.304589,0.14179354917921982
8,1651088627.9824724,0.14179354917921982
