,time,value
0,1650677532.148256,0.0631755260837265
