,time,value
0,1650657648.3669367,0.134087563991988
