,time,value
0,1651084700.7378275,-0.2452041489875621
1,1651085911.0356233,0.1358829179344037
2,1651086858.9273524,1.7254608995616054
3,1651087143.3094466,-1.5184980572589322
4,1651087440.3643994,0.1358829179344037
5,1651087724.3630085,1.2566265700156716
6,1651088037.0618105,2.8447632422993725
7,1651088359.9893117,0.1358829179344037
8,1651088644.4088311,2.8447632422993725
9,1651108582.6726234,0.0111442598258307
