,time,value
0,1650896409.0529652,-0.13408756399198804
1,1650902228.3505893,0.15707646316086807
2,1650907819.0694408,0.40036338453474785
3,1650913515.1467266,-1.2566265700156716
4,1650919240.3588948,0.8985565917048498
