,time,value
0,1650896408.9967868,-0.6446993809513217
1,1650902228.0340374,0.13416631078986113
2,1650907750.800621,-1.2545087803057107
3,1650913433.0643597,-0.15388820821989116
4,1650919157.1578245,0.2771868596426911
