,time,value
0,1650657648.4065657,0.0334279348302552
1,1650677533.738281,0.064102878331027
