,time,value
0,1650677531.6032965,0.0836918473932789
