,time,value
0,1650896408.7990422,-0.24822554793387547
1,1650902227.6269877,0.657108566424889
2,1650907763.2811604,0.38783966718899826
3,1650913444.7662246,-1.4514066228072915
4,1650919175.9295075,-0.3763366085086757
5,1650936040.42392,0.027865843871490055
