,time,value
0,1650657648.2575946,0.0892428788756544
