,time,value
0,1651084700.7385726,-0.3054807880993974
1,1651085911.036234,-0.6433454053929166
2,1651086858.92796,-1.59321881802305
3,1651087143.3100667,-1.3615709340755842
4,1651087440.3650424,-1.0521167560128095
5,1651087724.364288,0.5377506588064431
6,1651088037.062415,0.3406948270877953
7,1651088359.989915,-2.226283463318224
8,1651088644.4094338,-1.2815515655446008
