,time,value
0,1650896408.8356662,0.1569214527234594
1,1650902227.8946774,-0.8173657011965425
2,1650907793.7091308,1.316208441476193
