,time,value
0,1651084712.6886833,-0.5721533965600832
1,1651085923.5654366,-0.6667199550833562
2,1651086869.608606,-0.6438419827073728
3,1651087159.8870943,0.18676694341085331
4,1651087448.7093506,0.5986168802759344
5,1651087731.219845,1.7153865403149646
6,1651088045.3921585,-0.872401172023438
