,time,value
0,1651084742.681757,0.9497835969634424
1,1651085940.892437,-0.24516487803163173
2,1651086882.9916475,1.0036329724426833
3,1651087188.8719332,-0.13735502698254748
4,1651087466.4805398,1.4841174003594793
5,1651087746.3729339,1.3339439627690648
6,1651088059.5860457,-0.13735502698254748
7,1651088393.533203,1.0222413874778957
8,1651088668.3092916,2.1556486441957894
