,time,value
0,1650677531.6010137,0.0865043199555752
