,time,value
0,1651156558.5384517,-0.14113414838525856
1,1651158957.752207,-0.13408756399198804
2,1651161359.7931092,-0.14113414838525856
3,1651163766.667031,-0.13408756399198804
4,1651166159.7194533,-0.13408756399198804
5,1651168546.5939188,-0.13408756399198804
6,1651170935.8166842,-0.13408756399198804
7,1651173338.9690394,-0.13408756399198804
8,1651175742.785223,-1.3339439627690652
9,1651178143.4870474,-0.13408756399198804
