,time,value
0,1650677532.175075,0.0669020847872046
