,time,value
0,1650896408.8263474,-0.6396647150634496
1,1650902227.8843422,0.43711671117046563
2,1650907782.0841253,-0.5438972573906604
3,1650913465.28779,-1.4612094568096337
4,1650919209.2107456,1.6586858100448354
