,time,value
0,1650677532.1717997,0.0706323653324766
