,time,value
0,1651084649.1856804,2.8447632422993725
1,1651085882.0946565,-0.14599369297528894
2,1651086831.1266088,-1.8973801936193575
3,1651087108.759799,-0.9087866238630559
4,1651087409.6794615,-2.0380330596350245
5,1651087697.2303362,1.3072992138714417
6,1651088005.0415964,-1.7323690111315309
7,1651088317.2016554,-0.14559309896912206
8,1651088605.8654,-0.7702473490581163
