,time,value
0,1650677531.5956128,0.0362152109485223
