,time,value
0,1650657648.2476876,-0.0892428788756544
1,1650677533.6816788,0.055733422495748
