,time,value
0,1650896409.0030735,-0.14997053205740013
1,1650902228.0425432,-0.01674308173094833
2,1650907763.3099272,0.1527243604522231
3,1650913444.7776504,0.1527243604522231
4,1650919175.947879,-0.9324362636709791
5,1650936040.4549394,-0.01674308173094833
