,time,value
0,1650657648.5296528,0.134087563991988
1,1650677534.1957655,0.0419735011970263
