,time,value
0,1650896409.0461774,0.14179354917921982
1,1650902228.3445055,0.148473822760049
2,1650907819.064229,-0.7509211060281702
3,1650913515.1409786,0.14179354917921982
4,1650919240.3489447,-0.9274880316020262
