,time,value
0,1650896408.8288565,0.4895684759903375
1,1650902227.8876839,-0.7425110195522766
2,1650907793.7031977,1.4201790692709686
3,1650913477.9983325,1.0954603784629462
4,1650919221.4244208,0.2822161470625082
