,time,value
0,1650657648.405546,0.011140800566449836
1,1650677533.7378783,0.07807342363296287
