,time,value
0,1650657648.3636422,-0.0222829841150867
