,time,value
0,1651084728.5181375,1.6136966424655597
