,time,value
0,1650677532.1402519,0.08554705641125922
