,time,value
0,1650677532.1713378,0.022282984115086658
