,time,value
0,1651156578.9064326,-0.8819982053373722
1,1651158990.2957542,0.8025718880593097
2,1651161392.2777998,2.8447632422993725
3,1651163794.8972797,-0.04919898817176385
4,1651166186.1847649,0.8025718880593097
5,1651168570.4976175,0.8025718880593097
6,1651170956.7907088,0.0386124115240359
7,1651173360.3177114,-0.04919898817176385
8,1651175763.5034876,-2.8447632422993725
9,1651178168.932416,1.1861690261641924
