,time,value
0,1651156558.598837,0.8615745574640296
1,1651158957.7064571,0.41246312944140484
2,1651161359.4550803,0.044046919790549005
3,1651163766.6474922,0.044046919790549005
4,1651166159.6770184,0.044046919790549005
5,1651168546.574796,0.044046919790549005
6,1651170935.7801204,0.41246312944140484
7,1651173338.9489214,2.1883734709745877
8,1651175742.7655911,0.40943819321474045
9,1651178143.4657881,0.07806320276521998
10,1651194994.6347952,0.07806320276521998
