,time,value
0,1650896409.044947,-0.1570764631608683
1,1650902228.343583,0.134087563991988
2,1650907819.0632632,-1.3339439627690652
