,time,value
0,1650677531.551427,0.061314566498539856
