,time,value
0,1650896409.0644844,0.20784348641841685
1,1650902228.3596601,-0.20568790107943624
