,time,value
0,1651588353.1446955,-1.3902781030993898
1,1651590734.8620548,-0.9674215661017012
2,1651593160.6192436,1.978281684491404
3,1651595542.3048666,0.234996875801772
4,1651597937.1578205,2.2702269018561503
5,1651600349.8296914,0.5983065759242403
