,time,value
0,1650677531.5754232,0.0334279348302552
