,time,value
0,1651084700.7303636,2.4747396492194813
1,1651085911.03035,-1.0508743755929535
2,1651086858.8727353,-0.8284872316731089
3,1651087143.3036098,-1.2040222353935102
4,1651087440.357844,0.1095116150676926
5,1651087724.357877,0.9853657550352514
6,1651088037.056076,-1.8973801936193573
7,1651088359.9835987,-1.1861690261641924
8,1651088644.4031606,-0.1350485737468026
9,1651108582.4401546,0.1466786949361829
