,time,value
0,1650657648.3530526,0.0892428788756544
1,1650677533.710993,0.1005207490249281
