,time,value
0,1650896409.057883,-1.070440792173191
