,time,value
0,1650677532.1895812,0.07807924502201828
