,time,value
0,1650657648.5259297,0.0780632027652199
1,1650677534.1928234,0.0501543635231514
