,time,value
0,1650677532.1810071,0.06690208478720465
