,time,value
0,1650896408.9969685,0.15615847838128863
1,1650902228.0343018,-0.22206441495999812
2,1650907750.800875,-0.461392530843251
3,1650913433.064568,1.6054778995937824
4,1650919157.1579556,-0.13411446533179575
5,1650935675.2524872,0.05852208460566235
6,1650935693.0086107,0.05852208460566235
7,1650935707.9552789,0.05852208460566235
8,1650935719.5384533,0.05852208460566235
9,1650935736.4206517,0.05852208460566235
10,1650935752.2401497,0.05852208460566235
11,1650935781.1911678,0.05852208460566235
12,1650935804.2589881,0.05852208460566235
13,1650935827.5904012,0.05852208460566235
14,1650935847.372954,0.05852208460566235
15,1650935866.845002,0.05852208460566235
16,1650935894.1422734,0.05852208460566235
17,1650935923.004647,0.05852208460566235
18,1650935949.2736614,0.05852208460566235
19,1650935966.296074,0.05852208460566235
20,1650935980.5164065,0.05852208460566235
21,1650936003.7445784,0.05852208460566235
22,1650936017.5676632,0.05852208460566235
23,1650936040.446409,0.05852208460566235
