,time,value
0,1651084700.8150082,-0.8180417759124541
