,time,value
0,1650657648.5314095,0.1004337205114699
1,1650677534.1965086,0.0724879896604672
