,time,value
0,1650657648.307421,0.12285461884635916
