,time,value
0,1650677532.1446152,0.022282984115086658
