,time,value
0,1650896408.7907734,0.1524057322673803
1,1650902227.617222,2.8447632422993725
2,1650907750.7746418,-0.1342012356656714
3,1650913433.051954,0.1524057322673803
4,1650919157.1408832,0.0808836111068717
5,1650935675.2131126,0.0808836111068717
6,1650935692.9968832,0.0808836111068717
7,1650935707.9319637,0.0808836111068717
8,1650935719.5267203,0.0808836111068717
9,1650935736.4070184,0.0808836111068717
10,1650935752.1951382,0.0808836111068717
11,1650935781.138588,0.0808836111068717
12,1650935804.1713283,0.0808836111068717
13,1650935827.5755627,0.0808836111068717
14,1650935847.350736,0.0808836111068717
15,1650935866.8184116,0.0808836111068717
16,1650935894.0762198,0.0808836111068717
17,1650935922.9389875,0.0808836111068717
18,1650935949.2616389,0.0808836111068717
19,1650935966.2833936,0.0808836111068717
20,1650935980.503429,0.0808836111068717
21,1650936003.7314436,0.0808836111068717
22,1650936017.5550146,0.0808836111068717
23,1650936040.407417,0.0808836111068717
