,time,value
0,1650896408.8388107,0.1565458146101102
1,1650902227.898961,0.1565458146101102
2,1650907806.359557,0.4250231084199573
