,time,value
0,1650657648.3596992,0.13408756399198804
1,1650677533.71377,0.11471933084210893
