,time,value
0,1650896408.8459096,0.14078728461382978
1,1650902227.908353,0.14078728461382978
2,1650907806.3998163,-0.25111785507169954
3,1650913505.4405403,-0.25111785507169954
