,time,value
0,1650657648.5133028,0.20189347914185077
