,time,value
0,1650657648.285661,0.1792036755453547
