,time,value
0,1651156493.4345505,-0.09847875573841319
1,1651158902.0129921,1.8574033527095004
2,1651161316.1336458,1.7859697337247185
