,time,value
0,1650677532.1463387,0.07527072087234224
