,time,value
0,1650677532.155293,0.09214345759230817
