,time,value
0,1650677532.1893055,0.061314566498539856
