,time,value
0,1651501902.5053866,0.5429497632068129
1,1651504293.3359385,-0.14547837680415932
2,1651506724.5388203,0.14557441369570076
