,time,value
0,1651501981.3726432,2.8447632422993725
1,1651504322.605441,0.649268971955409
2,1651506760.1460855,-0.5781043981001939
3,1651509181.9486585,1.1861690261641924
4,1651511579.733883,-0.6951097158835288
5,1651513950.1064477,-0.0820326230596742
6,1651516338.6864023,-0.7950048353138038
7,1651518734.9550524,2.8447632422993725
8,1651521132.2060685,-0.692747202117863
