,time,value
0,1651084674.3600552,-0.20473929559503987
1,1651085897.437619,-1.3856396594639802
