,time,value
0,1650657648.3869607,-0.0334279348302552
