,time,value
0,1651156493.4363654,-1.3902781030993898
1,1651158902.0151262,0.9670687941288167
2,1651161316.1401703,0.852414182019929
3,1651163717.8621025,1.6341744669080696
