,time,value
0,1650657648.364506,0.1228546188463591
1,1650677533.7155364,0.1320045490350884
