,time,value
0,1650677532.1882515,0.0808836111068717
