,time,value
0,1650896408.887272,0.157076463160868
1,1650902227.9365048,0.157076463160868
2,1650907875.0826676,-0.134087563991988
