,time,value
0,1650677532.16376,0.0780632027652199
