,time,value
0,1651156558.5386395,-0.1494654527359919
1,1651158957.7537978,0.1513229701180005
2,1651161359.7946727,-0.1028913083541963
3,1651163766.6678264,0.1513229701180005
4,1651166159.7202678,0.1513229701180005
5,1651168546.594735,-0.1028913083541963
6,1651170935.8182237,0.1736397652392253
7,1651173338.9698353,0.730282187543998
8,1651175742.7860172,-2.0299649555373214
9,1651178143.48851,2.8447632422993725
10,1651194995.0046966,0.094784392914307
