,time,value
0,1650896408.7951596,0.13410064270014022
1,1650902227.621791,-0.1565458146101106
2,1650907750.7822444,-0.1565458146101106
3,1650913433.0554354,0.18772194289766786
4,1650919157.148097,-1.4090015888038159
