,time,value
0,1650657648.4028378,0.0445770393033232
1,1650677533.7362835,0.07807342363296287
