,time,value
0,1650896409.0203917,0.5307489461532964
1,1650902228.0670178,-1.9847701438310268
2,1650907782.092754,0.2872795198623186
3,1650913465.2973356,-0.651918846509658
