,time,value
0,1650657648.3513055,0.0780632027652199
