,time,value
0,1650896409.0176854,0.15707646316086807
1,1650902228.0625842,-1.2946496648507169
2,1650907782.0874238,0.35847803071397316
3,1650913465.2920365,-0.1481545329598434
