,time,value
0,1651156493.4366937,0.1340918002678769
1,1651158902.0155466,2.333595875788106
2,1651161316.1406667,-0.891114029867707
3,1651163717.8625505,-0.1569214527234596
4,1651166093.088267,2.410921448214744
5,1651168500.7899806,-0.1569214527234596
6,1651170895.2655718,-0.5797876154968071
7,1651173296.8543077,0.4840141047210791
8,1651175705.27179,0.1340918002678769
9,1651178095.4041574,-1.1708744370401458
10,1651194911.6208737,0.0334279348302552
