,time,value
0,1650657648.3609545,0.022282984115086658
