,time,value
0,1651674740.9051626,0.352828673359955
1,1651677126.2959857,0.3490975489936277
2,1651679520.3250885,-1.3582880600363294
3,1651681933.9848151,2.1997684184481137
4,1651684318.6860669,0.2248655310652882
5,1651686714.0230384,0.6750616522524817
6,1651689127.167116,1.272578293918137
7,1651691525.4852526,1.59321881802305
8,1651693913.849758,1.59321881802305
9,1651696320.0586855,-0.0780724818314295
