,time,value
0,1650896408.8085947,-1.732014808941826
1,1650902227.8701856,1.936472372872476
2,1650907773.377138,2.094420989445564
3,1650913454.205768,2.567245547489453
