,time,value
0,1650657648.3930886,0.13408756399198804
