,time,value
0,1650896408.872856,-1.1948419114407334
