,time,value
0,1650657648.3248308,0.0892428788756544
