,time,value
0,1650657648.511756,0.08924287887565444
1,1650677533.7411244,0.07527072087234224
