,time,value
0,1651156493.4123762,0.1383182067434621
1,1651158901.981129,0.1473469606169949
2,1651161316.0686758,1.6780705182209088
3,1651163717.8214898,1.9963609974615737
4,1651166092.9692857,1.0036329724426833
5,1651168500.7511933,1.8339146358159142
6,1651170895.2428656,-1.7844858188729846
7,1651173296.8287823,-0.11479085702891223
8,1651175705.214523,-2.053748910631822
9,1651178095.373702,1.3615709340755842
10,1651194911.559572,0.07404311640079868
