,time,value
0,1650896409.0101123,0.0911711355792805
1,1650902228.05369,-1.507037838292448
2,1650907773.3882945,-0.1353436631672309
