,time,value
0,1650896409.0783176,0.1227377414930129
1,1650902228.3707557,0.1227377414930129
2,1650907875.1591847,-0.1349175990987642
