,time,value
0,1650677531.5655985,0.09772842137806367
