,time,value
0,1651084661.3931837,-0.2967416379083699
1,1651085891.0377347,-0.1905363152991954
2,1651086837.943102,0.4246235657803618
3,1651087117.5042725,0.2475993102610839
4,1651087417.3156312,-0.0557316877429797
5,1651087703.9454646,-0.0111408005664496
6,1651088011.9688818,-2.053748910631822
7,1651088329.537485,0.3853256326339689
8,1651088613.6427765,-1.2089900535709213
9,1651108542.981815,0.0334279348302552
