,time,value
0,1650677531.553687,0.0111421838491762
