,time,value
0,1650657648.2549777,0.0668932751937093
1,1650677533.6867871,0.055733422495748
