,time,value
0,1650677531.5870233,0.0111442598258307
