,time,value
0,1650896409.0626318,0.5312269740035693
1,1650902228.3582428,-0.6516927872189838
2,1650907832.5108778,0.7136184490347104
3,1650913525.446309,0.4438269591902274
4,1650919288.9898725,-0.8027644716301285
