,time,value
0,1650896409.0563252,0.1566914830233663
1,1650902228.3531039,-0.3760540709370682
2,1650907832.5002184,2.5672455474894535
3,1650913525.4407647,-0.5500574928061749
4,1650919288.9676673,-0.8279146949922166
