,time,value
0,1650896409.0305066,0.15654581461011022
1,1650902228.3274531,0.15654581461011022
2,1650907793.7141166,-0.5411708651020659
