,time,value
0,1650677532.1605783,0.06131248146834462
