,time,value
0,1650657648.5209472,0.0445770393033232
