,time,value
0,1650657648.5452316,0.0
1,1650677534.2024884,0.07807924502201828
