,time,value
0,1651588353.3449357,1.8910194315454614
1,1651590734.836676,-1.6384293055840657
2,1651593160.5523944,2.014025433761806
3,1651595542.2752,-1.2247948032932061
4,1651597937.131229,1.9800265576386462
5,1651600349.7950547,0.8715928861658534
6,1651602753.0296514,-1.7586097891356864
7,1651605138.0455499,0.8715928861658534
8,1651607546.4814842,-1.8384130272051855
