,time,value
0,1650657648.5126514,-0.0668932751937094
1,1650677533.7418375,0.0780632027652199
