,time,value
0,1650677531.5814314,0.0473657014132373
