,time,value
0,1650677531.5930014,0.09679743983442438
