,time,value
0,1650677532.1576035,0.0752707208723422
