,time,value
0,1650896408.8213744,0.13469127689475924
