,time,value
0,1650896408.988974,0.16462164489546335
1,1650902228.0267754,0.15699137909312547
2,1650907750.786923,0.7763790274308903
3,1650913433.0578375,0.45845819623671535
4,1650919157.1504872,-0.32601225355956376
5,1650935675.235369,0.03064169715146296
6,1650935693.002343,0.03064169715146296
7,1650935707.9445987,0.03064169715146296
8,1650935719.532828,0.03064169715146296
9,1650935736.4126046,0.03064169715146296
10,1650935752.2248666,0.03064169715146296
11,1650935781.168606,0.03064169715146296
12,1650935804.222993,0.03064169715146296
13,1650935827.5812447,0.03064169715146296
14,1650935847.3621826,0.03064169715146296
15,1650935866.82925,0.03064169715146296
16,1650935894.0924137,0.03064169715146296
17,1650935922.964736,0.03064169715146296
18,1650935949.2671115,0.03064169715146296
19,1650935966.2898796,0.03064169715146296
20,1650935980.5100572,0.03064169715146296
21,1650936003.7376108,0.03064169715146296
22,1650936017.5614426,0.03064169715146296
23,1650936040.4356277,0.03064169715146296
