,time,value
0,1651084700.7351692,0.004456596823017395
1,1651085911.0341089,-2.5086005102701505
2,1651086858.8770635,-0.787291727668475
3,1651087143.3079154,-0.34069482708779536
4,1651087440.3627195,0.004456596823017395
5,1651087724.361515,1.5218744962973603
6,1651088037.060313,-1.4841174003594797
7,1651088359.98776,-0.9497835969634424
8,1651088644.4072194,0.3495675853587533
