,time,value
0,1650657648.3845568,0.145337454241173
