,time,value
0,1650677532.1818335,0.13784105563968027
