,time,value
0,1650896408.8154225,0.5640488102696661
1,1650902227.8743966,0.16245485052490083
2,1650907773.3832777,-0.5311865430944974
3,1650913454.2147276,0.9853184238279211
