,time,value
0,1651156493.26997,-2.333595875788106
1,1651158901.9676192,1.6780705182209088
2,1651161316.011941,-1.2431641880257611
3,1651163717.797937,0.14780985187145648
4,1651166092.950978,1.6780705182209088
5,1651168500.7355883,-2.1883734709745877
6,1651170895.2341714,-0.35847803071397316
7,1651173296.8170269,0.14780985187145648
8,1651175705.2002537,-2.333595875788106
9,1651178095.3601012,-0.3909251390100655
10,1651194911.5349367,0.07526732170173496
