,time,value
0,1651674740.9750865,-0.559580145046081
1,1651677126.3034122,0.1905363152991957
2,1651679520.336877,1.042936573023764
3,1651681933.990416,-0.787291727668475
4,1651684318.691436,0.3083268162496
5,1651686714.0403364,0.5116601379289974
