,time,value
0,1650677531.5573173,0.0362152109485223
