,time,value
0,1650896408.818829,0.157076463160868
1,1650902227.8770766,0.157076463160868
