,time,value
0,1650657648.3908982,0.13408756399198804
