,time,value
0,1650677532.13904,0.03342793483025524
