,time,value
0,1650657648.2808824,0.0780632027652199
1,1650677533.6939983,0.1175794065769162
