,time,value
0,1651084649.1135085,0.15707646316086807
1,1651085882.0929203,-1.59321881802305
2,1651086831.1257348,-1.31625498138712
3,1651087108.7589128,-1.1861690261641924
4,1651087409.678579,-0.7456372550372796
5,1651087697.2294555,2.54874436783546
6,1651088005.0406976,0.16583651529578067
7,1651088317.1998885,-0.040538326429466524
8,1651088605.8645234,2.7707585236834023
9,1651108542.9738166,0.16583651529578067
