,time,value
0,1650896408.818829,0.15707646316086807
1,1650902227.8770766,0.15707646316086807
