,time,value
0,1650677531.5401216,0.06689988238883098
