,time,value
0,1650984555.1780665,0.1341375169362545
1,1650987280.2461867,0.1341375169362545
2,1650989894.6970215,2.8447632422993725
3,1650992655.185795,-0.1546934773295409
4,1650995321.3988426,0.1341375169362545
5,1650998038.2191606,0.710751137879335
6,1651000752.984086,0.1426143339202319
7,1651003454.0053847,-0.4479528221104048
8,1651006184.6209345,-1.2039652993755867
9,1651022422.9382265,0.0696975927977846
