,time,value
0,1650677531.5649073,0.1496486677339941
