,time,value
0,1651084661.3275633,-0.13408756399198804
1,1651085891.0419345,-1.2324587197131793
2,1651086837.9473915,-1.1422903927149706
3,1651087117.5082405,0.9153650878428139
4,1651087417.3230486,0.15707646316086807
5,1651087703.9493663,-0.13408756399198804
6,1651088011.973461,-1.2566265700156716
7,1651088329.5416162,-1.7254608995616074
8,1651088613.6496673,-0.6952956811911627
9,1651108542.9854224,0.07806320276521998
