,time,value
0,1651156578.8946512,-0.8025718880593095
1,1651158990.1555588,-0.7721932141886849
2,1651161392.2290583,-1.8004574740391535
3,1651163794.7838078,0.15370608086311455
4,1651166186.1569254,0.15370608086311455
5,1651168570.416786,-1.5771600384034468
6,1651170956.7771645,0.5150797090271244
7,1651173360.2803547,0.9853657550352514
8,1651175763.4846494,-0.12339311681879755
9,1651178168.921917,2.066472166281624
