,time,value
0,1650896409.0549438,0.5310952911363659
1,1650902228.3521006,0.7279132908816445
2,1650907832.4973228,-0.6415661498745239
3,1650913525.4395638,-0.6415661498745239
4,1650919288.9656477,-1.1449202926850603
