,time,value
0,1650657648.5298326,0.1116371545069448
