,time,value
0,1651156578.8999617,0.1152951499515209
1,1651158990.2783575,0.0306500109975832
2,1651161392.2458937,-0.1349175990987642
3,1651163794.8539107,-0.1349175990987642
4,1651166186.1658738,-0.1349175990987642
5,1651168570.4894435,-0.1349175990987642
6,1651170956.7868185,-0.1349175990987642
7,1651173360.309121,0.1152951499515209
8,1651175763.495564,-1.59321881802305
9,1651178168.927014,-0.1349175990987642
10,1651195037.8636403,0.1378410556396802
