,time,value
0,1650896409.0196526,0.13420123566567133
1,1650902228.0659819,-0.3035392391744888
2,1650907782.0905776,-0.15388820821989116
