,time,value
0,1650896408.8321288,-0.20551635685112588
