,time,value
0,1651156493.422806,-0.146668609484343
1,1651158901.9971669,1.471734680060868
2,1651161316.0972123,0.6336433287069984
3,1651163717.8419807,2.8447632422993725
4,1651166093.029122,0.02906749084823466
5,1651168500.7709897,-0.9324362636709791
6,1651170895.255323,2.4036522669282694
7,1651173296.8437629,2.8447632422993725
8,1651175705.241734,-0.8064218498497504
9,1651178095.3911462,-0.45925495894910107
