,time,value
0,1651084742.6862888,-0.5373635389603912
1,1651085940.89755,-0.8767696495307823
2,1651086882.994514,-0.3973973719518903
3,1651087188.875736,0.030641697151463233
4,1651087466.4841454,-0.2533598926397717
5,1651087746.3804083,0.8823677042600262
6,1651088059.5889242,-0.3973973719518903
7,1651088393.5360696,-0.3230546674692445
8,1651088668.3121428,0.10323457901033863
9,1651108627.3148408,0.030641697151463233
