,time,value
0,1651588353.1342738,2.602349052432708
1,1651590734.842093,2.000600570477487
2,1651593160.5569558,0.657108566424889
3,1651595542.283723,-1.0605258675452702
4,1651597937.138944,1.1124870190039478
5,1651600349.8098035,0.9251622407299877
6,1651602753.035041,-1.516851834396823
7,1651605138.0508978,2.050694906157522
8,1651607546.5445602,-1.2996132083912069
9,1651609937.733895,1.4283718005359065
