,time,value
0,1650896409.0196526,0.1342012356656713
1,1650902228.065982,-0.3035392391744888
2,1650907782.0905776,-0.1538882082198911
