,time,value
0,1650984555.1650743,0.12897946704743685
1,1650987280.239904,-0.13469127689475924
2,1650989894.693435,-0.13469127689475924
3,1650992655.1802847,-0.13469127689475924
4,1650995321.390781,-0.06296173279222225
5,1650998038.2138045,1.4201790692709686
6,1651000752.981252,0.657108566424889
7,1651003454.0025768,-0.9853657550352514
8,1651006184.6157174,-1.3902781030993898
