,time,value
0,1651156533.775445,-0.9836593879735882
1,1651158934.6354969,0.4345773293219815
2,1651161337.6504917,0.4345773293219815
3,1651163743.614563,0.5387310515500308
