,time,value
0,1650677531.531427,0.03633436356029316
