,time,value
0,1651084712.6041431,0.7877903596866589
1,1651085923.5402033,-0.17569381132932937
2,1651086869.6016204,0.1559303886383702
3,1651087159.8357668,-0.7154296712151513
4,1651087448.7024167,0.1559303886383702
5,1651087731.2153118,1.2363423088509613
6,1651088045.3858469,-0.09484144778347707
7,1651088369.8748608,0.1559303886383702
8,1651088651.2189496,-0.6116790330223331
