,time,value
0,1651084674.3600552,-0.2047392955950398
1,1651085897.437619,-1.3856396594639802
