,time,value
0,1650657648.2768245,0.0445770393033232
