,time,value
0,1650896408.8301144,0.1341144653317957
1,1650902227.8890002,1.2584578059923603
2,1650907793.704525,-0.1563633272595136
3,1650913478.000623,-0.3144555930106893
4,1650919221.4272473,-0.131292406413733
