,time,value
0,1650896409.0186014,0.1524057322673803
1,1650902228.064187,-1.8973801936193575
2,1650907782.0890095,-0.13420123566567146
