,time,value
0,1650657648.3655498,0.2018934791418507
