,time,value
0,1650896408.804251,-0.4990022800755853
1,1650902227.8672652,-1.4841174003594797
2,1650907763.2924345,0.1390561807942459
