,time,value
0,1650657648.3973644,-0.0111408005664496
