,time,value
0,1650984555.1654642,0.1358829179344037
1,1650987280.240297,0.1358829179344037
2,1650989894.6937685,-1.430588253783076
3,1650992655.1806605,-0.0397847374311912
