,time,value
0,1650896409.038813,0.5309504174381525
1,1650902228.3388135,-1.77169926258714
2,1650907806.41616,1.1514469295079122
3,1650913505.4597654,0.5309504174381525
4,1650919231.59244,-0.4986412005957938
