,time,value
0,1650896408.8280258,-0.13735502698254748
1,1650902227.886541,-0.25734307163264813
2,1650907793.7022357,-0.25734307163264813
3,1650913477.997187,-0.13735502698254748
4,1650919221.4232798,-0.25734307163264813
