,time,value
0,1650677532.1699567,0.1269380402010717
