,time,value
0,1651156558.6170452,-0.14605047219441367
1,1651158957.7574756,-0.13408756399198804
2,1651161359.8222563,-0.14605047219441367
3,1651163766.6695888,-0.13408756399198804
4,1651166159.7221029,-0.13408756399198804
5,1651168546.5969684,1.1422903927149706
6,1651170935.8215852,-0.14605047219441367
7,1651173338.971624,2.8447632422993725
8,1651175742.787906,-0.14605047219441367
9,1651178143.4908018,-0.13408756399198804
