,time,value
0,1650657648.4118419,0.145337454241173
1,1650677533.7408092,0.07806320276521998
