,time,value
0,1651156493.276297,-1.4841174003594797
1,1651158902.00368,0.7572687167233753
2,1651161316.1200578,-0.1056668221981084
3,1651163717.8503687,0.7572687167233753
4,1651166093.0478797,0.9497835969634424
5,1651168500.777953,-0.0969990510428385
6,1651170895.2595396,-1.624533497434962
7,1651173296.8476574,1.080319340814956
8,1651175705.248278,-2.3540719830588723
