,time,value
0,1650896408.7968428,-0.13408756399198804
1,1650902227.6239455,-0.11098464561315699
2,1650907750.785679,0.7100068777200148
3,1650913433.057158,0.28803230732173035
4,1650919157.1498187,-0.7836553546196272
