,time,value
0,1650657648.401641,0.145337454241173
