,time,value
0,1650657648.2830467,0.134087563991988
