,time,value
0,1650896408.8134198,-0.15813822368454492
1,1650902227.8730264,-0.1964852659499262
2,1650907773.3814325,1.0222413874778957
