,time,value
0,1650657648.2968428,0.0
1,1650677533.7034013,-0.13129240641373308
