,time,value
0,1651156558.6052175,-1.821066854928326
1,1651158957.7220361,2.04440525844861
2,1651161359.564328,-1.6196602397703346
3,1651163766.65501,0.6297030466212713
4,1651166159.7003484,0.6297030466212713
5,1651168546.582106,-2.053748910631822
6,1651170935.7951233,0.29140795211227316
7,1651173338.9579172,0.6314160444774893
8,1651175742.7742817,-1.2566265700156716
9,1651178143.4738197,0.6171166805432963
10,1651194994.9472566,0.011143567973954518
