,time,value
0,1651084712.6087646,-0.486423874628588
1,1651085923.5587602,-1.5184980572589322
2,1651086869.6077654,-1.5547735945968528
3,1651087159.8855376,2.8447632422993725
4,1651087448.7070467,0.0445770393033232
5,1651087731.218984,1.2566265700156716
6,1651088045.3913105,-0.9674215661017012
7,1651088369.8818836,0.2009129987886448
8,1651088651.2258196,1.5184980572589315
9,1651108627.2551315,0.0445770393033232
