,time,value
0,1650657648.3739882,0.08924287887565444
1,1650677533.7193487,0.06690208478720465
