,time,value
0,1650677531.5315835,0.061314566498539856
