,time,value
0,1650677532.1564214,0.0445770393033232
