,time,value
0,1650984555.1906137,0.1358829179344037
1,1650987280.2497432,-0.056845681767383326
2,1650989894.6984656,-0.7063790960203035
3,1650992655.188268,-0.056845681767383326
4,1650995321.4011838,-0.7923851144654197
