,time,value
0,1650657648.3790753,0.022282984115086658
