,time,value
0,1651156493.3448904,-2.0958544602773874
1,1651158901.9681108,-0.4776395121933983
2,1651161316.0148802,-0.8368102345101689
3,1651163717.7985208,0.1460850257680555
4,1651166092.951474,0.6535867291281132
5,1651168500.7360923,-1.8068012017523376
6,1651170895.2344308,-0.1453524931759848
7,1651173296.817369,1.3532371297819807
8,1651175705.200837,-0.1453524931759848
9,1651178095.360629,2.5098340677063367
