,time,value
0,1650896409.0376098,-0.1570428206646993
1,1650902228.336979,-1.2100146610092943
