,time,value
0,1650657648.2840667,0.2132767449546069
