,time,value
0,1650896409.007241,-2.1556486441957885
1,1650902228.0498197,0.1963511585063726
2,1650907763.3163564,2.8447632422993725
3,1650913444.7809615,-0.1550530762339594
4,1650919175.9539928,-1.146305554923155
