,time,value
0,1650896408.8134198,-0.1581382236845449
1,1650902227.8730264,-0.1964852659499262
2,1650907773.3814323,1.0222413874778955
