,time,value
0,1650896408.7903256,0.13424619361999152
1,1650902227.6163442,2.8447632422993725
2,1650907750.774126,-0.150570153809167
3,1650913433.0516887,0.13424619361999152
