,time,value
0,1650896409.079542,-0.15741484436361505
