,time,value
0,1650677531.5653117,0.08369184739327895
