,time,value
0,1650896408.8024213,0.1559303886383702
1,1650902227.8659055,2.2515024935487093
2,1650907763.2863657,-0.5206373971937102
3,1650913444.7692199,0.1636301685340499
4,1650919175.9337065,0.15092962461554885
5,1650936040.4280877,0.05852208460566235
