,time,value
0,1650677532.1893055,0.0613145664985398
