,time,value
0,1650984555.2638512,0.120400578548976
1,1650987280.3012352,0.120400578548976
2,1650989894.7084455,0.120400578548976
3,1650992655.212906,0.3567804906330738
4,1650995321.4129057,0.120400578548976
5,1650998038.2395103,0.120400578548976
6,1651000752.9955816,0.120400578548976
7,1651003454.0163183,-0.1349175990987642
8,1651006184.6464353,-2.053748910631822
