,time,value
0,1651084712.6180198,-0.5203040988005927
1,1651085923.5811062,-2.1556486441957885
2,1651086869.6155653,0.157076463160868
3,1651087159.9323628,-0.5372265830422973
4,1651087448.7155552,-0.1905363152991954
5,1651087731.225992,2.8447632422993725
6,1651088045.398668,0.9674215661017016
7,1651088369.8956633,0.4990022800755853
8,1651088651.2360055,-0.4124631294414045
