,time,value
0,1650677532.187985,0.0222829841150866
