,time,value
0,1650896409.0495248,0.15707646316086807
1,1650902228.347987,1.0605622435314257
2,1650907819.0666988,-0.31717461426306087
3,1650913515.1436737,-2.2865479513109794
4,1650919240.353759,-1.8973801936193575
