,time,value
0,1651156533.5719104,0.1341375169362545
1,1651158934.611066,-0.1550530762339594
2,1651161337.621156,0.1341375169362545
3,1651163743.5920258,-0.1550530762339594
4,1651166137.143593,-0.1550530762339594
5,1651168527.1002877,-0.1550530762339594
6,1651170917.9434264,-0.1550530762339594
7,1651173318.8328965,-0.1550530762339594
8,1651175727.910328,0.1341375169362545
9,1651178120.820238,-1.513895199734754
10,1651194949.514765,0.0669071959351023
