,time,value
0,1651156578.8939283,-1.5701638829328353
1,1651158990.1393666,2.3806906963811034
2,1651161392.1846132,-0.5116601379289974
3,1651163794.7781265,0.8437904754796036
4,1651166186.1551108,1.9984145482610525
5,1651168570.4152617,1.3615709340755842
6,1651170956.7756646,-0.09595961696221982
7,1651173360.278759,1.9405827835196223
8,1651175763.4829955,-0.42955037471329255
9,1651178168.9211216,0.41246312944140484
10,1651195037.8500278,0.06578239513314456
