,time,value
0,1651588328.7936363,-8.348749274015303e-16
1,1651590718.0870154,1.777077098777975
2,1651593144.0691786,2.8447632422993725
3,1651595524.9294746,-0.787291727668475
4,1651597919.6184492,1.0123382045195293
5,1651600330.9943397,0.3953234649818702
6,1651602736.123458,-1.2368164056684006
7,1651605116.9624813,-0.829297108067591
8,1651607530.247973,1.6542248043864578
9,1651609922.2621727,1.7440543238461443
