,time,value
0,1650657648.524967,0.1678940047881054
