,time,value
0,1650896409.023099,-0.6389590938996462
1,1650902228.071093,-0.2706536883283393
2,1650907782.0967925,2.4747396492194813
3,1650913465.3014138,0.5312269740035693
4,1650919209.2507553,2.4747396492194813
