,time,value
0,1650657648.399933,-0.0780632027652199
1,1650677533.7344525,0.1118309310860415
