,time,value
0,1650677532.191498,0.0585220846056623
