,time,value
0,1651156533.6743505,0.1407872846138297
1,1651158934.6417575,1.3339439627690657
2,1651161337.6611402,2.3938751029666605
3,1651163743.6374893,1.0768839337066611
4,1651166137.2024462,2.3938751029666605
5,1651168527.123351,0.1651892119612142
6,1651170917.9692073,-2.023334037870626
7,1651173318.8545964,-0.0967076374194178
8,1651175727.9348226,2.2435790565224245
9,1651178120.8814604,-0.0967076374194178
