,time,value
0,1650657648.5134816,0.0668932751937093
1,1650677533.7425754,0.03342793483025524
