,time,value
0,1651156533.7999218,0.1491255760635809
1,1651158934.6461918,-0.1342980776506649
2,1651161337.6712332,0.1491255760635809
3,1651163743.6478066,-0.1342980776506649
4,1651166137.213883,-0.1342980776506649
5,1651168527.1281452,-0.0741837053902701
6,1651170917.973822,0.3629442136808049
7,1651173318.8606615,0.4516715202241095
8,1651175727.9430952,-0.0741837053902701
9,1651178120.8937664,1.3615709340755842
10,1651194949.557316,-0.0178408006663339
