,time,value
0,1651588271.099323,0.6448258066866563
1,1651590668.222566,1.5080725966606956
2,1651593081.3172915,2.291030243224401
3,1651595478.0868168,-0.0691606009835127
4,1651597869.949148,1.3700664325110474
5,1651600276.830673,0.4295735109019963
6,1651602670.5054812,-1.2566265700156716
7,1651605070.7045133,2.2865479513109825
8,1651607483.347577,-0.0803494948811078
9,1651609869.1084254,1.4841174003594793
