,time,value
0,1651156493.42106,-0.1454322221262601
1,1651158901.9949217,1.0919622120373145
2,1651161316.0953436,1.919134364819395
3,1651163717.8400085,1.1861690261641924
4,1651166093.0152416,0.1461710597398619
5,1651168500.7678132,-1.731772962574481
6,1651170895.2542052,-1.6417286831685045
