,time,value
0,1650896409.03507,-1.2128296048275844
1,1650902228.3335507,-0.027921133346084925
2,1650907806.4016047,-1.3072992138714412
3,1650913505.442366,0.14359446255660974
