,time,value
0,1650677531.5579865,0.07528884815933573
