,time,value
0,1651156578.770156,-0.1462591298448649
1,1651158990.5456352,0.1455092986794884
2,1651161392.3344762,-0.6772694295769176
3,1651163794.990931,1.3687477263315355
4,1651166186.2151017,0.1455092986794884
5,1651168570.5232077,0.1455092986794884
6,1651170956.8113232,1.8339146358159144
7,1651173360.381252,0.1455092986794884
8,1651175763.5233524,0.0334279348302552
9,1651178168.9547987,1.777077098777975
10,1651195038.030995,0.0111408005664498
