,time,value
0,1650677531.5733085,0.0074290447546018
