,time,value
0,1651156558.5962975,-0.0896061629817212
1,1651158957.6975057,-0.3395771447791303
2,1651161359.4107542,0.5890080258949771
3,1651163766.6428676,-1.5799755977481738
4,1651166159.6562796,0.1480568130818595
5,1651168546.570293,-1.7235109867313303
6,1651170935.7729304,2.4358199451172604
7,1651173338.9447534,1.76915295493457
8,1651175742.761858,-2.447729074228449
9,1651178143.4614065,-1.4118743476638955
