,time,value
0,1650657648.3317175,-0.0780632027652199
1,1650677533.7091243,0.0780632027652199
