,time,value
0,1650896409.0659814,-0.13408756399198804
1,1650902228.360758,-1.2815515655446008
2,1650907844.5293012,-0.46149369421815806
3,1650913535.771441,0.15707646316086807
4,1650919305.1592953,0.713469054464235
