,time,value
0,1651084674.3340352,-0.8304355359339807
1,1651085897.427234,-1.0522536387871644
2,1651086845.8826363,-0.1848761264444788
3,1651087126.5621183,0.13971711527295463
4,1651087426.695642,-0.07806320276521998
5,1651087709.8321505,0.25335989263977143
6,1651088021.4740572,-0.5117871222450832
7,1651088337.308803,-1.1771056859223783
8,1651088627.9838135,1.2231127603154108
9,1651108542.9642718,0.03342793483025524
