,time,value
0,1650677531.6015518,0.1147193308421089
