,time,value
0,1650677531.570724,0.0390024870667892
