,time,value
0,1651156533.5250182,0.5310952911363659
1,1651158934.597762,-0.6422311612804122
2,1651161337.6119435,0.5310952911363659
3,1651163743.570994,0.4847687250268466
4,1651166137.1195624,0.50803098459014
5,1651168527.0770738,-0.2822161470625081
6,1651170917.9294405,0.50803098459014
7,1651173318.827125,-0.7780453314641537
8,1651175727.9054592,-1.463891842173619
9,1651178120.811118,0.0940841521271688
10,1651194949.5053153,0.0940841521271688
