,time,value
0,1650677531.5584402,0.0585220846056623
