,time,value
0,1650896409.046535,0.6415661498745239
1,1650902228.344792,0.42943469531570994
2,1650907819.0644972,-0.5310952911363667
