,time,value
0,1650677532.1474304,-0.0111426449434184
