,time,value
0,1650984555.175358,-0.14543873570567917
1,1650987280.2453835,-0.4368471222579287
2,1650989894.6966155,-0.8819982053373722
3,1650992655.1849985,1.0222413874778957
4,1650995321.3981316,-0.14543873570567917
5,1650998038.2183409,-0.29111252269414406
6,1651000752.9836898,-0.4368471222579287
7,1651003454.004948,-2.1280016856957586
