,time,value
0,1650896409.0272255,1.3433260661054038
