,time,value
0,1650657648.359363,0.0780632027652199
1,1650677533.713638,0.0752888481593357
