,time,value
0,1650657648.405195,0.134087563991988
