,time,value
0,1650657648.3043776,0.055731687742979895
