,time,value
0,1650677532.16376,0.07806320276521998
