,time,value
0,1650657648.4000463,0.0892428788756544
