,time,value
0,1650657648.4062269,0.145337454241173
1,1650677533.738149,0.04829525544987556
