,time,value
0,1650896409.01492,2.327927293721684
1,1650902228.0598764,-0.1341144653317957
2,1650907773.392316,2.8447632422993725
3,1650913454.2256758,0.1559303886383702
4,1650919192.3083773,-0.1341144653317957
