,time,value
0,1650896408.811591,-1.4733023598263986
1,1650902227.8719268,0.1559303886383702
2,1650907773.380094,-0.1341144653317957
3,1650913454.209442,1.1333154291419671
