,time,value
0,1650677532.140252,0.0855470564112592
