,time,value
0,1650984554.8577082,-2.8447632422993725
1,1650987280.3144383,-0.0769234722960316
