,time,value
0,1650896408.9968777,-2.333595875788106
