,time,value
0,1650657648.5178475,0.055731687742979895
1,1650677534.188028,0.06968575708658707
