,time,value
0,1651501902.5053866,0.5429497632068129
1,1651504293.3359385,-0.1454783768041593
2,1651506724.5388205,0.1455744136957007
