,time,value
0,1651156533.666837,-0.0940493024003507
1,1651158934.6346054,0.5934668369326249
2,1651161337.6497042,1.6810989675876955
3,1651163743.6137388,0.5934668369326249
4,1651166137.1890702,0.5934668369326249
5,1651168527.1170669,-0.1032665227170339
6,1651170917.9628954,0.4327431645525097
7,1651173318.8489714,0.5244005127080407
8,1651175727.9288423,-0.1131070302687999
9,1651178120.871152,-0.6372453844913952
