,time,value
0,1650677531.5754232,0.03342793483025524
