,time,value
0,1650657648.3939111,0.0111408005664498
