,time,value
0,1650896409.0612078,-0.3032974469202304
1,1650902228.356955,-0.1455911005495737
2,1650907832.5067637,0.1964852659499262
3,1650913525.4451246,0.157414844363615
4,1650919288.9806404,2.2865479513109825
