,time,value
0,1650677532.1908522,0.05573342249574802
