,time,value
0,1650984554.8433683,-0.5949199452597959
1,1650987280.2363813,0.24179801071418452
2,1650989894.691527,1.1272889695873674
3,1650992655.1783264,0.24179801071418452
4,1650995321.3896775,-0.7572687167233753
5,1650998038.209843,1.208990053570922
6,1651000752.980053,-0.7572687167233753
7,1651003454.001542,-0.7572687167233753
8,1651006184.6140208,-0.5949199452597959
