,time,value
0,1650657648.3871834,0.022282984115086658
1,1650677533.7252173,0.022282984115086658
