,time,value
0,1650677532.1823733,0.0334279348302552
