,time,value
0,1650677531.575579,0.0818079016314544
