,time,value
0,1651156533.7999218,0.14912557606358093
1,1651158934.6461918,-0.13429807765066495
2,1651161337.6712332,0.14912557606358093
3,1651163743.6478066,-0.13429807765066495
4,1651166137.213883,-0.13429807765066495
5,1651168527.1281452,-0.07418370539027011
6,1651170917.973822,0.3629442136808049
7,1651173318.8606617,0.45167152022410956
8,1651175727.9430952,-0.07418370539027011
9,1651178120.8937664,1.3615709340755842
10,1651194949.557316,-0.01784080066633398
