,time,value
0,1650677531.545456,0.07807924502201828
