,time,value
0,1650677532.1641335,0.0372123848356483
