,time,value
0,1651588353.3462005,0.1383359059269236
1,1651590734.8393347,0.5613918989677077
