,time,value
0,1650896409.0529652,-0.134087563991988
1,1650902228.3505893,0.157076463160868
2,1650907819.0694408,0.4003633845347478
3,1650913515.1467266,-1.2566265700156716
4,1650919240.3588948,0.8985565917048498
