,time,value
0,1651084728.513624,1.7326271724568831
1,1651085932.7360692,0.5306245200014373
2,1651086875.9447012,0.5306245200014373
3,1651087168.5171986,-1.9695593972966896
4,1651087456.780208,0.6071813267137222
5,1651087737.9157288,-0.2784487206188131
6,1651088052.1766677,0.2640363107642562
7,1651088381.213996,0.5306245200014373
8,1651088660.1064816,-0.6551420420842906
