,time,value
0,1650896409.0358305,0.1342461936199915
1,1650902228.334591,-0.150570153809167
2,1650907806.4074934,-0.150570153809167
3,1650913505.443437,0.0836918473932789
4,1650919231.5896623,2.8447632422993725
