,time,value
0,1650984555.1650743,0.1289794670474368
1,1650987280.239904,-0.1346912768947592
2,1650989894.693435,-0.1346912768947592
3,1650992655.1802847,-0.1346912768947592
4,1650995321.390781,-0.0629617327922222
5,1650998038.2138045,1.4201790692709686
6,1651000752.981252,0.657108566424889
7,1651003454.0025768,-0.9853657550352514
8,1651006184.6157174,-1.3902781030993898
