,time,value
0,1651084674.333178,-0.5716417720057
1,1651085897.4271667,0.5304877071420865
2,1651086845.882569,-0.577081778966032
3,1651087126.5620496,0.09679743983442438
4,1651087426.6955745,2.8447632422993725
5,1651087709.832084,1.4255910437528805
6,1651088021.4739902,-1.4201790692709682
7,1651088337.308662,0.7634159530213007
8,1651088627.983747,0.46550840848767444
9,1651108542.9641964,0.14357248475544218
