,time,value
0,1650677531.600668,0.13200454903508843
