,time,value
0,1650677532.188163,0.09211388056712326
