,time,value
0,1650657648.389354,0.1792036755453547
1,1650677533.7266288,0.0641094855261485
