,time,value
0,1650896409.027513,-0.0866254442503313
