,time,value
0,1650657648.3801396,0.13408756399198804
1,1650677533.7221508,0.06410948552614852
