,time,value
0,1651501857.7111847,-0.060249323346442576
1,1651504263.145049,-2.8447632422993725
2,1651506667.538902,-1.4841174003594797
3,1651509102.9187028,2.8447632422993725
