,time,value
0,1650896408.8516438,0.5312269740035693
1,1650902227.9143531,-0.3467998966766747
2,1650907819.0589797,0.558845305074866
3,1650913515.1350195,0.09297315942092618
4,1650919240.3399222,-0.26294939868972844
