,time,value
0,1650677531.5794997,0.05852208460566235
