,time,value
0,1650677531.5670962,0.05852208460566235
