,time,value
0,1651084687.8737574,-1.3615709340755842
1,1651085903.8929744,0.15707646316086807
2,1651086852.6300104,-1.4201790692709682
3,1651087135.5544834,-1.5184980572589322
4,1651087433.4836006,-1.2628578188979043
5,1651087718.2606778,2.4657673132321896
6,1651088030.0535133,-1.5065863921784521
7,1651088351.5251398,-0.09899618067790304
8,1651088635.2797754,2.5481247806546174
