,time,value
0,1650896408.8280258,-0.1373550269825474
1,1650902227.886541,-0.2573430716326481
2,1650907793.7022357,-0.2573430716326481
3,1650913477.997187,-0.1373550269825474
4,1650919221.4232798,-0.2573430716326481
