,time,value
0,1650896408.7903256,0.1342461936199915
1,1650902227.6163442,2.8447632422993725
2,1650907750.774126,-0.150570153809167
3,1650913433.051689,0.1342461936199915
