,time,value
0,1651084712.6146069,2.4747396492194813
1,1651085923.577049,-1.8973801936193573
2,1651086869.613412,-1.3339439627690652
3,1651087159.9237878,-0.5762526177174435
4,1651087448.7133434,0.5244005127080407
5,1651087731.2238023,1.2324587197131789
6,1651088045.3965058,1.4108390709157106
7,1651088369.8915217,0.145337454241173
8,1651088651.2331514,-0.0055704002832248
9,1651108627.2900856,0.0334279348302552
