,time,value
0,1650896408.7956429,0.15121942008428205
1,1650902227.622202,0.15121942008428205
2,1650907750.7836285,2.8447632422993725
3,1650913433.055813,-1.9695593972966896
