,time,value
0,1650677532.1368816,0.050156098275919644
