,time,value
0,1650896409.0641985,0.6653259674403729
1,1650902228.3594456,-0.5301633146785242
2,1650907844.5279195,-0.1403206123300067
