,time,value
0,1651084728.6202402,0.6433454053929168
1,1651085932.7391727,0.157076463160868
2,1651086875.948271,0.157076463160868
3,1651087168.5217938,-0.9497835969634424
4,1651087456.7826064,-1.1639495821532648
5,1651087737.91811,-0.134087563991988
6,1651088052.1790416,-2.2865479513109794
7,1651088381.2185214,0.157076463160868
8,1651088660.110359,-0.1566057691158548
9,1651108627.2650611,0.0473657014132373
