,time,value
0,1650677531.543178,0.0222829841150866
