,time,value
0,1650896409.0205705,0.157076463160868
1,1650902228.0672698,1.5184980572589315
2,1650907782.0930047,-0.134087563991988
3,1650913465.2975872,2.1556486441957894
4,1650919209.240114,2.4747396492194813
