,time,value
0,1650677531.5322332,0.04736570141323737
