,time,value
0,1651084742.6885746,-0.5405452736633256
1,1651085940.949216,-0.8819265721978524
