,time,value
0,1650984555.1900792,0.15505307623395898
