,time,value
0,1650657648.5180478,0.1228546188463591
