,time,value
0,1651588353.3462005,0.13833590592692369
1,1651590734.8393347,0.5613918989677077
