,time,value
0,1650677532.1900792,0.055731687742979895
