,time,value
0,1651588271.0935357,-0.8349367697768336
1,1651590668.217618,2.4747396492194813
2,1651593081.2762089,0.9133683342650334
3,1651595478.0793443,-0.35821512929382615
4,1651597869.945361,0.17994225932574445
5,1651600276.8233457,-0.804575870732372
6,1651602670.4815662,-0.9497835969634424
7,1651605070.6944897,-8.348749274015303e-16
8,1651607483.337299,-1.1861690261641924
9,1651609869.1041198,0.6862948650607557
