,time,value
0,1651084742.675779,-1.274581558378559
