,time,value
0,1650896409.0016851,0.12897946704743685
1,1650902228.0405526,-0.13469127689475924
2,1650907763.3079362,-0.13469127689475924
3,1650913444.7765915,-0.3525251714490724
