,time,value
0,1650677532.1681616,0.0668932751937093
