,time,value
0,1650657648.402014,0.1116371545069448
1,1650677533.735552,0.01857722924766
