,time,value
0,1650657648.3790753,0.0222829841150866
