,time,value
0,1651084687.8737574,-1.3615709340755842
1,1651085903.8929744,0.157076463160868
2,1651086852.6300104,-1.4201790692709682
3,1651087135.5544834,-1.5184980572589322
4,1651087433.4836006,-1.2628578188979045
5,1651087718.2606778,2.4657673132321896
6,1651088030.0535133,-1.506586392178452
7,1651088351.5251398,-0.098996180677903
8,1651088635.2797754,2.548124780654617
