,time,value
0,1650896408.822898,0.13435729488660375
1,1650902227.880416,0.13435729488660375
2,1650907782.080008,1.5547735945968528
3,1650913465.2825847,0.13435729488660375
4,1650919209.188025,-0.14833913390375675
