,time,value
0,1650677531.5497699,0.061314566498539856
