,time,value
0,1650896408.8089151,0.10633369308692121
1,1650902227.8703167,-0.13534366316723093
2,1650907773.3772962,1.3339439627690648
3,1650913454.2060218,-1.041210684968526
4,1650919192.278281,0.12654015342013122
