,time,value
0,1650677531.538442,0.0250692217938786
