,time,value
0,1650677531.53996,0.0223010008329174
