,time,value
0,1651761204.2433648,0.1485036854168775
1,1651763566.9992237,-1.2283363322126115
2,1651766049.02184,0.0391514422789637
3,1651768462.5849562,0.8669393507586879
4,1651770785.2492857,0.5965535624566224
5,1651773233.9331896,0.1982968555798598
6,1651775612.3220336,0.2039133281526742
7,1651778002.6610942,0.2039133281526742
8,1651780419.1588244,0.2436145372234983
9,1651782764.0902095,0.3484245448137604
