,time,value
0,1650896409.0576134,-1.1422903927149706
