,time,value
0,1650657648.5506222,0.0
1,1650677534.2041318,0.03342793483025524
