,time,value
0,1650657648.3985784,0.011140800566449836
1,1650677533.7335799,0.03342793483025524
