,time,value
0,1650677531.5807097,0.0408606711456338
