,time,value
0,1651156493.418826,-1.865647414717636
1,1651158901.991293,1.3687477263315355
2,1651161316.092017,-0.7519570577370315
3,1651163717.836122,0.9853410635978564
4,1651166093.011987,1.990606775630472
5,1651168500.7640262,1.1853677894575925
6,1651170895.2524872,0.1792036755453547
7,1651173296.8398418,1.3885112760577418
8,1651175705.2366982,-0.0313211538231709
9,1651178095.3860831,-0.4646007618065024
