,time,value
0,1650657648.3864048,0.1228546188463591
1,1650677533.7246473,0.013932921935745
