,time,value
0,1650896408.887272,0.15707646316086807
1,1650902227.9365048,0.15707646316086807
2,1650907875.0826676,-0.13408756399198804
