,time,value
0,1650677531.567008,0.0445770393033232
