,time,value
0,1650896409.052343,0.1570428206646991
1,1650902228.3501077,2.5672455474894535
2,1650907819.0689142,-1.2271304315643412
3,1650913515.1460376,-0.39435726286715106
4,1650919240.3579988,-0.3823433025151936
