,time,value
0,1650657648.4026904,0.9674215661017016
