,time,value
0,1651588328.964171,0.7425110195522766
1,1651590718.100145,1.5869198886766156
2,1651593144.0836892,-2.3174346075022347
