,time,value
0,1650657648.306779,0.1678940047881054
1,1650677533.706461,0.061899827565271
