,time,value
0,1650984554.8541057,-0.6290257826792768
1,1650987280.3040912,2.8447632422993725
2,1650989894.7098565,0.13416631078986113
3,1650992655.2172797,-0.1543055773476262
4,1650995321.414503,0.13416631078986113
5,1650998038.2424061,-0.1543055773476262
6,1651000752.996987,0.13416631078986113
7,1651003454.0177178,-1.4841174003594797
8,1651006184.649141,-1.1649857451141838
9,1651022422.9779496,0.07036712553084913
