,time,value
0,1650657648.411842,0.145337454241173
1,1650677533.7408092,0.0780632027652199
