,time,value
0,1650657648.4097042,0.0668932751937093
