,time,value
0,1650896409.0070632,-0.13410064270014022
