,time,value
0,1651156578.9273772,0.13410064270014022
1,1651158990.5316074,2.0488065358002623
2,1651161392.33278,-0.23617619624854014
3,1651163794.989026,2.752257344029406
4,1651166186.2140112,-0.15681643796043446
5,1651168570.5223894,-2.39337694727928
6,1651170956.8097413,0.14253917419101722
7,1651173360.3793497,2.8447632422993725
8,1651175763.5221455,0.13410064270014022
9,1651178168.9533927,0.08085812179282857
