,time,value
0,1650896409.0190673,0.1499705320574004
1,1650902228.064955,-1.9695593972966896
