,time,value
0,1651084687.8607714,-1.7598716990391852
1,1651085903.8802617,0.04906917512439007
2,1651086852.6195965,-1.0222413874778957
3,1651087135.5427117,-1.3902781030993898
4,1651087433.4730954,-1.634174466908069
5,1651087718.2501533,2.8447632422993725
6,1651088030.04305,1.3615709340755842
7,1651088351.5049326,0.04906917512439007
8,1651088635.2613795,-1.4841174003594797
