,time,value
0,1650677532.164232,0.11555424027654514
