,time,value
0,1650677532.183484,0.03342793483025524
