,time,value
0,1650657648.396155,0.1116371545069448
1,1650677533.7317877,0.0557316877429798
