,time,value
0,1650657648.4100902,0.08924287887565444
1,1650677533.7399132,0.08369184739327895
