,time,value
0,1650677531.5361753,0.019515800691305
