,time,value
0,1650657648.5289183,0.07806320276521998
1,1650677534.1952057,0.07806320276521998
