,time,value
0,1650896408.8774335,-0.1373550269825474
1,1650902227.930478,0.7279132908816445
2,1650907844.5247164,-0.1373550269825474
