,time,value
0,1650896409.0749774,0.13435729488660375
1,1650902228.3675425,0.13435729488660375
2,1650907875.110837,-0.14566160017046323
3,1650913556.657249,-0.6598243082354317
