,time,value
0,1650677531.5693388,0.1193399615574303
