,time,value
0,1650677531.539797,0.011147721794132532
