,time,value
0,1650896408.884416,0.14833913390375675
1,1650902227.935274,0.14833913390375675
2,1650907875.0782528,-0.13429807765066495
3,1650913556.6455781,-0.7956186598220878
4,1650919317.3116329,0.14833913390375675
