,time,value
0,1650677532.183484,0.0334279348302552
