,time,value
0,1650896409.0666256,0.14458417446440094
1,1650902228.3614204,0.13408756399198804
2,1650907844.529811,0.14458417446440094
3,1650913535.771918,0.13408756399198804
4,1650919305.1597714,0.9324362636709788
