,time,value
0,1650677531.5957775,0.1320045490350884
