,time,value
0,1650896409.0763662,0.1559303886383702
1,1650902228.369037,-2.1883603585473606
2,1650907875.1490545,-0.13411446533179575
3,1650913556.6821938,0.1559303886383702
