,time,value
0,1651156493.2740543,-2.496424087426355
1,1651158901.990535,2.1556486441957894
2,1651161316.091215,0.1459847506808061
3,1651163717.8317137,-0.9853657550352514
4,1651166093.0112023,1.360449448917125
5,1651168500.7632413,-1.5533073754178244
6,1651170895.2520227,-0.1074009390321696
7,1651173296.839363,2.4747396492194813
8,1651175705.2358992,-1.1459678498562187
9,1651178095.3852897,0.6768867000843735
10,1651194911.583178,0.0335240876712518
