,time,value
0,1650657648.2476876,-0.08924287887565444
1,1650677533.6816788,0.05573342249574802
