,time,value
0,1651501902.5210166,-0.13411612696512137
1,1651504293.353408,-2.150652286609573
2,1651506724.5543725,0.15989450501709626
3,1651509140.165139,-0.17166389504052176
4,1651511539.6902907,-0.29680269778273627
5,1651513911.339093,-0.09767649179089306
6,1651516306.6361377,0.5852649482125143
7,1651518698.3777182,2.5530900612797613
8,1651521084.0584736,0.5965485822572304
9,1651523492.839467,1.5611384905867554
