,time,value
0,1650657648.3738093,0.145337454241173
1,1650677533.7192826,0.02599796768680953
