,time,value
0,1650677531.5527449,0.02786584387149
