,time,value
0,1650657648.358315,0.0334279348302552
1,1650677533.7130237,0.0752707208723422
