,time,value
0,1651156533.7742314,-0.14376517739873745
1,1651158934.633569,-1.7995596062520716
2,1651161337.6486602,-2.522265830373745
3,1651163743.6126938,1.4714543890688536
4,1651166137.1856685,0.15741484436361505
5,1651168527.1162887,-0.2189895632189566
6,1651170917.9621112,0.9294777906481111
7,1651173318.8483694,1.6341744669080696
8,1651175727.9282827,-1.8109867271581943
9,1651178120.8627675,-0.9840156025136325
10,1651194949.5391767,0.1398344327551856
