,time,value
0,1650657648.39235,0.9674215661017016
1,1650677533.7289093,0.0696975927977846
