,time,value
0,1650896408.9971488,-0.031912308858955414
1,1650902228.0345469,-0.13609059719958738
2,1650907750.801128,-0.13609059719958738
3,1650913433.0647693,-0.031912308858955414
4,1650919157.1580863,0.9210554797855357
5,1650935675.2527559,0.013938118656814923
6,1650935693.0087419,0.013938118656814923
7,1650935707.95553,0.013938118656814923
8,1650935719.5385835,0.013938118656814923
9,1650935736.4207861,0.013938118656814923
10,1650935752.240447,0.013938118656814923
11,1650935781.1913972,0.013938118656814923
12,1650935804.2592397,0.013938118656814923
13,1650935827.590543,0.013938118656814923
14,1650935847.3732057,0.013938118656814923
15,1650935866.8453934,0.013938118656814923
16,1650935894.1425238,0.013938118656814923
17,1650935923.0048978,0.013938118656814923
18,1650935949.2737918,0.013938118656814923
19,1650935966.296205,0.013938118656814923
20,1650935980.5165377,0.013938118656814923
21,1650936003.744822,0.013938118656814923
22,1650936017.5677958,0.013938118656814923
23,1650936040.4466588,0.013938118656814923
