,time,value
0,1650657648.3861141,0.2591032781466755
