,time,value
0,1650657648.2986197,0.1004337205114699
1,1650677533.7040238,0.05573342249574802
