,time,value
0,1650896408.9958327,0.15342649872206354
1,1650902228.032501,0.15342649872206354
2,1650907750.799007,0.15342649872206354
3,1650913433.0636857,-0.9423216495633782
4,1650919157.1570964,0.15342649872206354
