,time,value
0,1650896408.8063226,0.15654581461011022
1,1650902227.8688014,0.15654581461011022
2,1650907763.3007479,-0.13410064270014022
3,1650913444.7723877,0.9234184787662699
