,time,value
0,1650657648.3871834,0.0222829841150866
1,1650677533.725217,0.0222829841150866
