,time,value
0,1650896408.8223917,2.0792238440228137
1,1650902227.8800828,0.15813822368454492
2,1650907782.079675,1.5474171596712158
3,1650913465.2819283,-0.945668636512047
