,time,value
0,1651847478.613724,0.7055297864418087
1,1651849872.162501,-1.466814416201996
2,1651852281.9532695,-0.1433738721027738
3,1651854682.8793595,2.357496049443351
4,1651857077.0945332,0.8056746081051741
5,1651859485.2943606,-1.923081042494404
6,1651861880.3582125,-0.1433738721027738
7,1651864293.679633,0.5534969958370192
8,1651866671.9838667,1.6780705182209088
9,1651869080.1818826,-1.3876355864586774
10,1651871479.925579,-0.0089154078606645
11,1651873887.9085145,-0.0089154078606645
