,time,value
0,1651501902.51033,-0.8985565917048496
1,1651504293.3396604,-1.7254608995616074
2,1651506724.5416057,-1.4877200527217913
3,1651509140.1578698,0.6805172313413526
4,1651511539.6843255,-1.3339439627690652
