,time,value
0,1651156533.7685106,0.13411446533179575
1,1651158934.629035,-0.509485696471925
2,1651161337.641655,0.1004337205114699
3,1651163743.6063945,0.510968107568518
4,1651166137.1652603,0.510968107568518
5,1651168527.1128547,0.2132767449546069
6,1651170917.9582703,1.1001670313006884
7,1651173318.8442416,-0.5762526177174435
8,1651175727.924854,0.4038584250386534
9,1651178120.8500297,2.286586354422215
10,1651194949.5325787,0.20824213699370528
