,time,value
0,1650657648.5298326,0.11163715450694481
