,time,value
0,1650896408.874917,0.5310952911363659
1,1650902227.9286265,-0.17413507850861198
