,time,value
0,1650657648.2848845,0.2018934791418507
