,time,value
0,1650896408.8146029,-1.4989756578245017
1,1650902227.8738503,0.1568164379604341
2,1650907773.382155,2.567245547489453
3,1650913454.2135258,2.333595875788106
