,time,value
0,1650896408.8509948,0.134087563991988
1,1650902227.913876,0.0290674908482346
2,1650907819.0585177,0.1517544987260428
3,1650913515.13456,0.1517544987260428
4,1650919240.3390677,0.0290674908482346
