,time,value
0,1650677531.573496,0.0445770393033232
