,time,value
0,1650896408.8022404,-0.6333868637485969
1,1650902227.8657496,2.567245547489453
2,1650907763.286055,0.2909557638626464
3,1650913444.7690823,1.341818994744716
4,1650919175.9334495,-0.3496052724430154
5,1650936040.427809,-0.0403786958283701
