,time,value
0,1650657648.373809,0.145337454241173
1,1650677533.7192826,0.0259979676868095
