,time,value
0,1650677531.5500956,0.0501560982759196
