,time,value
0,1651501857.6765628,-1.422844167217532
1,1651504263.0959375,0.6726364361306668
2,1651506667.3617196,0.14966216397240809
3,1651509102.6879754,1.090469593406018
4,1651511502.5953808,-1.79589908621312
5,1651513875.4634194,-1.3957083071154603
6,1651516265.9912066,-1.5198207261482466
7,1651518671.186062,2.5810917984101867
8,1651521056.1882148,-0.6552630802174979
