,time,value
0,1650896408.8704088,0.157076463160868
1,1650902227.9252317,-0.6458457973472711
2,1650907832.4957342,0.2706416397758346
3,1650913525.4384956,-1.060562243531426
4,1650919288.9640284,-0.3973530319033276
