,time,value
0,1650896409.059177,-0.14113414838525856
1,1650902228.3552613,-0.14113414838525856
2,1650907832.504021,0.7721932141886849
3,1650913525.443172,0.4246235657803618
4,1650919288.9778674,-1.3072992138714412
