,time,value
0,1650657648.519981,0.055731687742979895
1,1650677534.1896417,0.07806320276521998
