,time,value
0,1650984555.2636044,2.4747396492194813
1,1650987280.3009808,-0.1543055773476262
2,1650989894.708312,0.13416631078986113
3,1650992655.2126544,-0.1543055773476262
4,1650995321.4127738,0.13416631078986113
5,1650998038.2392545,0.13416631078986113
6,1651000752.9954467,0.13416631078986113
7,1651003454.0161877,0.13416631078986113
8,1651006184.6461496,0.8046676780743734
