,time,value
0,1650677531.5560634,0.0585220846056623
