,time,value
0,1650896409.0281608,0.15342649872206354
1,1650902228.0783796,0.3690110872764728
2,1650907793.7121823,0.16138019506920073
3,1650913478.0149724,-1.5928151883844333
4,1650919221.4447315,2.8447632422993725
