,time,value
0,1650896408.8061247,-1.1639495821532648
1,1650902227.8686483,-1.5547735945968528
2,1650907763.3004918,1.3902781030993898
