,time,value
0,1650657648.383089,0.0780632027652199
1,1650677533.7227125,0.0222829841150866
