,time,value
0,1650896409.0305066,0.1565458146101102
1,1650902228.3274531,0.1565458146101102
2,1650907793.7141166,-0.5411708651020659
