,time,value
0,1651156578.9100008,0.13408756399198804
1,1651158990.3002868,-0.1570764631608682
2,1651161392.2851057,0.13408756399198804
3,1651163794.9018066,-0.1570764631608682
4,1651166186.1976264,-0.1570764631608682
5,1651168570.5047684,1.080319340814956
6,1651170956.793182,0.2706416397758346
