,time,value
0,1650677531.5763516,0.0893213986742456
