,time,value
0,1650896408.99472,0.1559303886383702
1,1650902228.0311823,0.33222637343489925
2,1650907750.797231,-0.13411446533179575
3,1650913433.0625782,1.4796568595106663
4,1650919157.1562645,1.2616555852641613
5,1650935675.2467093,0.061314566498539856
6,1650935693.006978,0.061314566498539856
7,1650935707.9521418,0.061314566498539856
8,1650935719.5367918,0.061314566498539856
9,1650935736.4187539,0.061314566498539856
10,1650935752.2362063,0.061314566498539856
11,1650935781.1879766,0.061314566498539856
12,1650935804.2553813,0.061314566498539856
13,1650935827.5875509,0.061314566498539856
14,1650935847.3698277,0.061314566498539856
15,1650935866.8380792,0.061314566498539856
16,1650935894.1391323,0.061314566498539856
17,1650935923.0016963,0.061314566498539856
18,1650935949.272011,0.061314566498539856
19,1650935966.2941277,0.061314566498539856
20,1650935980.5147655,0.061314566498539856
21,1650936003.7415693,0.061314566498539856
22,1650936017.565518,0.061314566498539856
23,1650936040.4431865,0.061314566498539856
