,time,value
0,1650657648.5478735,0.0
1,1650677534.2033615,0.0334279348302552
