,time,value
0,1650657648.3082366,0.0
1,1650677533.7068086,0.0362152109485223
