,time,value
0,1650657648.531788,0.0
1,1650677534.196771,0.094935939485186
