,time,value
0,1651156558.6176345,-2.2189826835668165
