,time,value
0,1650896408.7997208,0.1570428206646991
1,1650902227.628692,0.8618283009149348
2,1650907763.2820904,1.6031806435243516
3,1650913444.7667484,-1.0560348614794632
4,1650919175.9304016,-0.1256628551327663
5,1650936040.4248364,0.1341994685809142
