,time,value
0,1650896408.8645284,-0.02775860058822326
1,1650902227.921921,0.5762526177174433
2,1650907832.4898484,-0.13263818916263487
3,1650913525.4352722,0.5801718599011492
4,1650919288.9543133,-1.5280526083465238
