,time,value
0,1650657648.511756,0.0892428788756544
1,1650677533.7411244,0.0752707208723422
