,time,value
0,1650896408.989287,-0.1424751508340946
