,time,value
0,1651084661.3174644,-0.7572687167233753
1,1651085891.0321615,-1.634174466908069
2,1651086837.9389617,-0.06689327519370943
3,1651087117.5001264,0.6128233054705856
4,1651087417.3075235,-1.4514066228072915
5,1651087703.941316,-0.13408756399198804
6,1651088011.964577,0.0668932751937093
7,1651088329.5322545,0.15707646316086807
8,1651088613.6351006,-0.7572687167233753
