,time,value
0,1650657648.5126514,-0.06689327519370943
1,1650677533.7418375,0.07806320276521998
