,time,value
0,1650657648.2989857,0.08924287887565444
