,time,value
0,1650657648.395561,-0.022282984115086793
1,1650677533.731376,0.0668932751937093
