,time,value
0,1650896409.0040998,0.1341006427001402
1,1650902228.0445056,-1.2953733898747548
2,1650907763.3114927,0.8317347350899255
3,1650913444.7784722,-0.1566914830233668
