,time,value
0,1650896409.0171962,-0.13459256910069956
1,1650902228.061924,0.13870240585908986
