,time,value
0,1650896408.8861458,-2.1883603585473606
