,time,value
0,1650657648.3588204,0.0668932751937093
1,1650677533.7132208,0.0074290447546018
