,time,value
0,1650657648.2818754,0.134087563991988
1,1650677533.695461,0.019515800691305
