,time,value
0,1651156493.4218256,-2.0958544602773874
1,1651158901.9956772,-0.4776395121933983
2,1651161316.0961647,-0.8368102345101689
3,1651163717.8408842,0.1456874466586364
4,1651166093.0160153,0.6988505831964864
5,1651168500.768633,-1.738287632563759
6,1651170895.2546098,-0.1233803013919204
7,1651173296.8431823,1.3532371297819807
8,1651175705.2407374,-0.1233803013919204
9,1651178095.3901317,2.5098340677063367
10,1651194911.587936,0.0501560982759196
