,time,value
0,1651156493.420632,-0.14794282379708948
1,1651158901.994532,0.22808325477141664
2,1651161316.0949163,0.22808325477141664
3,1651163717.8391914,0.5762526177174433
4,1651166093.01484,0.22808325477141664
5,1651168500.7669563,1.480231388412815
6,1651170895.253993,1.0222413874778957
7,1651173296.8421943,0.22808325477141664
8,1651175705.2395132,-2.8447632422993725
9,1651178095.3889408,-0.06689327519370943
10,1651194911.5867546,0.05021686025573485
