,time,value
0,1650677532.1753955,0.03342793483025524
