,time,value
0,1650677532.1895812,0.0780792450220182
