,time,value
0,1650677531.58104,0.0743528944827198
