,time,value
0,1650657648.5259297,0.07806320276521998
1,1650677534.1928234,0.050154363523151425
