,time,value
0,1651084674.3425229,1.3039685540996167
1,1651085897.4298017,-2.0066638143796074
