,time,value
0,1650657648.5195231,0.17920367554535474
