,time,value
0,1650677531.54977,0.0613145664985398
