,time,value
0,1650677531.5648181,0.008356983707563789
