,time,value
0,1650657648.5285394,0.0780632027652199
