,time,value
0,1650896408.8522034,-0.4043966328369668
1,1650902227.9147625,0.6387979524690347
2,1650907819.059374,-0.5312269740035699
3,1650913515.1354148,1.422381621149685
4,1650919240.3406603,-0.5938913803542047
