,time,value
0,1650896409.0282514,-1.4247436850980748
1,1650902228.078517,-0.6147728391486587
