,time,value
0,1650657648.3954716,0.022282984115086658
1,1650677533.73131,0.06690208478720465
