,time,value
0,1650896409.022723,1.1000147849661857
1,1650902228.0705593,2.8447632422993725
