,time,value
0,1650657648.5297432,-0.07806320276521998
1,1650677534.1958332,0.055731687742979895
