,time,value
0,1650896409.046268,-0.5643750818331702
1,1650902228.3445723,0.048952142674833915
2,1650907819.0642982,-0.6391235209404311
3,1650913515.1410441,1.1804024518152043
4,1650919240.3490715,-0.3055230504517033
