,time,value
0,1651156578.8990574,-2.8447632422993725
1,1651158990.2549655,1.3126823174782791
2,1651161392.2441773,-0.43262987822713883
3,1651163794.843976,0.8262829610087699
4,1651166186.1640246,1.1005073910122758
5,1651168570.4885228,1.9044589712797457
6,1651170956.786019,-1.1639495821532648
