,time,value
0,1650657648.5326374,0.0
1,1650677534.1973495,0.02506922179387868
