,time,value
0,1650657648.28446,0.0892428788756544
1,1650677533.6971376,0.0083569837075637
