,time,value
0,1650657648.258437,0.145337454241173
