,time,value
0,1650657648.3842435,0.0668932751937093
