,time,value
0,1651084742.6751812,-1.20500505757394
1,1651085940.8877819,0.1559303886383702
2,1651086882.9871383,-1.4247436850980748
3,1651087188.8670895,-0.13411446533179575
4,1651087466.4760358,0.061314566498539856
5,1651087746.3677793,-0.13411446533179575
6,1651088059.5806391,-0.13411446533179575
7,1651088393.5272875,-1.2295590643764958
8,1651088668.3040357,0.9680365753256792
9,1651108627.2878165,0.061314566498539856
