,time,value
0,1650657648.352713,0.11163715450694481
