,time,value
0,1650657648.5151675,-0.03342793483025524
1,1650677533.7440014,0.05201578460011865
