,time,value
0,1650657648.3946455,0.055731687742979895
