,time,value
0,1650657648.3673058,0.0668932751937093
1,1650677533.7167287,0.03064169715146296
