,time,value
0,1650896409.034508,0.13735502698254748
