,time,value
0,1650896409.0206592,-0.0817007768336879
