,time,value
0,1650677531.5609212,0.1349175990987642
