,time,value
0,1650896408.8115907,-1.4733023598263986
1,1650902227.8719268,0.1559303886383702
2,1650907773.380094,-0.13411446533179575
3,1650913454.209442,1.1333154291419671
