,time,value
0,1650657648.3685446,0.0
1,1650677533.717209,0.0818079016314544
