,time,value
0,1650677531.575579,0.08180790163145442
