,time,value
0,1650677532.13904,0.0334279348302552
