,time,value
0,1651084661.392013,-0.8143253003740564
1,1651085891.0252454,0.1369000365542841
2,1651086837.9338677,0.2504753022324816
3,1651087117.4949362,0.6640856194374424
4,1651087417.297191,0.3436524131781147
5,1651087703.93623,1.791286483037459
6,1651088011.9587705,-0.1566057691158548
7,1651088329.5229928,-1.2208991826821087
8,1651088613.625203,-0.8903399259637328
9,1651108542.9528222,0.0222829841150866
