,time,value
0,1650896408.8774335,-0.13735502698254748
1,1650902227.9304779,0.7279132908816445
2,1650907844.5247164,-0.13735502698254748
