,time,value
0,1650677531.610176,0.07807924502201828
