,time,value
0,1650657648.390627,0.1116371545069448
