,time,value
0,1650896408.8175323,-0.14378441773372
1,1650902227.8759527,-2.0417357669510947
2,1650907773.384908,-0.2621715929009955
