,time,value
0,1650657648.5221229,0.1678940047881054
1,1650677534.1905372,0.1005601850585078
