,time,value
0,1650657648.53879,0.0
1,1650677534.2001948,0.1062282899665
