,time,value
0,1650896409.0325816,0.1566914830233663
