,time,value
0,1650896408.8433237,0.1342093076906987
