,time,value
0,1650657648.5125604,0.0780632027652199
1,1650677533.741771,0.0780632027652199
