,time,value
0,1650896408.8130426,-0.6608624088926728
1,1650902227.8728108,2.8447632422993725
2,1650907773.3812022,-0.6608624088926728
3,1650913454.2117352,0.5304877071420865
4,1650919192.2852774,2.8447632422993725
