,time,value
0,1650657648.5250683,0.2132767449546069
1,1650677534.1921732,0.1005601850585078
