,time,value
0,1650896409.0234568,0.15707646316086807
1,1650902228.0715938,0.15707646316086807
2,1650907782.0981696,-0.13408756399198804
3,1650913465.3019378,1.1861690261641924
4,1650919209.2513385,-1.3072992138714412
