,time,value
0,1650896408.8187413,0.13450568910236346
1,1650902227.8770103,-1.4778718511832654
2,1650907782.0763187,1.3714096416368824
3,1650913465.276048,-0.1400270157660546
4,1650919209.151479,-1.777077098777975
