,time,value
0,1650657648.511447,-0.0668932751937094
