,time,value
0,1650657648.3650463,-0.05573168774297976
