,time,value
0,1650896408.8179092,0.1566914830233663
1,1650902227.876323,0.1566914830233663
2,1650907773.3851843,0.6204591120033927
3,1650913454.2178204,1.6999758985858917
4,1650919192.2944946,-0.4711588733401426
