,time,value
0,1650984555.2628648,-0.2592019826305278
1,1650987280.2994034,-0.1045398867109223
2,1650989894.7075028,2.053748910631822
3,1650992655.2110984,-0.2592019826305278
4,1650995321.411963,-0.2592019826305278
5,1650998038.2376604,-0.1379789669079908
6,1651000752.994403,-0.7572687167233753
7,1651003454.0153425,-2.2489458552790693
