,time,value
0,1650896409.0743396,-0.1581382236845449
1,1650902228.367055,0.1459630387684431
2,1650907875.1095395,1.1861690261641924
3,1650913556.656336,0.1459630387684431
4,1650919317.3348002,-1.0222413874778955
