,time,value
0,1650677532.1713378,0.0222829841150866
