,time,value
0,1650657648.3262503,0.055731687742979895
1,1650677533.7073572,0.10907410641968894
