,time,value
0,1650657648.3317175,-0.07806320276521998
1,1650677533.7091243,0.07806320276521998
