,time,value
0,1651501902.6441035,-0.6816348827226859
1,1651504293.407768,-0.9667821515957272
2,1651506724.629051,0.3818640558875931
3,1651509140.196262,-0.915365087842814
4,1651511539.771712,-0.8819982053373722
5,1651513911.4191146,2.23105315234714
6,1651516306.8096237,0.6482499376373725
