,time,value
0,1650657648.518406,0.0445770393033232
