,time,value
0,1650896408.8077283,0.1569214527234594
1,1650902227.8697085,0.1569214527234594
2,1650907773.3765929,-1.6716129412277745
3,1650913454.204865,0.1569214527234594
