,time,value
0,1650896408.9964943,-0.605590936676287
1,1650902228.033409,0.15707646316086807
