,time,value
0,1650657648.2806916,0.17920367554535474
