,time,value
0,1650657648.378402,0.0892428788756544
