,time,value
0,1650896408.9999976,0.4204085863666802
1,1650902228.0379815,-0.157414844363615
2,1650907763.305423,0.1456874600533945
