,time,value
0,1650677531.5581691,0.041789763185056124
