,time,value
0,1650657648.30845,0.19053631529919576
1,1650677533.7068746,0.050156098275919644
