,time,value
0,1650677532.1426234,0.037191507025973215
