,time,value
0,1651156493.4345503,-0.0984787557384131
1,1651158902.012992,1.8574033527095004
2,1651161316.1336458,1.7859697337247185
