,time,value
0,1650677531.5579865,0.0752888481593357
