,time,value
0,1650657648.3943765,-0.0111408005664496
1,1650677533.7304678,0.0334279348302552
