,time,value
0,1650896409.0204809,0.13435729488660375
1,1650902228.067144,0.13435729488660375
2,1650907782.0928795,1.5547735945968528
3,1650913465.2974625,0.13435729488660375
