,time,value
0,1650896408.8063226,0.1565458146101102
1,1650902227.8688014,0.1565458146101102
2,1650907763.300748,-0.1341006427001402
3,1650913444.7723875,0.92341847876627
