,time,value
0,1650984554.8531904,0.1341144653317957
1,1650987280.3016686,0.1341144653317957
2,1650989894.7086718,-1.6795174236055948
3,1650992655.2133377,1.7645430112300002
