,time,value
0,1651084700.7359118,-0.134087563991988
1,1651085911.0347233,-0.1154680084303474
2,1651086858.926462,-2.2865479513109794
3,1651087143.308549,-0.1154680084303474
4,1651087440.363354,-1.475939705971433
5,1651087724.3621366,0.9674215661017016
6,1651088037.0609388,-0.3249067740370711
7,1651088359.9883664,0.0730391615884452
8,1651088644.4078245,-1.2566265700156716
9,1651108582.660397,0.0898272606878849
