,time,value
0,1650657648.40961,0.1678940047881054
1,1650677533.7395673,0.01857722924766004
