,time,value
0,1650657648.2830467,0.13408756399198804
