,time,value
0,1650657648.2548087,0.145337454241173
