,time,value
0,1650657648.5268455,-0.022282984115086793
1,1650677534.193707,0.09679743983442438
