,time,value
0,1651674666.8067224,1.6780705182209088
1,1651677067.479217,2.659751445759427
2,1651679466.4090803,0.66313259252022
