,time,value
0,1650677531.5654078,0.055731687742979895
