,time,value
0,1650657648.5133028,0.2018934791418507
