,time,value
0,1650677531.5409412,0.0501560982759196
