,time,value
0,1651084661.3111858,-0.9818865453891794
1,1651085891.0243995,0.1553713092773898
2,1651086837.933133,-1.3510118148726848
3,1651087117.4942002,-1.3510118148726848
4,1651087417.2957225,1.1155763850338356
5,1651087703.9354918,2.8447632422993725
6,1651088011.9578075,0.2392512122817203
7,1651088329.5215943,-0.9943053351647873
8,1651088613.6238296,0.1553713092773898
