,time,value
0,1650677531.5831437,0.09679743983442438
