,time,value
0,1650657648.3579764,0.0892428788756544
1,1650677533.7128909,0.0334279348302552
