,time,value
0,1650896408.8026204,0.1400270157660542
1,1650902227.8660636,-1.2089900535709213
2,1650907763.286588,2.8447632422993725
3,1650913444.7693906,-1.423528508297425
