,time,value
0,1650657648.4014285,0.1004337205114699
