,time,value
0,1650657648.5273137,0.145337454241173
1,1650677534.1940546,0.1204472296391859
