,time,value
0,1650677531.5814314,0.04736570141323737
