,time,value
0,1650657648.284067,0.2132767449546069
