,time,value
0,1650677532.181347,0.09493593948518603
