,time,value
0,1651084742.675779,-1.2745815583785587
