,time,value
0,1650896408.8476539,-0.18820456623626897
1,1650902227.9107468,0.017848575775130833
2,1650907819.0555873,0.0
3,1650913515.1316001,0.14946545273599196
4,1650919240.33397,2.1556486441957894
