,time,value
0,1651501902.5092654,0.5597707012184552
