,time,value
0,1650896409.0763662,0.1559303886383702
1,1650902228.369037,-2.188360358547361
2,1650907875.1490543,-0.1341144653317957
3,1650913556.6821938,0.1559303886383702
