,time,value
0,1650677531.6071494,0.03342793483025524
