,time,value
0,1650896408.8433235,0.13420930769069875
