,time,value
0,1650657648.363306,0.0780632027652199
1,1650677533.7150574,0.0334279348302552
