,time,value
0,1650657648.2822778,0.0445770393033232
