,time,value
0,1650896408.888939,-0.13413751693625456
1,1650902227.9379961,-1.5941853063793434
2,1650907875.0922735,-0.45066142409016985
3,1650913556.6507833,0.1553713092773898
