,time,value
0,1650677532.153997,0.011140800566449836
