,time,value
0,1650677531.5560634,0.05852208460566235
