,time,value
0,1650896409.0539303,0.5311865430944966
1,1650902228.3513377,-0.1191206243352927
2,1650907832.4958649,0.5311865430944966
3,1650913525.4385617,-0.6400438780314935
4,1650919288.9641707,-0.5335890351714091
