,time,value
0,1650657648.541326,0.0
1,1650677534.2005622,0.0362152109485223
