,time,value
0,1650657648.2509668,-0.0111408005664496
