,time,value
0,1650896409.000466,-1.1422903927149706
1,1650902228.0384903,0.2270090353495761
2,1650907763.3060825,2.4747396492194813
3,1650913444.7748804,1.6341744669080696
