,time,value
0,1650657648.376444,0.0668932751937093
