,time,value
0,1651084712.6140518,1.5391450791066377
1,1651085923.5753884,0.5311456588023704
2,1651086869.6129253,-0.5585858360477559
3,1651087159.92274,0.5311456588023704
4,1651087448.71286,0.8058194342585108
5,1651087731.2230406,-0.5041477287620317
6,1651088045.3956625,-0.6404742050839444
7,1651088369.8906083,-0.3213312613993546
8,1651088651.2326744,-1.0757860266953916
9,1651108627.28924,0.05201578460011865
