,time,value
0,1651084700.7250004,-0.9642367072801932
1,1651085911.0257745,-0.2704281098216968
2,1651086858.8685396,-0.2704281098216968
3,1651087143.2993767,2.8447632422993725
4,1651087440.3520143,-0.4429752782449315
5,1651087724.3537326,-0.6456512563713904
6,1651088037.05187,-0.4429752782449315
7,1651088359.9794078,0.5309504174381525
8,1651088644.3990238,0.3337598054609816
