,time,value
0,1651156558.616562,-0.0368623249188256
