,time,value
0,1650657648.3789072,-0.0222829841150867
