,time,value
0,1650677531.5401216,0.0668998823888309
