,time,value
0,1650896408.9979174,0.1563633272595131
1,1650902228.035852,-0.5222436676267586
