,time,value
0,1651501981.3912568,1.59321881802305
1,1651504322.612282,2.8447632422993725
2,1651506760.15841,-2.8447632422993725
3,1651509181.9881988,-0.7721932141886849
4,1651511579.7931871,-0.9853657550352514
5,1651513950.1132145,-0.9674215661017013
