,time,value
0,1650677532.139203,0.011140800566449836
