,time,value
0,1650657648.2509668,-0.011140800566449697
