,time,value
0,1650984555.2638512,0.12040057854897601
1,1650987280.3012352,0.12040057854897601
2,1650989894.7084455,0.12040057854897601
3,1650992655.2129061,0.3567804906330738
4,1650995321.4129055,0.12040057854897601
5,1650998038.2395105,0.12040057854897601
6,1651000752.9955816,0.12040057854897601
7,1651003454.0163183,-0.13491759909876425
8,1651006184.6464353,-2.053748910631822
