,time,value
0,1650677532.139203,0.0111408005664498
