,time,value
0,1650677532.1625547,0.0504192789664115
