,time,value
0,1650677532.1408615,0.07806320276521998
