,time,value
0,1650657648.392046,0.1678940047881054
1,1650677533.7287045,0.07807924502201828
