,time,value
0,1650657648.4075909,-0.06689327519370943
