,time,value
0,1650896408.844875,-0.13408756399198804
1,1650902227.906872,0.15707646316086807
2,1650907806.3911586,0.13408756399198804
