,time,value
0,1650657648.249123,0.1792036755453547
1,1650677533.683553,0.1005965171129585
