,time,value
0,1650677532.1717997,0.07063236533247667
