,time,value
0,1650896409.0209465,0.1565458146101102
1,1650902228.067802,1.1370643090790775
2,1650907782.093561,0.6376996639103617
3,1650913465.2981389,2.8447632422993725
4,1650919209.2406528,-0.593616048460265
