,time,value
0,1650657648.3937309,0.1905363152991957
1,1650677533.7300074,0.0055707460287716
