,time,value
0,1650896408.9998043,-1.9906067756304728
1,1650902228.0378237,0.13408756399198804
2,1650907763.3051212,2.1614380689642525
3,1650913444.7743192,1.197741449551439
4,1650919175.9421127,-1.27595591820402
5,1650936040.4499352,0.022282984115086658
