,time,value
0,1650896409.0493097,-2.1556486441957885
1,1650902228.3477216,0.13408756399198804
2,1650907819.066568,2.053748910631822
3,1650913515.143459,0.1393263262664108
4,1650919240.3535073,-0.6297030466212713
