,time,value
0,1650657648.3943763,-0.011140800566449697
1,1650677533.7304678,0.03342793483025524
