,time,value
0,1650657648.5194333,-0.0222829841150867
