,time,value
0,1651156578.920415,-1.0222413874778955
1,1651158990.4434686,1.1639495821532648
2,1651161392.2956507,-0.4491363034394247
3,1651163794.972631,1.0222413874778955
4,1651166186.206932,-0.1570764631608683
5,1651168570.5154085,-1.0460485746092512
6,1651170956.799547,-0.4124631294414045
7,1651173360.3554862,-0.2332679422771979
8,1651175763.5167155,0.134087563991988
9,1651178168.9438486,2.8447632422993725
10,1651195038.0146782,0.0668932751937093
