,time,value
0,1650896408.822898,0.1343572948866037
1,1650902227.880416,0.1343572948866037
2,1650907782.080008,1.5547735945968528
3,1650913465.282585,0.1343572948866037
4,1650919209.188025,-0.1483391339037567
