,time,value
0,1650677532.1835744,0.0752783865231494
