,time,value
0,1650677531.610176,0.0780792450220182
