,time,value
0,1651084712.6049538,2.4747396492194813
1,1651085923.552698,-0.15813822368454492
2,1651086869.6027312,-0.07320807457523335
3,1651087159.8625827,-0.07320807457523335
4,1651087448.7030869,0.20189347914185077
5,1651087731.2159684,1.016771880248919
6,1651088045.3868914,2.378142621425297
7,1651088369.876128,-0.07320807457523335
8,1651088651.2202134,1.1108308059909928
