,time,value
0,1650677531.6081128,0.08369184739327895
