,time,value
0,1650677532.1576035,0.07527072087234224
