,time,value
0,1650657648.2569306,0.0557316877429798
1,1650677533.6881847,0.0083569837075637
