,time,value
0,1650896408.844875,-0.134087563991988
1,1650902227.906872,0.157076463160868
2,1650907806.3911586,0.134087563991988
