,time,value
0,1650896411.370813,0.1538882082198908
1,1650902227.617489,-2.1556486441957885
2,1650907750.7748966,-0.3719154292249709
