,time,value
0,1650677532.1449945,0.0780632027652199
