,time,value
0,1651156578.9074967,-1.2815515655446008
