,time,value
0,1650657648.3307564,0.0668932751937093
1,1650677533.708778,0.1349175990987642
