,time,value
0,1650677531.5689554,0.0557316877429798
