,time,value
0,1650677532.1368816,0.0501560982759196
