,time,value
0,1650657648.513392,0.1004337205114699
