,time,value
0,1650657648.4106667,0.1116371545069448
1,1650677533.7401764,0.0362152109485223
