,time,value
0,1650657648.5478737,0.0
1,1650677534.2033617,0.03342793483025524
