,time,value
0,1650896409.071525,-0.1343572948866037
1,1650902228.3649724,-1.8973801936193573
2,1650907844.5338578,-0.1343572948866037
3,1650913535.7779927,-0.03572562716713
4,1650919305.1636543,-0.1343572948866037
