,time,value
0,1650677531.5733085,0.007429044754601846
