,time,value
0,1651084712.6042314,0.31717461426306087
1,1651085923.5406842,-0.6458457973472711
2,1651086869.6017714,-1.2015039940742034
3,1651087159.8360195,2.5176086045536827
4,1651087448.70254,-1.681512510077977
5,1651087731.2154315,1.3339439627690655
6,1651088045.3861372,-1.085404969681114
7,1651088369.8751104,-0.9043421529242142
8,1651088651.2192078,0.1678940047881054
