,time,value
0,1650896409.059177,-0.1411341483852585
1,1650902228.355261,-0.1411341483852585
2,1650907832.504021,0.7721932141886849
3,1650913525.443172,0.4246235657803618
4,1650919288.9778674,-1.3072992138714412
