,time,value
0,1650984555.1691215,0.15615847838128863
1,1650987280.2421677,0.15615847838128863
2,1650989894.6953983,0.15615847838128863
3,1650992655.182745,2.3279272937216837
4,1650995321.395923,0.15615847838128863
5,1650998038.2160351,-0.13411446533179575
6,1651000752.9824607,0.15615847838128863
7,1651003454.0037856,0.15615847838128863
8,1651006184.6180909,-0.4716984961228074
9,1651022422.934156,0.050156098275919644
