,time,value
0,1650896408.8190265,-0.1518307408669359
1,1650902227.877228,0.1342012356656713
2,1650907782.076518,0.1342012356656713
3,1650913465.2764225,-0.9845606820242108
