,time,value
0,1650896409.0204809,0.1343572948866037
1,1650902228.067144,0.1343572948866037
2,1650907782.0928795,1.5547735945968528
3,1650913465.2974625,0.1343572948866037
