,time,value
0,1650896408.8096426,0.15121942008428205
