,time,value
0,1650677532.1463387,0.0752707208723422
