,time,value
0,1650984554.8566515,-1.8355555468073144
1,1650987280.3121042,1.839983623281224
2,1650989894.71232,-2.8447632422993725
3,1650992655.2236354,0.2332916058412503
4,1650995321.4176688,-0.6451006092168106
5,1650998038.2468865,0.5150389946705188
6,1651000752.999817,-0.8180417759124541
7,1651003454.0201323,-0.4492413103505935
8,1651006184.654043,-0.2075920381245819
