,time,value
0,1650677532.1893995,0.0111426449434184
