,time,value
0,1650896409.0269575,0.5304877071420865
1,1650902228.0763805,1.0247675559727714
2,1650907793.7112556,-0.1315984226775168
