,time,value
0,1650896408.995923,0.1341006427001402
1,1650902228.0326495,-0.1565458146101106
2,1650907750.799135,-0.1565458146101106
