,time,value
0,1650896408.864996,0.157076463160868
