,time,value
0,1650657648.2553124,0.0668932751937093
