,time,value
0,1650896409.002421,0.1340918002678769
1,1650902228.0416298,-1.5702387678346006
2,1650907763.3089745,0.4647672620618179
3,1650913444.77714,-0.1569214527234596
4,1650919175.945917,1.2979240521706106
5,1650936040.453702,0.0362152109485223
