,time,value
0,1650657648.2912495,0.1004337205114699
1,1650677533.70118,0.0921434575923081
