,time,value
0,1651156578.9249876,0.1568164379604341
1,1651158990.5281255,0.1480473445129011
2,1651161392.329001,-0.0691606009835127
3,1651163794.984085,1.4514066228072906
