,time,value
0,1650677532.1409574,0.06690208478720465
