,time,value
0,1650657648.5436018,0.0
1,1650677534.2017787,0.061314566498539856
