,time,value
0,1650657648.397184,0.0334279348302552
1,1650677533.7325284,0.0818079016314544
