,time,value
0,1650896408.7922745,0.1570428206646991
1,1650902227.6188576,-0.6573020949886695
2,1650907750.7770176,0.1570428206646991
3,1650913433.0532029,-0.9328652546409232
4,1650919157.1435647,2.333595875788106
