,time,value
0,1651084674.3562353,1.3106613041041837
1,1651085897.4360046,-1.6780705182209084
2,1651086845.8908596,-1.7254608995616074
3,1651087126.5738328,-1.5365713538340497
4,1651087426.7044039,-1.5365713538340497
5,1651087709.8403401,-0.13435729488660375
6,1651088021.4827752,-1.5184980572589322
7,1651088337.326966,0.1456616001704628
8,1651088627.9931104,0.9882484895546093
