,time,value
0,1650896408.8462107,0.47146068557752924
1,1650902227.908719,-0.14567044296424053
2,1650907806.4001877,-0.13786774749360795
3,1650913505.4409194,-0.5396137573492138
4,1650919231.5882967,0.45215168602433803
