,time,value
0,1650896408.8190265,-0.15183074086693593
1,1650902227.877228,0.13420123566567133
2,1650907782.076518,0.13420123566567133
3,1650913465.2764223,-0.9845606820242107
