,time,value
0,1650677532.1514661,0.08180790163145442
