,time,value
0,1650896409.0181527,0.14749507870888848
1,1650902228.0632613,0.14749507870888848
2,1650907782.0881038,-0.17111970975961804
3,1650913465.2927349,-0.13429807765066495
4,1650919209.217652,-0.13429807765066495
