,time,value
0,1650896409.0181527,0.1474950787088884
1,1650902228.0632613,0.1474950787088884
2,1650907782.0881038,-0.171119709759618
3,1650913465.2927349,-0.1342980776506649
4,1650919209.217652,-0.1342980776506649
