,time,value
0,1650896408.8004725,-0.1460864466759945
