,time,value
0,1651156533.7640018,0.6630182047038652
1,1651158934.6188273,1.4563231070826776
2,1651161337.6316724,-1.3177720348529023
3,1651163743.5983145,-0.5304877071420868
4,1651166137.1499553,-0.5304877071420868
5,1651168527.105326,1.3615709340755842
6,1651170917.9508088,-0.5304877071420868
