,time,value
0,1650896408.818563,-0.727913290881644
