,time,value
0,1650984554.85699,0.1569214527234594
1,1650987280.3127272,-0.6542556076863643
2,1650989894.7126822,-0.04736570141323737
3,1650992655.224267,0.1522075471934369
