,time,value
0,1650657648.2914665,0.03342793483025524
