,time,value
0,1650896408.8085947,-1.7320148089418261
1,1650902227.8701856,1.9364723728724758
2,1650907773.377138,2.0944209894455637
3,1650913454.2057679,2.5672455474894535
