,time,value
0,1650896408.8689492,0.15707646316086807
1,1650902227.924292,-0.13408756399198804
2,1650907832.4938867,1.041210684968526
3,1650913525.4375074,0.7425110195522766
4,1650919288.9584968,-1.8973801936193575
