,time,value
0,1650657648.387362,0.1678940047881054
