,time,value
0,1650677532.1432068,0.0818079016314544
