,time,value
0,1650677531.5739453,0.022282984115086658
