,time,value
0,1650896409.0150988,0.15388820821989085
1,1650902228.0600212,-1.8973801936193575
