,time,value
0,1650896408.8513732,-0.1350934296363125
1,1650902227.914157,-1.8973801936193573
