,time,value
0,1650896409.0129616,0.14179354917921982
1,1650902228.058176,-1.0222413874778957
2,1650907773.390566,1.3072992138714417
3,1650913454.224159,0.14179354917921982
