,time,value
0,1650657648.2986195,0.1004337205114699
1,1650677533.7040238,0.055733422495748
