,time,value
0,1651501941.6580648,0.6358750811162242
1,1651504309.0853393,-1.6780705182209084
2,1651506741.7743807,-0.3359033481808424
3,1651509159.5218782,1.878971269284576
