,time,value
0,1650896409.0267787,0.6415661498745239
1,1650902228.0761504,2.8447632422993725
2,1650907793.7111251,-0.5310952911363667
3,1650913478.0129344,0.6415661498745239
