,time,value
0,1650677531.5668273,0.094935939485186
