,time,value
0,1650984555.2699134,-0.0227371394011573
1,1650987280.3131068,0.1568164379604341
2,1650989894.712835,-0.5116601379289974
3,1650992655.2245488,0.157414844363615
4,1650995321.418709,-0.1462787415828508
5,1650998038.2478087,1.5547735945968528
6,1651000753.000373,0.3172418839368162
7,1651003454.0206137,0.1134348393433758
8,1651006184.6566088,0.1134348393433758
9,1651022422.987406,0.154438642837737
