,time,value
0,1650677532.1542675,0.013927383990788652
