,time,value
0,1650896408.8857918,-0.1344274075399195
1,1650902227.9358134,-1.1761013140376697
2,1650907875.0793183,0.1435944625566097
