,time,value
0,1650896409.010851,0.5312269740035693
1,1650902228.0549128,0.05755676995499103
2,1650907773.3888423,2.4747396492194813
3,1650913454.2224653,1.5570568604753108
4,1650919192.301057,0.26680756778528636
