,time,value
0,1650657648.3018632,0.2361280180120056
