,time,value
0,1650677531.6071494,0.0334279348302552
