,time,value
0,1650677532.1474304,-0.011142644943418446
