,time,value
0,1650896408.9999976,0.42040858636668027
1,1650902228.0379817,-0.15741484436361505
2,1650907763.305423,0.1456874600533945
