,time,value
0,1650896409.0605557,0.5312110577669787
1,1650902228.356366,0.5312110577669787
2,1650907832.5058572,0.866618727592617
3,1650913525.4446228,1.0895301320337487
4,1650919288.979734,0.43294940781811486
