,time,value
0,1650677532.1605785,0.0613124814683446
