,time,value
0,1650657648.5317879,0.0
1,1650677534.1967707,0.09493593948518603
