,time,value
0,1650896408.8527532,0.7846479575360162
1,1650902227.9151063,-0.5310952911363667
2,1650907819.0597014,-0.5310952911363667
3,1650913515.135773,-1.5833718678318232
4,1650919240.3412962,-0.6155487934244265
