,time,value
0,1650984555.1900792,0.1550530762339589
