,time,value
0,1651761156.0679119,0.6577129451402787
1,1651763488.3803518,0.6525563158558971
2,1651765970.9373763,-0.6756683423530494
3,1651768388.9810045,2.2865479513109825
4,1651770713.7992141,-0.8930101946610597
5,1651773117.5856907,-1.59321881802305
6,1651775554.069378,1.1211542209697096
7,1651777907.6272943,0.08613653971496849
8,1651780350.6293497,2.1640327908860177
9,1651782703.2564142,1.208990053570922
