,time,value
0,1651156493.3485084,-0.1458806771553305
1,1651158901.973356,2.496424087426355
2,1651161316.025419,-1.8462450517414368
3,1651163717.8132665,0.1509121549861472
4,1651166092.9586434,-0.2677846055711801
5,1651168500.7427614,0.5311090529091927
6,1651170895.2381012,1.0699698401952504
7,1651173296.8238995,0.5700319982205008
8,1651175705.2078269,2.567245547489453
9,1651178095.365963,1.161253557113432
