,time,value
0,1650657648.28446,0.08924287887565444
1,1650677533.6971376,0.008356983707563789
