,time,value
0,1650657648.3958514,0.12285461884635916
1,1650677533.7315738,0.011142644943418446
