,time,value
0,1650896408.881185,0.1341006427001402
1,1650902227.9328508,0.8770736734034535
2,1650907875.032102,-0.1568164379604344
3,1650913556.6244717,2.567245547489453
4,1650919317.295889,1.145768434645357
