,time,value
0,1650677532.190941,0.03342793483025524
