,time,value
0,1650657648.5315208,0.134087563991988
1,1650677534.1965744,0.0557316877429798
