,time,value
0,1650677532.1388762,0.10334832096025373
