,time,value
0,1650657648.3627698,0.2706416397758346
