,time,value
0,1650896408.8375552,-0.8317347350899255
