,time,value
0,1650657648.307421,0.1228546188463591
