,time,value
0,1650657648.3942695,0.15660576911585472
