,time,value
0,1650677531.5710769,0.1307514745141484
