,time,value
0,1650896409.034508,0.1373550269825474
