,time,value
0,1650896409.0126047,0.15889496306431686
1,1650902228.0575132,-1.4238898391356696
2,1650907773.3903043,-0.13654336394377417
3,1650913454.2238963,-0.14559110054957375
