,time,value
0,1650657648.2914665,0.0334279348302552
