,time,value
0,1650677531.545456,0.0780792450220182
