,time,value
0,1650896409.0794516,0.1569913790931254
1,1650902228.3721492,0.8541237416257802
2,1650907875.161098,-0.7030797630371705
