,time,value
0,1650896408.9903545,-1.8772378009705526
1,1650902228.027782,0.13411446533179575
2,1650907750.791476,-0.15593038863837044
3,1650913433.0595026,0.20767805601106576
4,1650919157.1525667,-1.1664510327384394
5,1650935675.2371848,0.061314566498539856
6,1650935693.0032885,0.061314566498539856
7,1650935707.9464228,0.061314566498539856
8,1650935719.5338042,0.061314566498539856
9,1650935736.413627,0.061314566498539856
10,1650935752.2267618,0.061314566498539856
11,1650935781.1803472,0.061314566498539856
12,1650935804.2248302,0.061314566498539856
13,1650935827.5822473,0.061314566498539856
14,1650935847.3640244,0.061314566498539856
15,1650935866.8320093,0.061314566498539856
16,1650935894.0942783,0.061314566498539856
17,1650935922.9665656,0.061314566498539856
18,1650935949.2690232,0.061314566498539856
19,1650935966.290884,0.061314566498539856
20,1650935980.5109994,0.061314566498539856
21,1650936003.7385445,0.061314566498539856
22,1650936017.5624814,0.011142644943418446
23,1650936040.4373636,0.011142644943418446
