,time,value
0,1651156493.2689643,-0.1454297441482047
1,1651158901.9641347,0.1454986366763429
2,1651161315.9972641,0.1454986366763429
3,1651163717.785909,0.1454986366763429
4,1651166092.947472,0.1454986366763429
5,1651168500.7319758,-0.1454297441482047
6,1651170895.2323217,0.1454986366763429
7,1651173296.814987,-0.5468958597034361
8,1651175705.1966481,-0.3771270889729936
9,1651178095.3559537,2.462297846573693
10,1651194911.52917,0.03580696107091113
