,time,value
0,1650896409.0038123,0.15388820821989085
1,1650902228.043706,-0.719095285115114
2,1650907763.3111176,-0.13416631078986113
3,1650913444.778264,0.15388820821989085
4,1650919175.9490323,-1.078951712067968
