,time,value
0,1650657648.361629,0.145337454241173
1,1650677533.714513,0.0334279348302552
