,time,value
0,1650657648.5523639,0.0
1,1650677534.204809,0.055731687742979895
