,time,value
0,1650657648.3867617,0.0668932751937093
