,time,value
0,1650677532.1900792,0.0557316877429798
