,time,value
0,1650657648.3579764,0.08924287887565444
1,1650677533.7128909,0.03342793483025524
