,time,value
0,1650657648.5229251,0.08924287887565444
