,time,value
0,1650896408.995174,0.1546934773295407
1,1650902228.0316646,-1.8443157624859232
2,1650907750.7979236,-0.1341375169362545
