,time,value
0,1650677532.1833055,0.0111408005664498
