,time,value
0,1650657648.2989855,0.0892428788756544
