,time,value
0,1650896408.9887946,-0.1538882082198911
1,1650902228.0266416,-1.3877218757989989
2,1650907750.7866316,-0.1538882082198911
3,1650913433.0576844,0.1341663107898611
4,1650919157.1503284,0.5616408378885599
