,time,value
0,1650896408.8312101,0.1524057322673803
1,1650902227.8898842,-1.7997457776803123
2,1650907793.705179,1.5521113982313266
3,1650913478.0018802,0.16138019506920073
