,time,value
0,1650657648.3949132,0.15660576911585472
