,time,value
0,1650677532.1907432,0.1123438575363877
