,time,value
0,1651084700.7406566,-0.546983091711084
1,1651085911.038163,-2.333595875788106
2,1651086858.9295795,-2.2354213954517133
3,1651087143.3116362,1.2164515730910042
4,1651087440.3665936,0.1481545329598434
5,1651087724.3658712,1.9364723728724758
6,1651088037.0639894,0.6198212447484356
7,1651088359.9914749,-2.333595875788106
8,1651088644.411,1.0469695958508496
9,1651108582.7362926,0.03064169715146296
