,time,value
0,1650657648.5178475,0.0557316877429798
1,1650677534.188028,0.069685757086587
