,time,value
0,1651156558.534369,0.1383182067434621
1,1651158957.723202,1.5184980572589315
2,1651161359.6052296,-0.727913290881644
3,1651163766.6558137,0.14876182845460867
4,1651166159.701422,0.14876182845460867
5,1651168546.5829382,1.5184980572589315
6,1651170935.7964282,0.5934857045748753
7,1651173338.9585223,0.299465476937329
8,1651175742.7748883,-0.8819982053373722
9,1651178143.47441,2.280936381186975
