,time,value
0,1650657648.512742,0.0892428788756544
1,1650677533.7419028,0.0557316877429798
