,time,value
0,1650984555.267949,0.1569214527234594
1,1650987280.307657,0.1569214527234594
2,1650989894.7114294,2.2354213954517133
3,1650992655.2219346,2.567245547489453
4,1650995321.416541,0.1569214527234594
5,1650998038.245138,-2.2354213954517133
6,1651000752.99871,0.0160236139489697
7,1651003454.019147,-0.473921964571535
8,1651006184.6518786,-0.0445770393033232
