,time,value
0,1650677531.5794995,0.0585220846056623
