,time,value
0,1651156533.6745477,0.530332238364309
1,1651158934.6421149,-0.6630182047038654
2,1651161337.6618028,-0.19599333005818426
3,1651163743.6383743,0.3279720579843363
4,1651166137.2030976,1.3615709340755842
5,1651168527.1237428,0.530332238364309
6,1651170917.9695783,-0.6630182047038654
