,time,value
0,1650657648.2951434,0.134087563991988
1,1650677533.7032015,0.0752783865231494
