,time,value
0,1650677532.1910305,0.05573342249574802
