,time,value
0,1651156493.2749186,-0.599209749416126
1,1651158901.9939287,-0.1469705956484101
2,1651161316.0942917,-0.1469705956484101
3,1651163717.838526,0.14614334287605327
4,1651166093.014221,0.14614334287605327
5,1651168500.766321,-0.1469705956484101
6,1651170895.2536533,-0.7866583951012376
7,1651173296.8415742,0.7475870216479232
8,1651175705.238892,-1.9752136347253668
9,1651178095.388289,2.8447632422993725
10,1651194911.586136,0.1204472296391859
