,time,value
0,1650657648.4063969,0.134087563991988
