,time,value
0,1651156578.9008598,-1.1211542209697096
1,1651158990.2794344,0.3594614903991902
2,1651161392.25341,2.5176086045536827
3,1651163794.8549354,1.30113864301955
4,1651166186.1684957,0.6987525580214584
5,1651168570.4914696,-0.0334279348302552
6,1651170956.7873728,0.8517505051810755
7,1651173360.3117273,0.9827640834104228
8,1651175763.4966502,-0.0954940154564146
9,1651178168.929073,0.7770229404183097
10,1651195037.8647134,-0.0774731305252978
