,time,value
0,1650657648.3569126,0.0780632027652199
1,1650677533.7124808,0.0334279348302552
