,time,value
0,1651156578.9293625,-0.15813822368454492
1,1651158991.0494952,0.1455911005495736
2,1651161392.338285,-1.9695593972966896
3,1651163795.0118191,0.1455911005495736
4,1651166186.2169075,0.1455911005495736
5,1651168570.525321,-1.6780705182209084
6,1651170956.8145432,0.15465721235264646
7,1651173360.38423,0.1455911005495736
8,1651175763.5250473,1.2460470357907725
9,1651178168.957755,-1.4514066228072915
10,1651195038.0340173,-0.5631491384553191
