,time,value
0,1650677531.5420437,0.1118665883125667
