,time,value
0,1650896408.8776135,-0.8495855373182969
1,1650902227.9306273,0.15707646316086807
2,1650907844.5249326,-0.29530282419209036
3,1650913535.7661343,-1.2324587197131793
