,time,value
0,1650657648.3985784,0.0111408005664498
1,1650677533.73358,0.0334279348302552
