,time,value
0,1650657648.397184,0.03342793483025524
1,1650677533.7325284,0.08180790163145442
