,time,value
0,1651156578.898989,-1.1211542209697096
1,1651158990.254819,0.14637567404466428
2,1651161392.2417998,0.14637567404466428
3,1651163794.8437803,0.14637567404466428
4,1651166186.1638434,0.14637567404466428
5,1651168570.488406,-0.833709959553436
6,1651170956.785934,0.7721932141886849
