,time,value
0,1650896409.0647547,-0.13408756399198804
1,1650902228.3598626,0.15707646316086807
2,1650907844.5283418,0.8025718880593097
3,1650913535.7705383,-1.9695593972966896
4,1650919305.1584249,-1.9114090630366016
