,time,value
0,1650657648.363306,0.07806320276521998
1,1650677533.7150574,0.03342793483025524
