,time,value
0,1650677532.1733782,0.041789763185056124
