,time,value
0,1650657648.3014355,0.022282984115086658
