,time,value
0,1650657648.3542707,0.0222829841150866
1,1650677533.711451,0.0371443029879445
