,time,value
0,1650657648.383089,0.07806320276521998
1,1650677533.7227123,0.022282984115086658
