,time,value
0,1650657648.35533,0.0334279348302552
