,time,value
0,1651156533.7743597,0.1546934773295407
1,1651158934.6339338,-0.1341375169362545
2,1651161337.6490371,-1.1186488305911713
3,1651163743.6130705,1.0833670478124515
4,1651166137.186054,-0.1341375169362545
5,1651168527.1165037,2.4261017740580777
6,1651170917.9623082,0.8686318614451072
7,1651173318.8485951,-2.005286485246049
8,1651175727.9284956,-0.1071841419428991
9,1651178120.8700693,-0.2221117244599099
10,1651194949.5395515,0.0313211538231709
