,time,value
0,1650677532.1615944,0.0520157846001186
