,time,value
0,1651156558.5386395,-0.14946545273599196
1,1651158957.7537978,0.15132297011800055
2,1651161359.7946727,-0.10289130835419634
3,1651163766.6678264,0.15132297011800055
4,1651166159.7202678,0.15132297011800055
5,1651168546.5947347,-0.10289130835419634
6,1651170935.8182235,0.17363976523922536
7,1651173338.9698353,0.730282187543998
8,1651175742.7860172,-2.0299649555373214
9,1651178143.48851,2.8447632422993725
10,1651194995.0046966,0.094784392914307
