,time,value
0,1650896409.0595725,-1.6780705182209084
