,time,value
0,1650657648.4044974,0.1678940047881054
