,time,value
0,1650896409.066986,-0.4368471222579287
1,1650902228.3616872,-0.6433454053929166
2,1650907844.5301309,-2.39819100950866
3,1650913535.7721987,0.340392733518896
4,1650919305.1600523,1.1861690261641924
