,time,value
0,1650677531.5716317,0.0334279348302552
