,time,value
0,1650677532.1853244,0.061314566498539856
