,time,value
0,1650657648.3973644,-0.011140800566449697
