,time,value
0,1650657648.5291862,0.15660576911585472
