,time,value
0,1651501902.6458454,2.246352739354356
1,1651504293.4091177,1.7050728987810346
2,1651506724.6304681,-0.13877882007583991
3,1651509140.197726,0.680722655753139
4,1651511539.7729285,-1.13513454318311
5,1651513911.4204216,-0.8946077199207737
6,1651516306.811288,1.970800254982125
7,1651518698.4153721,0.6852226118528133
8,1651521084.1227632,0.6852226118528133
9,1651523492.945993,2.042855113942122
