,time,value
0,1651501902.5134664,1.1429486218390044
1,1651504293.3409283,-0.1409505341271797
2,1651506724.5438666,0.7815779403990064
3,1651509140.1595943,-0.9266216499768706
4,1651511539.6854048,-0.0937437578680304
5,1651513911.3184495,-2.6026454872211127
6,1651516305.9301226,-1.837096211411114
7,1651518698.2943487,2.196021288211969
8,1651521084.052599,0.6358750811162242
9,1651523492.832553,0.5529305210274679
