,time,value
0,1650657648.4100902,0.0892428788756544
1,1650677533.7399132,0.0836918473932789
