,time,value
0,1650896409.0612078,-0.3032974469202304
1,1650902228.356955,-0.14559110054957375
2,1650907832.5067637,0.1964852659499262
3,1650913525.4451246,0.15741484436361505
4,1650919288.9806404,2.2865479513109825
