,time,value
0,1650677532.1432974,0.1616794603987205
