,time,value
0,1650896408.79886,1.0864090781868854
1,1650902227.6267262,0.9374320589927811
2,1650907763.280892,2.341999921612888
3,1650913444.7660437,-1.4634390064589882
