,time,value
0,1650677531.551427,0.0613145664985398
