,time,value
0,1650896409.0449467,-0.15707646316086835
1,1650902228.3435833,0.13408756399198804
2,1650907819.0632632,-1.3339439627690652
