,time,value
0,1650677531.5957775,0.13200454903508843
