,time,value
0,1651156578.7639658,-1.1781381738623697
1,1651158990.531101,2.3279272937216837
2,1651161392.3322337,1.217179058753468
3,1651163794.988541,-0.24393978700233418
4,1651166186.2136693,-0.13411446533179575
5,1651168570.5221062,-0.7532203947926489
6,1651170956.8092399,-0.13411446533179575
7,1651173360.3787405,-0.13411446533179575
8,1651175763.5218685,0.1678940047881054
9,1651178168.9529831,-0.13411446533179575
10,1651195038.0289123,0.05852208460566235
