,time,value
0,1650677532.1411874,0.1005207490249281
