,time,value
0,1650896409.022366,0.5295491132904954
1,1650902228.0700562,-1.2089900535709213
2,1650907782.0957534,1.4841174003594793
3,1650913465.3003676,-0.9497835969634424
4,1650919209.2429304,2.8447632422993725
