,time,value
0,1651501941.6383526,-0.5313343251840563
