,time,value
0,1651588353.1282194,-0.08031805839373765
1,1651590734.8323367,0.7445430115997023
2,1651593160.5458052,1.03794866373788
3,1651595542.2662292,1.725460899561607
4,1651597937.1271465,1.0075707386851074
5,1651600349.7866375,0.9063893472155692
6,1651602753.0243747,-0.13417728986634342
