,time,value
0,1650896408.86158,-0.13409180026787695
1,1650902227.9203966,-0.13409180026787695
2,1650907832.4869528,0.35260161381811317
3,1650913525.4331214,-1.5724023012223052
4,1650919288.9523768,2.1119486708016106
