,time,value
0,1650657648.4065657,0.03342793483025524
1,1650677533.738281,0.06410287833102704
