,time,value
0,1650657648.540985,0.0
1,1650677534.2004032,0.011140800566449836
