,time,value
0,1651084712.6007447,0.022282984115086658
1,1651085923.5302536,-0.6993156159439495
2,1651086869.5980332,-0.8498060414814146
3,1651087159.8303366,1.5434049775136371
4,1651087448.6993122,-0.39636902581984595
5,1651087731.2123435,1.3349588436140913
6,1651088045.382106,-0.8080563308850821
7,1651088369.8693252,-0.9561684999282137
8,1651088651.213063,0.336783040926839
