,time,value
0,1650896408.793852,-0.8495855373182969
1,1650902227.6205645,-0.2401032188578899
2,1650907750.7801664,1.3016596063261987
3,1650913433.0543888,0.286756854939308
