,time,value
0,1650896408.8321288,-0.2055163568511258
