,time,value
0,1650657648.4115689,0.055731687742979895
