,time,value
0,1651156578.7600465,0.1403206123300067
1,1651158990.44241,-0.1349200362334952
2,1651161392.2946074,0.1403206123300067
3,1651163794.9699736,-0.1349200362334952
4,1651166186.205985,-0.1349200362334952
5,1651168570.514377,0.4673956671219604
6,1651170956.798514,0.5631491384553193
7,1651173360.3544505,-0.1349200362334952
8,1651175763.516054,-0.7972788687293038
9,1651178168.9428189,-0.0902968892240051
10,1651195038.013617,0.109211780564482
