,time,value
0,1650657648.5264685,0.0780632027652199
1,1650677534.1932175,0.0669020847872046
