,time,value
0,1650657648.2998104,0.03342793483025524
