,time,value
0,1650657648.5229251,0.0892428788756544
