,time,value
0,1650896408.8716562,0.6608624088926728
1,1650902227.9260845,0.6608624088926728
2,1650907844.5180082,-0.5304877071420868
