,time,value
0,1650896408.884416,0.1483391339037567
1,1650902227.935274,0.1483391339037567
2,1650907875.0782528,-0.1342980776506649
3,1650913556.645578,-0.7956186598220878
4,1650919317.3116329,0.1483391339037567
