,time,value
0,1650677532.1466286,0.07806320276521998
