,time,value
0,1650657648.2792773,0.055731687742979895
1,1650677533.6929405,0.022282984115086658
