,time,value
0,1650677532.1893995,0.011142644943418446
