,time,value
0,1650657648.395761,0.1004337205114699
1,1650677533.731508,0.055731687742979895
