,time,value
0,1650657648.5228035,0.0780632027652199
