,time,value
0,1650657648.3542707,0.022282984115086658
1,1650677533.711451,0.037144302987944515
