,time,value
0,1650896408.8728561,-1.1948419114407334
