,time,value
0,1650896408.8306556,-1.4247436850980748
1,1650902227.8896189,-0.6147728391486587
2,1650907793.704919,-0.1341144653317957
3,1650913478.0013838,0.1561584783812886
