,time,value
0,1650657648.5145116,0.1566057691158547
1,1650677533.7433338,0.0780632027652199
