,time,value
0,1651084661.3925471,-0.3763366085086757
1,1651085891.0296412,1.3902781030993898
2,1651086837.9371755,-1.1745039532845751
3,1651087117.498438,1.5547735945968528
4,1651087417.303513,-0.3763366085086757
5,1651087703.9396234,1.777077098777975
6,1651088011.962868,-1.6780705182209084
7,1651088329.5291772,-0.0222912954919016
8,1651088613.6313148,-0.8180417759124541
9,1651108542.9584222,0.1074453166084593
