,time,value
0,1650677531.5710769,0.13075147451414845
