,time,value
0,1650896408.875471,0.1341006427001402
1,1650902227.9290397,0.1341006427001402
2,1650907844.5224705,-1.3014153524503775
