,time,value
0,1650657648.252913,0.1004337205114699
1,1650677533.68502,0.0362152109485223
