,time,value
0,1650677531.56654,0.06969759279778467
