,time,value
0,1650657648.2549775,0.0668932751937093
1,1650677533.6867871,0.05573342249574802
