,time,value
0,1650984555.1642876,0.13420123566567133
1,1650987280.236875,0.13420123566567133
2,1650989894.692002,2.8447632422993725
