,time,value
0,1650984554.8452365,0.15699137909312547
1,1650987280.2435095,-0.7915412949710875
2,1650989894.695975,0.15699137909312547
3,1650992655.1838114,-0.699525611942419
4,1650995321.396972,-1.5952427772843945
5,1650998038.2170925,1.3355191777213231
6,1651000752.9830337,-0.11724588667665195
7,1651003454.0043402,-2.333595875788106
8,1651006184.6190104,-0.43384109788981096
9,1651022422.935155,0.03342793483025524
