,time,value
0,1650677532.177022,0.0668932751937093
