,time,value
0,1651084687.8643718,0.02599796768680953
1,1651085903.8834321,-0.493700734742811
2,1651086852.622498,2.1556486441957894
3,1651087135.5463548,0.13042485018792305
4,1651087433.4759648,1.64540161679819
5,1651087718.2531216,1.4084264526419625
6,1651088030.0459204,-1.5729172584283302
7,1651088351.5109243,1.03151655072874
8,1651088635.2659585,-0.8074380088747001
