,time,value
0,1650657648.5131238,0.07806320276521998
1,1650677533.7421672,0.0445770393033232
