,time,value
0,1651084687.862961,0.7773828159985505
1,1651085903.8822432,-0.8079861826022169
2,1651086852.621323,0.150976591877906
3,1651087135.5447068,0.5734425879134122
4,1651087433.47479,-0.9177213200249112
5,1651087718.251875,2.7707585236834023
6,1651088030.0447512,-1.5573573249641033
7,1651088351.5080469,-1.871719985132428
8,1651088635.2638466,1.313499277601623
