,time,value
0,1650677531.5500956,0.050156098275919644
