,time,value
0,1650657648.2761998,0.134087563991988
