,time,value
0,1650657648.2491233,0.17920367554535474
1,1650677533.683553,0.10059651711295853
