,time,value
0,1650677531.5831437,0.0967974398344243
