,time,value
0,1650657648.285468,0.0445770393033232
1,1650677533.697813,0.0279092886267362
