,time,value
0,1650896409.0710762,0.15615847838128863
1,1650902228.3646228,0.15615847838128863
2,1650907844.5335255,0.05573342249574802
3,1650913535.7773774,-1.035122387886498
4,1650919305.1633248,-1.296095305954032
