,time,value
0,1650896409.0225444,0.6396647150634496
1,1650902228.0703084,-0.5311865430944974
2,1650907782.0960035,2.1379528146042874
3,1650913465.3006167,-0.6862946749915058
4,1650919209.2431831,-0.6862946749915058
