,time,value
0,1651084661.3265555,-0.8385529025599561
1,1651085891.0410333,-1.6995296720200175
2,1651086837.9465687,-0.43009927064548814
3,1651087117.50742,0.13867795400968497
4,1651087417.3214545,-0.787291727668475
5,1651087703.9485524,-1.59321881802305
6,1651088011.9725993,-0.5561082017497853
7,1651088329.540797,-0.0650923534915669
8,1651088613.6481366,0.13867795400968497
