,time,value
0,1650657648.3297503,-0.022282984115086793
1,1650677533.708431,0.09493593948518603
