,time,value
0,1650896409.0744345,0.1565458146101102
