,time,value
0,1650896411.370813,0.15388820821989085
1,1650902227.6174893,-2.1556486441957885
2,1650907750.7748966,-0.37191542922497095
