,time,value
0,1650657648.358315,0.03342793483025524
1,1650677533.7130237,0.07527072087234224
