,time,value
0,1650896409.0513527,-0.6404742050839444
1,1650902228.3494902,0.11912062433529243
