,time,value
0,1651156578.7701561,-0.14625912984486497
1,1651158990.5456352,0.14550929867948842
2,1651161392.3344762,-0.6772694295769176
3,1651163794.990931,1.3687477263315357
4,1651166186.2151015,0.14550929867948842
5,1651168570.5232077,0.14550929867948842
6,1651170956.8113232,1.8339146358159142
7,1651173360.381252,0.14550929867948842
8,1651175763.5233524,0.03342793483025524
9,1651178168.9547987,1.777077098777975
10,1651195038.030995,0.011140800566449836
