,time,value
0,1650677531.5777864,0.022282984115086658
