,time,value
0,1650896409.027513,-0.08662544425033136
