,time,value
0,1650896409.0779388,0.1569214527234594
1,1650902228.3704078,1.2900394532866006
2,1650907875.158508,1.4868596716112312
