,time,value
0,1650896409.0484662,1.1211542209697096
1,1650902228.3465858,-0.8985565917048496
2,1650907819.0659606,0.1394571118845739
3,1650913515.1427004,-1.5184980572589322
