,time,value
0,1650896411.3910248,0.157076463160868
1,1650902228.3572392,0.157076463160868
2,1650907832.507264,-0.134087563991988
3,1650913525.4454162,-0.134087563991988
4,1650919288.981369,-1.3902781030993898
