,time,value
0,1650896409.050349,-0.753274645831666
1,1650902228.3487113,-0.753274645831666
2,1650907819.0673058,0.5278172972176207
3,1650913515.144401,0.13505766563700325
4,1650919240.355353,2.4747396492194813
