,time,value
0,1650677531.6081128,0.0836918473932789
