,time,value
0,1650896408.8020604,0.13416631078986113
1,1650902227.8656154,-1.7575584552490702
2,1650907763.285023,0.46161959982798517
3,1650913444.7689493,0.46161959982798517
4,1650919175.9331565,0.07248798966046721
5,1650936040.4275594,0.07248798966046721
