,time,value
0,1650657648.3864048,0.12285461884635916
1,1650677533.7246473,0.013932921935745038
