,time,value
0,1650677531.564818,0.0083569837075637
