,time,value
0,1650896408.997469,0.1474950787088884
1,1650902228.0349522,0.1613801950692007
2,1650907750.8015609,0.1613801950692007
3,1650913433.0650785,0.0668932751937093
4,1650919157.158302,-0.234493602792703
