,time,value
0,1650657648.5436018,0.0
1,1650677534.201779,0.0613145664985398
