,time,value
0,1650677531.569045,0.07806320276521998
