,time,value
0,1650657648.3858445,0.2361280180120056
1,1650677533.7242267,0.0529447603858338
