,time,value
0,1650657648.3043776,0.0557316877429798
