,time,value
0,1650657648.5268457,-0.0222829841150867
1,1650677534.193707,0.0967974398344243
