,time,value
0,1651084687.865127,-0.7911117677661832
1,1651085903.8841672,0.157076463160868
2,1651086852.623147,0.157076463160868
3,1651087135.547307,-1.080319340814956
4,1651087433.476658,-0.6991721637759273
5,1651087718.2537827,0.8025718880593097
6,1651088030.046572,1.5547735945968528
7,1651088351.512191,-1.5547735945968528
8,1651088635.267022,0.5244005127080407
9,1651108582.335636,0.0541283279551668
