,time,value
0,1651084661.392013,-0.8143253003740564
1,1651085891.0252454,0.13690003655428415
2,1651086837.9338675,0.25047530223248166
3,1651087117.4949362,0.6640856194374424
4,1651087417.2971907,0.34365241317811474
5,1651087703.93623,1.791286483037459
6,1651088011.9587703,-0.15660576911585486
7,1651088329.5229928,-1.2208991826821087
8,1651088613.625203,-0.8903399259637328
9,1651108542.9528222,0.022282984115086658
