,time,value
0,1650657648.515349,0.0222829841150866
