,time,value
0,1650896408.8104162,-2.1556486441957885
1,1650902227.8710203,0.21933995556832622
2,1650907773.3787832,-0.46149369421815806
3,1650913454.207965,-0.1457529530180576
4,1650919192.2814548,0.2822161470625082
