,time,value
0,1650657648.3939111,0.011140800566449836
