,time,value
0,1650657648.341018,0.134087563991988
1,1650677533.7099652,0.1231343834950155
