,time,value
0,1651156578.9059868,-0.08996770722237013
1,1651158990.2949693,0.7259947158393042
2,1651161392.2771506,0.7259947158393042
3,1651163794.8966677,0.7259947158393042
4,1651166186.1835763,-0.48754286392033264
5,1651168570.497008,-1.8029921998248657
6,1651170956.7903712,-0.8605486309550952
7,1651173360.3170571,0.7259947158393042
8,1651175763.5028338,-0.08996770722237013
9,1651178168.932081,-0.03342793483025524
