,time,value
0,1650657648.5315208,0.13408756399198804
1,1650677534.1965744,0.055731687742979895
