,time,value
0,1651156558.5962229,0.13424619361999152
1,1651158957.6973596,-0.150570153809167
2,1651161359.4106302,-0.150570153809167
3,1651163766.6428018,0.6673201438265957
4,1651166159.6561365,0.6114114595951746
5,1651168546.5701897,-0.09070739982013287
6,1651170935.772805,1.1861690261641924
7,1651173338.9446886,1.1639495821532648
8,1651175742.761794,0.9700933100660893
9,1651178143.4612954,-1.2553136535822427
10,1651194994.6265848,-0.011368243377525367
