,time,value
0,1650677532.148256,0.06317552608372656
