,time,value
0,1650657648.3912723,0.0668932751937093
1,1650677533.7279794,0.0334279348302552
