,time,value
0,1650657648.3655498,0.20189347914185077
