,time,value
0,1650896409.048556,0.134087563991988
