,time,value
0,1650677532.1446152,0.0222829841150866
