,time,value
0,1650677532.156213,0.0390024870667892
