,time,value
0,1650677532.1733782,0.0417897631850561
