,time,value
0,1650677532.1432068,0.08180790163145442
