,time,value
0,1651084712.6177306,-0.2706416397758346
1,1651085923.580693,-1.4201790692709675
2,1651086869.6153514,0.15660576911585472
3,1651087159.931957,-0.4491363034394247
4,1651087448.7153351,-0.31717461426306087
5,1651087731.2257771,1.171356063490241
6,1651088045.3984532,0.4491363034394247
7,1651088369.8952594,-1.4841174003594797
8,1651088651.2357864,0.2822161470625082
9,1651108627.2942464,0.11163715450694481
