,time,value
0,1650677532.1354065,0.0696975927977846
