,time,value
0,1651084687.873174,-0.7734964495830039
1,1651085903.8924918,-1.6398631128615588
2,1651086852.629541,-0.4913256698014643
3,1651087135.554013,-0.2979835585556691
4,1651087433.483122,1.2119231836469582
5,1651087718.260176,0.4594993337504776
6,1651088030.0530238,0.3634172368351221
7,1651088351.524197,0.1342012356656713
8,1651088635.27886,-0.3969936440672543
9,1651108582.552672,0.00222816011329
