,time,value
0,1650657648.519981,0.0557316877429798
1,1650677534.1896417,0.0780632027652199
