,time,value
0,1650896409.0171962,-0.1345925691006995
1,1650902228.061924,0.1387024058590898
