,time,value
0,1650896409.0772831,0.13411446533179575
1,1650902228.3699048,0.13411446533179575
2,1650907875.1575785,0.38287436972968797
