,time,value
0,1650677532.178833,0.033521890997996975
