,time,value
0,1651156558.6071289,-0.1453607643524984
1,1651158957.7253118,0.1171889505922348
2,1651161359.6078384,-0.1453607643524984
3,1651163766.657131,0.1462477734995719
4,1651166159.7038891,0.1462477734995719
5,1651168546.584239,2.4747396492194813
6,1651170935.7989476,0.1171889505922348
7,1651173338.9600303,1.248621078314512
8,1651175742.7761755,-1.9695593972966896
9,1651178143.4763448,2.4747396492194813
10,1651194994.969527,0.0472256036024012
