,time,value
0,1650896408.8804505,0.5309025754500997
1,1650902227.9323106,1.2828626610306495
2,1650907875.0310087,-1.867825826186108
3,1650913556.6234305,-0.0920405892846082
