,time,value
0,1650896408.8459096,0.1407872846138297
1,1650902227.908353,0.1407872846138297
2,1650907806.3998165,-0.2511178550716995
3,1650913505.4405403,-0.2511178550716995
