,time,value
0,1650896409.0097532,-2.19928174656752
1,1650902228.0532007,0.0566189146958512
2,1650907773.3880315,-0.4782158421217712
3,1650913454.2216327,0.6391235209404311
4,1650919192.2994995,0.2938689694626925
