,time,value
0,1650657648.3859346,0.1566057691158547
1,1650677533.7243123,0.0836918473932789
