,time,value
0,1650657648.2998104,0.0334279348302552
