,time,value
0,1650657648.3596992,0.134087563991988
1,1650677533.71377,0.1147193308421089
