,time,value
0,1650657648.5130332,0.0557316877429798
