,time,value
0,1650896408.793946,1.2324587197131789
1,1650902227.6206408,0.1353436631672308
2,1650907750.7802925,1.8973801936193584
3,1650913433.0544538,-0.8985565917048496
