,time,value
0,1650657648.511945,0.2706416397758346
