,time,value
0,1650896409.0206592,-0.08170077683368797
