,time,value
0,1650896408.8162572,0.13729485553463558
1,1650902227.874996,0.13729485553463558
2,1650907773.3840907,0.561321315710539
3,1650913454.2157836,-0.13459256910069956
4,1650919192.2922378,-1.1068636985914786
