,time,value
0,1650657648.5194333,-0.022282984115086793
