,time,value
0,1650896408.814873,0.157076463160868
1,1650902227.874066,0.157076463160868
2,1650907773.3826404,-0.4768867226372783
3,1650913454.214063,-1.041210684968526
