,time,value
0,1650896408.864996,0.15707646316086807
