,time,value
0,1650677531.550904,0.008356983707563789
