,time,value
0,1650657648.2614567,0.145337454241173
