,time,value
0,1650677531.5609212,0.13491759909876425
