,time,value
0,1650896409.0105822,-0.13408756399198804
1,1650902228.0545475,0.473921964571535
2,1650907773.3886395,-0.1526829571884584
3,1650913454.2222655,-0.1526829571884584
4,1650919192.3006773,1.725460899561607
