,time,value
0,1650677532.1630254,0.1204472296391859
