,time,value
0,1650677532.156213,0.03900248706678928
