,time,value
0,1650677531.565105,0.10907410641968894
