,time,value
0,1651761204.3779314,-1.2089900535709213
1,1651763566.942467,-0.0297180262022154
2,1651766049.0153954,0.7692029955433981
3,1651768462.5282,0.2553144917785326
4,1651770785.2429397,0.8254206619014829
