,time,value
0,1650677532.1721966,0.0892913714598023
