,time,value
0,1650677532.1422017,0.1080068034395152
