,time,value
0,1651156558.6135333,1.1861690261641924
1,1651158957.7474496,0.1453411391662723
2,1651161359.768631,1.822710446846428
3,1651163766.6655116,0.1453411391662723
4,1651166159.717924,0.1453411391662723
5,1651168546.592393,0.1453411391662723
