,time,value
0,1650896409.067631,0.1341375169362545
1,1650902228.3621671,-0.1543055773476262
2,1650907844.5307178,2.8447632422993725
3,1650913535.772655,-0.1543055773476262
4,1650919305.16051,1.36522119913217
