,time,value
0,1650677531.5581691,0.0417897631850561
