,time,value
0,1650896409.0772831,0.1341144653317957
1,1650902228.3699048,0.1341144653317957
2,1650907875.1575785,0.3828743697296879
