,time,value
0,1651084728.529698,0.17920367554535474
1,1651085932.7456648,-0.8064393600225956
2,1651086875.9551816,-0.4895684759903371
3,1651087168.536648,0.8985565917048498
4,1651087456.7896566,-0.12285461884635916
5,1651087737.9249852,0.7170801135685873
6,1651088052.186372,-0.452225651134108
7,1651088381.2324169,-0.7243022317772917
8,1651088660.1231024,-0.07806320276521998
