,time,value
0,1650677532.178833,0.0335218909979969
