,time,value
0,1651501902.5210166,-0.1341161269651213
1,1651504293.353408,-2.150652286609573
2,1651506724.5543723,0.1598945050170962
3,1651509140.165139,-0.1716638950405217
4,1651511539.6902907,-0.2968026977827362
5,1651513911.339093,-0.097676491790893
6,1651516306.6361375,0.5852649482125143
7,1651518698.3777182,2.5530900612797613
8,1651521084.0584736,0.5965485822572304
9,1651523492.839467,1.5611384905867554
