,time,value
0,1650896409.0664291,0.1342457427126931
1,1650902228.361248,0.1342457427126931
2,1650907844.5296776,-0.1345925691006995
3,1650913535.7717872,1.5184980572589315
4,1650919305.1596408,-1.3364732802399202
