,time,value
0,1651156578.9249876,0.15681643796043418
1,1651158990.5281255,0.14804734451290116
2,1651161392.329001,-0.06916060098351277
3,1651163794.9840853,1.4514066228072906
