,time,value
0,1650657648.328062,0.0445770393033232
