,time,value
0,1650677531.6015518,0.11471933084210893
