,time,value
0,1650896408.874364,-0.486423874628588
1,1650902227.9281964,-0.670997342904572
2,1650907844.521531,0.5368920281535807
3,1650913535.7622766,0.0482952554498755
4,1650919305.153029,1.285485150895955
