,time,value
0,1650677532.1833057,0.011140800566449836
