,time,value
0,1650677531.5930014,0.0967974398344243
