,time,value
0,1650984554.8467724,-1.7575584552490702
1,1650987280.298811,2.8447632422993725
2,1650989894.7072196,-0.1581382236845449
3,1650992655.2098966,2.3949668979635588
4,1650995321.411679,-0.1581382236845449
5,1650998038.2371025,2.8447632422993725
6,1651000752.9941175,-0.1581382236845449
7,1651003454.0150778,1.0090681797778769
8,1651006184.6428962,-1.0493754715839336
9,1651022422.9600482,-0.2815745692276596
