,time,value
0,1651084661.3931837,-0.29674163790836994
1,1651085891.0377347,-0.19053631529919546
2,1651086837.943102,0.4246235657803618
3,1651087117.5042725,0.24759931026108395
4,1651087417.3156312,-0.05573168774297976
5,1651087703.9454646,-0.011140800566449697
6,1651088011.9688818,-2.053748910631822
7,1651088329.537485,0.3853256326339689
8,1651088613.6427765,-1.2089900535709213
9,1651108542.9818153,0.03342793483025524
