,time,value
0,1650657648.390627,0.11163715450694481
