,time,value
0,1650896409.0361953,0.13410064270014022
1,1650902228.33509,0.13410064270014022
2,1650907806.409199,-0.22473337825262413
3,1650913505.443998,1.871719985132428
4,1650919231.5899575,0.13410064270014022
