,time,value
0,1650657648.4034233,0.19053631529919576
1,1650677533.7366128,0.03342793483025524
