,time,value
0,1651156578.9294922,-0.1532121454074571
1,1651158991.0498996,-1.2013830444353453
2,1651161392.3386936,-0.944001152532621
3,1651163795.0141895,0.1522626224304709
4,1651166186.2173026,0.5622626311378583
5,1651168570.525579,-0.7220110746204226
6,1651170956.815188,-1.824122744047718
7,1651173360.3846805,2.8447632422993725
8,1651175763.5252612,-0.7220110746204226
9,1651178168.9581563,2.3754278232499573
10,1651195038.0343952,0.3842016454350324
