,time,value
0,1650677531.5584402,0.05852208460566235
