,time,value
0,1650677532.181347,0.094935939485186
