,time,value
0,1650896409.063838,-0.1498926249040053
1,1650902228.3591623,2.8447632422993725
2,1650907844.5276363,0.5116601379289974
3,1650913535.7698214,0.15707646316086807
4,1650919305.1577442,-0.417014327310669
