,time,value
0,1650677532.188163,0.0921138805671232
