,time,value
0,1651501981.3652015,-1.111816098499975
1,1651504322.5995522,0.13631228772109352
2,1651506760.1427479,0.2914183880233405
3,1651509181.931366,-0.593616048460265
4,1651511579.690477,-0.7087000032681615
5,1651513950.05213,-0.9803670812058587
6,1651516338.6832724,0.8764092037967518
