,time,value
0,1651156578.8966362,0.142335035915927
1,1651158990.227287,-0.1347167676193643
2,1651161392.2366374,-0.1347167676193643
3,1651163794.812533,-0.1347167676193643
4,1651166186.1607692,-0.0726171494530421
5,1651168570.421909,-1.7148182490489667
6,1651170956.7811267,0.2514907276955065
