,time,value
0,1650657648.3940904,0.15660576911585472
