,time,value
0,1650896408.8776135,-0.8495855373182969
1,1650902227.930627,0.157076463160868
2,1650907844.5249326,-0.2953028241920903
3,1650913535.7661345,-1.232458719713179
