,time,value
0,1650657648.403998,0.0668932751937093
1,1650677533.7369597,0.0445770393033232
