,time,value
0,1651501902.6438863,0.7436698790647337
1,1651504293.4076107,-0.1466199199841964
2,1651506724.6285865,0.5153195266772566
3,1651509140.1961012,-2.3891327785940035
4,1651511539.7716444,-1.4201790692709682
5,1651513911.4189587,-1.3339439627690652
6,1651516306.8095055,-2.111615083784086
7,1651518698.4136422,0.522016479147694
8,1651521084.121074,2.3279272937216837
9,1651523492.9452136,2.5778417064190235
