,time,value
0,1650896408.998739,2.8447632422993725
1,1650902228.036944,0.445530137188642
2,1650907763.3031323,0.1372948555346355
3,1650913444.773662,0.1372948555346355
4,1650919175.9410276,-1.4148548416511937
