,time,value
0,1650677532.1408615,0.0780632027652199
