,time,value
0,1650896408.788685,0.1546934773295407
1,1650902227.6148932,-0.13413751693625456
2,1650907750.767488,2.3694919645725676
3,1650913433.0498397,0.1546934773295407
4,1650919157.136872,0.4419321168475641
