,time,value
0,1650657648.278641,0.08924287887565444
1,1650677533.6925695,0.011140800566449836
