,time,value
0,1650677531.5492144,0.05852208460566235
