,time,value
0,1651588353.3430989,1.0815561447632749
1,1651590734.8336895,1.2630831258350894
2,1651593160.5475569,-1.0190587965195237
3,1651595542.2697313,-0.5652424725002528
4,1651597937.128428,1.5514251822505982
