,time,value
0,1650896408.8180912,-0.08170077683368797
