,time,value
0,1650896409.0226336,0.5311865430944966
1,1650902228.070434,0.8569645771157138
2,1650907782.0961292,2.349278517280482
