,time,value
0,1650657648.5297432,-0.0780632027652199
1,1650677534.1958332,0.0557316877429798
