,time,value
0,1650677531.5738554,0.07527838652314948
