,time,value
0,1650896408.8687754,-0.6422311612804122
1,1650902227.924208,-0.6422311612804122
2,1650907832.4937613,0.5310952911363659
3,1650913525.4374344,0.5310952911363659
4,1650919288.958372,1.2398376130944948
