,time,value
0,1650677532.1810071,0.0669020847872046
