,time,value
0,1650657648.5339558,0.0
1,1650677534.1983116,0.0111408005664498
