,time,value
0,1650896409.0666256,0.1445841744644009
1,1650902228.3614204,0.134087563991988
2,1650907844.529811,0.1445841744644009
3,1650913535.771918,0.134087563991988
4,1650919305.1597714,0.9324362636709788
