,time,value
0,1650677531.600668,0.1320045490350884
