,time,value
0,1650896409.075178,-0.5514944391728911
1,1650902228.3676755,-0.3678051961757027
2,1650907875.1112382,-0.1341144653317957
