,time,value
0,1650657648.3954716,0.0222829841150866
1,1650677533.73131,0.0669020847872046
