,time,value
0,1650896409.0017734,0.1400270157660542
1,1650902228.0406833,0.1400270157660542
2,1650907763.3080623,-0.1345056891023636
3,1650913444.7766578,-0.1345056891023636
4,1650919175.9449615,0.2560087253161632
5,1650936040.4527926,0.1090207718593776
