,time,value
0,1650677532.1784043,0.0473657014132373
