,time,value
0,1650657648.256765,0.0445770393033232
1,1650677533.6880543,0.022310719718913748
