,time,value
0,1650677531.5694313,0.03342793483025524
