,time,value
0,1650896408.8306556,-1.4247436850980748
1,1650902227.8896189,-0.6147728391486587
2,1650907793.704919,-0.13411446533179575
3,1650913478.0013838,0.15615847838128863
