,time,value
0,1650896408.9892867,-0.14247515083409468
