,time,value
0,1650677531.5694313,0.0334279348302552
