,time,value
0,1650896409.0141854,0.09538285103877762
1,1650902228.059243,-0.6433454053929166
