,time,value
0,1650657648.3010054,0.15660576911585472
1,1650677533.704868,0.022282984115086658
