,time,value
0,1650657648.2854679,0.0445770393033232
1,1650677533.697813,0.027909288626736202
