,time,value
0,1650896409.0498836,-0.8912054902662484
1,1650902228.348285,0.1569913790931254
2,1650907819.0669792,0.337785247409371
3,1650913515.1440732,1.1012269011495333
4,1650919240.3547215,2.8447632422993725
