,time,value
0,1650657648.5264683,0.07806320276521998
1,1650677534.1932175,0.06690208478720465
