,time,value
0,1650896409.0502603,0.7846479575360162
1,1650902228.3486435,-0.5310952911363667
2,1650907819.0672412,2.8447632422993725
3,1650913515.144335,-1.5833718678318232
4,1650919240.355228,-0.6155487934244265
