,time,value
0,1650896409.0126936,-0.15707646316086835
1,1650902228.0576386,-0.1605143776118618
2,1650907773.3903704,-0.011140800566449697
3,1650913454.2239616,-0.1605143776118618
