,time,value
0,1650657648.364506,0.12285461884635916
1,1650677533.7155364,0.13200454903508843
