,time,value
0,1650657648.3948247,0.134087563991988
1,1650677533.7308328,0.0278589199348864
