,time,value
0,1650657648.356028,0.145337454241173
1,1650677533.7121487,0.0668932751937093
