,time,value
0,1650896409.0466251,2.131348590858208
