,time,value
0,1650657648.3569126,0.07806320276521998
1,1650677533.7124808,0.03342793483025524
