,time,value
0,1651588353.133055,1.8443157624859225
1,1651590734.8401926,2.1023961756734235
2,1651593160.5551007,-0.585720213291711
3,1651595542.2801778,0.6182515516644156
4,1651597937.134926,0.6674679212994516
5,1651600349.8031895,-0.732381763794542
6,1651602753.032222,-0.14606310202109224
7,1651605138.0490468,0.6674359187998224
8,1651607546.5416422,-1.2845606870905233
9,1651609937.729013,1.208990053570922
