,time,value
0,1650896408.79609,0.1561584783812886
1,1650902227.6226704,-0.9142524418544916
