,time,value
0,1650657648.3958514,0.1228546188463591
1,1650677533.7315738,0.0111426449434184
