,time,value
0,1651084742.6740294,-1.2566265700156716
1,1651085940.887202,-1.68355065679023
2,1651086882.9865625,-0.8747153362143344
3,1651087188.8665109,-0.87655819837704
4,1651087466.4754496,0.8390018188083895
5,1651087746.3672082,1.777077098777975
6,1651088059.579962,1.208990053570922
7,1651088393.5265307,-0.7572687167233753
8,1651088668.3034194,1.3661683081360625
9,1651108627.2867374,0.0632223143919561
