,time,value
0,1651588328.962209,1.4841174003594793
1,1651590718.0970623,-1.1005073910122758
2,1651593144.0797343,1.4672110134140948
3,1651595524.9439228,0.8433089192300915
4,1651597919.6268525,-0.0027865770797189716
5,1651600331.0071409,-0.8581952920858992
6,1651602736.143574,-0.23259166726103553
7,1651605116.978354,0.6324600645397854
8,1651607530.259595,-1.7079391254391447
9,1651609922.281368,0.40941922111031276
