,time,value
0,1651156533.7675738,-1.5547735945968528
1,1651158934.6278946,0.1483101496623889
2,1651161337.639473,-0.3995842747452074
3,1651163743.6053078,0.1483101496623889
4,1651166137.1624954,0.1483101496623889
5,1651168527.1115923,-0.3904169792186396
6,1651170917.9565604,2.5421160484515464
7,1651173318.8426807,2.261487466206778
8,1651175727.9231176,-1.080319340814956
9,1651178120.837327,0.3035392391744888
10,1651194949.5301814,0.0403354231731292
