,time,value
0,1650896408.847092,-1.5184980572589322
1,1650902227.9098933,0.7127382940312389
2,1650907819.055117,-0.9324362636709792
