,time,value
0,1650657648.3949132,0.1566057691158547
