,time,value
0,1651084674.3618295,2.8447632422993725
1,1651085897.4385035,-1.634174466908069
2,1651086845.894072,-0.7892908673331771
3,1651087126.5776026,-1.2815515655446008
4,1651087426.707127,0.2932663563234777
5,1651087709.843145,-0.1343572948866037
6,1651088021.485599,1.4201790692709686
7,1651088337.333383,-1.777077098777975
8,1651088627.995603,-1.2815515655446008
