,time,value
0,1650896408.80307,0.1400270157660542
1,1650902227.8664553,0.1400270157660542
