,time,value
0,1650896409.0130506,-1.5934310170382
