,time,value
0,1650657648.2848845,0.20189347914185077
