,time,value
0,1650896411.3910248,0.15707646316086807
1,1650902228.3572392,0.15707646316086807
2,1650907832.5072641,-0.13408756399198804
3,1650913525.4454162,-0.13408756399198804
4,1650919288.981369,-1.3902781030993898
