,time,value
0,1650657648.281646,0.1116371545069448
1,1650677533.6944962,0.0780792450220182
