,time,value
0,1650677531.576858,0.061314566498539856
