,time,value
0,1650896408.849893,-0.530950417438153
