,time,value
0,1650677532.1857684,0.0501560982759196
