,time,value
0,1650896408.8462107,0.4714606855775292
1,1650902227.908719,-0.1456704429642405
2,1650907806.4001875,-0.1378677474936079
3,1650913505.4409194,-0.5396137573492138
4,1650919231.588297,0.452151686024338
