,time,value
0,1651084661.3275633,-0.134087563991988
1,1651085891.0419345,-1.232458719713179
2,1651086837.9473915,-1.1422903927149706
3,1651087117.5082405,0.915365087842814
4,1651087417.3230486,0.157076463160868
5,1651087703.9493663,-0.134087563991988
6,1651088011.973461,-1.2566265700156716
7,1651088329.5416162,-1.7254608995616074
8,1651088613.6496673,-0.6952956811911627
9,1651108542.9854224,0.0780632027652199
