,time,value
0,1650677531.5420437,0.11186658831256675
