,time,value
0,1650657648.253084,0.1678940047881054
1,1650677533.685172,0.0780792450220182
