,time,value
0,1650677532.1841323,-0.005571091774318412
