,time,value
0,1650896408.83938,0.15615847838128863
1,1650902227.899712,0.15615847838128863
2,1650907806.3612773,1.380681303713678
