,time,value
0,1650896408.8006542,0.1400270157660542
1,1650902227.864834,0.1400270157660542
2,1650907763.2833188,-0.1345056891023636
3,1650913444.767901,-0.1345056891023636
4,1650919175.9316611,0.25600872531616325
5,1650936040.4261587,0.10902077185937765
