,time,value
0,1651156493.4306974,-0.8656781844563758
1,1651158902.0076046,2.564937656614928
2,1651161316.1275816,1.990606775630472
3,1651163717.8538914,1.1639495821532648
4,1651166093.0518188,1.937577600416699
5,1651168500.7813349,2.567245547489453
6,1651170895.261301,0.4763790873969854
7,1651173296.8494697,0.6422168586041003
8,1651175705.2516265,-1.544753277792994
