,time,value
0,1650677532.1841323,-0.0055710917743184
