,time,value
0,1650896408.8677375,0.157076463160868
