,time,value
0,1651084649.1153193,-0.31133858499097855
