,time,value
0,1651244108.6149323,-0.1425391741910174
1,1651244408.4287856,0.8300531537521842
