,time,value
0,1651156493.4366937,0.13409180026787695
1,1651158902.0155466,2.333595875788106
2,1651161316.1406667,-0.891114029867707
3,1651163717.8625503,-0.15692145272345967
4,1651166093.088267,2.4109214482147436
5,1651168500.7899806,-0.15692145272345967
6,1651170895.2655718,-0.5797876154968071
7,1651173296.8543077,0.48401410472107914
8,1651175705.27179,0.13409180026787695
9,1651178095.4041574,-1.1708744370401458
10,1651194911.6208735,0.03342793483025524
