,time,value
0,1650657648.3789072,-0.022282984115086793
