,time,value
0,1650677532.1857684,0.050156098275919644
