,time,value
0,1650896408.8213744,0.1346912768947592
