,time,value
0,1650896408.8146029,-1.4989756578245015
1,1650902227.8738503,0.15681643796043418
2,1650907773.382155,2.5672455474894535
3,1650913454.2135258,2.333595875788106
