,time,value
0,1650984555.1623487,0.1063336930869212
1,1650987280.2344398,0.993998841669235
2,1650989894.690381,-0.1351904322045902
3,1650992655.1757343,1.1861690261641924
4,1650995321.387997,-0.1119350967457801
5,1650998038.2078648,2.349991977838623
