,time,value
0,1650677531.5960064,0.03342793483025524
