,time,value
0,1650984555.168673,0.1341663107898611
1,1650987280.241372,0.1341663107898611
2,1650989894.6944468,0.1341663107898611
3,1650992655.1817338,-0.1538882082198911
4,1650995321.395108,-0.5762526177174435
5,1650998038.21524,-1.6872905199124686
6,1651000752.9820418,0.0495198620522167
7,1651003454.0033405,0.0495198620522167
8,1651006184.6171868,-1.254508780305711
