,time,value
0,1650896408.8601673,0.13083072315824015
1,1650902227.9196355,0.13083072315824015
2,1650907832.4858181,-0.13459256910069956
3,1650913525.4324834,-0.13459256910069956
4,1650919288.9517522,-0.9674215661017013
