,time,value
0,1650896409.0520573,-0.2126074548100749
1,1650902228.3499088,-0.7544686474612885
