,time,value
0,1650896408.8801785,0.13416631078986113
1,1650902227.9320967,1.8339146358159142
2,1650907844.5266073,1.285134940421776
3,1650913535.769153,0.13416631078986113
4,1650919305.1570768,-0.5317480255516878
