,time,value
0,1650657648.3999333,-0.07806320276521998
1,1650677533.7344525,0.11183093108604159
