,time,value
0,1650896408.8033617,0.1565458146101102
1,1650902227.8666534,-1.6132185913490384
2,1650907763.289804,-0.1341006427001402
3,1650913444.7700548,-0.1341006427001402
4,1650919175.9349675,-0.4959780124688987
5,1650936040.4299293,0.0473657014132373
