,time,value
0,1650657648.3032174,0.1678940047881054
1,1650677533.7055728,0.0631755260837265
