,time,value
0,1650896408.8590474,-0.1458255802278226
1,1650902227.9190257,-0.1458255802278226
