,time,value
0,1650657648.2569306,0.055731687742979895
1,1650677533.6881847,0.008356983707563789
