,time,value
0,1650896409.0520573,-0.21260745481007498
1,1650902228.3499088,-0.7544686474612885
