,time,value
0,1650896409.0101125,0.09117113557928058
1,1650902228.05369,-1.5070378382924479
2,1650907773.3882945,-0.13534366316723093
