,time,value
0,1650657648.3634756,0.0668932751937093
