,time,value
0,1650657648.5158691,0.2246877150727753
1,1650677534.185615,0.03342793483025524
