,time,value
0,1650677532.1863885,0.0362152109485223
