,time,value
0,1650896409.003722,0.9945846631459124
1,1650902228.043424,0.227547790807583
2,1650907763.3108633,-0.0334279348302552
3,1650913444.7781324,-1.3480274978516464
4,1650919175.948787,1.702822163360175
5,1650936040.4558692,0.0222829841150866
