,time,value
0,1650896409.054484,0.5309504174381525
1,1650902228.3517528,0.5309504174381525
2,1650907832.4966664,0.5309504174381525
3,1650913525.439055,-0.6446644190201967
