,time,value
0,1651501941.639233,-0.88849224983172
1,1651504309.0736246,-1.8689772870591363
2,1651506741.7639022,2.8447632422993725
3,1651509159.5113733,1.9233384533715954
4,1651511559.0523903,1.9194214074613494
5,1651513931.4673417,-2.036649097527498
6,1651516322.2788768,-1.0375199942699096
7,1651518718.0496323,0.4915966952360552
8,1651521114.619842,1.280913963348779
9,1651523525.732745,0.4915966952360552
