,time,value
0,1650677531.6019251,0.0111442598258307
