,time,value
0,1651084742.6858876,2.173389622437215
1,1651085940.8972769,-0.1172987915806286
2,1651086882.9943194,-0.9126309013337798
3,1651087188.87554,2.3484445862387835
4,1651087466.4839506,0.8600916106651512
5,1651087746.3801763,-0.13420123566567146
6,1651088059.5887287,-1.5328006619861958
7,1651088393.5358715,0.152932795524143
8,1651088668.3119464,-0.434167624822164
9,1651108627.3144426,0.07807924502201828
