,time,value
0,1651156533.7743595,0.1546934773295407
1,1651158934.6339338,-0.13413751693625456
2,1651161337.6490371,-1.1186488305911713
3,1651163743.6130705,1.0833670478124515
4,1651166137.186054,-0.13413751693625456
5,1651168527.1165037,2.4261017740580777
6,1651170917.9623082,0.8686318614451072
7,1651173318.8485951,-2.005286485246049
8,1651175727.9284956,-0.10718414194289913
9,1651178120.8700693,-0.22211172445990993
10,1651194949.5395517,0.031321153823170966
