,time,value
0,1650657648.3850682,0.1678940047881054
