,time,value
0,1650896408.8135118,0.13408756399198804
1,1650902227.8730934,0.13408756399198804
