,time,value
0,1651084700.7402349,0.3525251714490724
1,1651085911.0378976,0.3356141036441817
2,1651086858.929313,-0.5372265830422973
3,1651087143.3113751,-0.9324362636709792
4,1651087440.3663335,-0.6297030466212713
5,1651087724.3656106,1.725460899561607
6,1651088037.0637283,-0.134087563991988
7,1651088359.9912145,0.3356141036441817
8,1651088644.4107275,-1.2815515655446008
9,1651108582.717759,0.3667829271631828
