,time,value
0,1651156493.433762,-0.486423874628588
