,time,value
0,1650657648.2540917,0.08924287887565444
