,time,value
0,1651156533.664827,-1.1639495821532648
1,1651158934.6289008,1.4841174003594793
