,time,value
0,1650657648.2806916,0.1792036755453547
