,time,value
0,1650657648.5250685,0.2132767449546069
1,1650677534.1921732,0.10056018505850789
