,time,value
0,1650896408.7897062,-2.1556486441957885
1,1650902227.6157706,0.1345925691006995
2,1650907750.7719998,-0.2238490286827028
3,1650913433.0506356,0.1345925691006995
