,time,value
0,1650677531.5384421,0.02506922179387868
