,time,value
0,1650896408.859566,0.2651186449118594
1,1650902227.919287,-2.1556486441957885
2,1650907832.485143,0.2651186449118594
