,time,value
0,1650896408.804251,-0.49900228007558534
1,1650902227.8672652,-1.4841174003594797
2,1650907763.2924345,0.13905618079424592
