,time,value
0,1650657648.254809,0.145337454241173
