,time,value
0,1650677532.151466,0.0818079016314544
