,time,value
0,1650657648.2540915,0.0892428788756544
