,time,value
0,1650896408.8089151,0.1063336930869212
1,1650902227.8703167,-0.1353436631672309
2,1650907773.3772962,1.3339439627690648
3,1650913454.2060218,-1.041210684968526
4,1650919192.278281,0.1265401534201312
