,time,value
0,1650657648.3879278,0.9153650878428139
1,1650677533.7256217,0.13784105563968027
