,time,value
0,1651156558.6121209,0.0558861013928077
1,1651158957.7389078,2.8447632422993725
