,time,value
0,1650896409.0563252,0.1566914830233663
1,1650902228.353104,-0.3760540709370682
2,1650907832.5002184,2.567245547489453
3,1650913525.440765,-0.5500574928061749
4,1650919288.967667,-0.8279146949922166
