,time,value
0,1650657648.511447,-0.06689327519370943
