,time,value
0,1650896409.0050137,1.4514066228072906
1,1650902228.046147,-1.3250623798031902
2,1650907763.3128498,0.4297962846436706
3,1650913444.779153,-1.4841174003594797
4,1650919175.9506688,-1.021604849586594
