,time,value
0,1651084728.5290434,2.349278517280482
1,1651085932.745179,-2.075222248634787
2,1651086875.9547105,-0.45756550819714736
3,1651087168.5357215,-0.6032046006199253
4,1651087456.7891884,-1.1100381802112578
5,1651087737.9245086,-0.1415936323666102
6,1651088052.185879,0.10790735328976628
7,1651088381.2315388,-1.644668057175835
8,1651088660.1221228,1.9071927274212166
9,1651108627.3002512,0.037144302987944515
