,time,value
0,1651156493.2757654,-0.1456173649706567
1,1651158902.0009606,0.1461182931627183
2,1651161316.1146395,-0.1456173649706567
3,1651163717.8459215,0.1461182931627183
4,1651166093.033089,0.1461182931627183
5,1651168500.7747474,0.3968730770571973
6,1651170895.258153,-0.0557316877429797
7,1651173296.8459556,0.7304674317733548
8,1651175705.245372,-0.6284042922183315
9,1651178095.3947926,-0.5720273674459997
10,1651194911.6069007,0.0111408005664498
