,time,value
0,1650657648.3669367,0.13408756399198804
