,time,value
0,1650657648.3887072,0.055731687742979895
1,1650677533.7261708,0.09493593948518603
