,time,value
0,1651156558.6176343,-2.2189826835668165
