,time,value
0,1650677531.6057143,0.12910143883954212
