,time,value
0,1649685595.32137,4.2346754226781895
1,1649686498.768057,0.4307168078360281
2,1649687395.6545925,4.2346754226781895
3,1649688295.3979628,4.2346754226781895
4,1649689195.3034575,1.5009974483786774
5,1649690104.06592,1.383045447663123
6,1649690996.564056,1.382945920193131
7,1649691895.2766254,1.5340502732627133
8,1649701795.6489403,-0.4307168078360283
9,1649702695.1959343,1.5009974483786774
10,1649706295.5971727,-0.5489679540783421
11,1649707195.4194562,-0.2134874703416543
12,1649708095.4762745,0.711792186099463
13,1649708995.243608,-0.2167877675951893
