,time,value
0,1649443494.184542,4.2346754226781895
1,1649444394.36815,4.2346754226781895
2,1649445293.9953594,4.2346754226781895
3,1649448895.6397283,4.2346754226781895
4,1649449795.3501704,4.2346754226781895
