,time,value
0,1649443494.184696,4.2346754226781895
1,1649444394.368268,4.2346754226781895
