,time,value
0,1649443494.1854713,4.2346754226781895
1,1649444394.369311,4.2346754226781895
2,1649445293.9960723,4.2346754226781895
3,1649448895.6403935,4.2346754226781895
4,1649449795.3513176,4.2346754226781895
