,time,value
0,1649443494.1853783,4.2346754226781895
1,1649444394.369196,4.2346754226781895
2,1649445293.996004,4.2346754226781895
