,time,value
0,1649443494.1857903,5.319054083413795
1,1649444394.3695512,5.319054083413795
2,1649445293.9962082,5.319054083413795
3,1649448895.6405244,5.319054083413795
4,1649449795.3515768,5.319054083413795
