,time,value
0,1649443494.1850011,5.319054083413795
1,1649444394.3685067,5.319054083413795
2,1649445293.99556,5.319054083413795
3,1649448895.640054,5.319054083413795
4,1649449795.3504906,5.319054083413795
